More Info|Industry: Auto Parts |Consumer Goods|Auto Parts
ACW|Accuride Corp. |Consumer Goods|Auto Parts
A01.SI|Acma Ltd |Consumer Goods|Auto Parts
AAX.DE|Acma Ltd |Consumer Goods|Auto Parts
ABV.AX|Advanced Braking Technolo |Consumer Goods|Auto Parts
AKN.DE|Aisin Seiki Co., Ltd. |Consumer Goods|Auto Parts
ALSN|Allison Transmission Holdings, |Consumer Goods|Auto Parts
AE2.DE|Alpine Electronics Inc |Consumer Goods|Auto Parts
AMA.AX|AMA Group Ltd |Consumer Goods|Auto Parts
AXL|American Axle & Manufacturing |Consumer Goods|Auto Parts
AYA.DE|American Axle & Mfg Hldgs |Consumer Goods|Auto Parts
AMFORG.BO|Amforge Industries Ltd |Consumer Goods|Auto Parts
AMTEKAUTO.BO|Amtek Auto Ltd |Consumer Goods|Auto Parts
AMTEKAUTO.NS|Amtek Auto Ltd |Consumer Goods|Auto Parts
AMTEKIN.BO|Amtek India Ltd |Consumer Goods|Auto Parts
AMTEKINDI.NS|Amtek India Ltd |Consumer Goods|Auto Parts
ANGAUTO.BO|ANG Industries Ltd |Consumer Goods|Auto Parts
ANGIND.NS|ANG Industries Ltd |Consumer Goods|Auto Parts
ARTET.PA|Artea SA |Consumer Goods|Auto Parts
MEDE.PA|Artea SA |Consumer Goods|Auto Parts
ASAHI.BO|Asahi India Glass Ltd |Consumer Goods|Auto Parts
ASAHIINDI.NS|Asahi India Glass Ltd |Consumer Goods|Auto Parts
ASJ.DE|Astra International Tbk |Consumer Goods|Auto Parts
AUTOIND.BO|Autoline Industries Ltd |Consumer Goods|Auto Parts
AUTOIND.NS|Autoline Industries Ltd |Consumer Goods|Auto Parts
AUTOLITE.BO|Autolite (India) Ltd |Consumer Goods|Auto Parts
AUTOLITIND.NS|Autolite (India) Ltd |Consumer Goods|Auto Parts
ALIV-SDB.ST|Autoliv Inc |Consumer Goods|Auto Parts
LIV.DE|Autoliv Inc |Consumer Goods|Auto Parts
LIVS.DE|Autoliv Inc |Consumer Goods|Auto Parts
ALV|Autoliv, Inc. |Consumer Goods|Auto Parts
ACGL.BO|Automobile Corp of GOA Ltd |Consumer Goods|Auto Parts
AM.TO|Automodular Corp |Consumer Goods|Auto Parts
AUTOAXLES.BO|Automotive Axles Ltd |Consumer Goods|Auto Parts
AUTOAXLES.NS|Automotive Axles Ltd |Consumer Goods|Auto Parts
ASAL.BO|Automotive Stampings |Consumer Goods|Auto Parts
ASAL.NS|Automotive Stampings |Consumer Goods|Auto Parts
ATAR|Avatar Ventures Corp. |Consumer Goods|Auto Parts
BANCO.BO|Banco Products India Ltd |Consumer Goods|Auto Parts
BANCOINDI.NS|Banco Products India Ltd |Consumer Goods|Auto Parts
BKS3.DE|BBS Kraftfahrzeugtechnik AG |Consumer Goods|Auto Parts
BDT.DE|Bertrandt AG |Consumer Goods|Auto Parts
BHARATFOR.NS|Bharat Forge Ltd |Consumer Goods|Auto Parts
BHARATFORG.BO|Bharat Forge Ltd |Consumer Goods|Auto Parts
BHARATGE.BO|Bharat Gears Ltd |Consumer Goods|Auto Parts
BHARATGEA.NS|Bharat Gears Ltd |Consumer Goods|Auto Parts
BHARATSE.BO|Bharat Seats Ltd |Consumer Goods|Auto Parts
BIMETAL.BO|Bimetal Bearings Ltd |Consumer Goods|Auto Parts
BIMETAL.NS|Bimetal Bearings Ltd |Consumer Goods|Auto Parts
BGW.DE|BorgWarner Inc |Consumer Goods|Auto Parts
BWA|BorgWarner Inc. |Consumer Goods|Auto Parts
BOSCHL.BO|Bosch Ltd |Consumer Goods|Auto Parts
BOSCHLTD.NS|Bosch Ltd |Consumer Goods|Auto Parts
BRAKAUT.BO|Brakes Auto (India) Ltd |Consumer Goods|Auto Parts
BRE.MI|Brembo |Consumer Goods|Auto Parts
BUR.PA|Burelle |Consumer Goods|Auto Parts
T42.SI|China Auto Electronics Gr |Consumer Goods|Auto Parts
RYV.DE|China Automotive Systems Inc |Consumer Goods|Auto Parts
CAAS|China Automotive Systems Inc. |Consumer Goods|Auto Parts
GU5.SI|China Kunda Technology |Consumer Goods|Auto Parts
ZX|China Zenix Auto International |Consumer Goods|Auto Parts
2722.HK|Chongqing Machin & Electr |Consumer Goods|Auto Parts
CAP.L|Clean Air Power Ltd |Consumer Goods|Auto Parts
CLUTCH.BO|Clutch Auto Ltd |Consumer Goods|Auto Parts
CLUTCHAUT.NS|Clutch Auto Ltd |Consumer Goods|Auto Parts
COTE|Coates International Ltd. |Consumer Goods|Auto Parts
CON.DE|Continental AG |Consumer Goods|Auto Parts
CPS|Cooper-Standard Holdings Inc. |Consumer Goods|Auto Parts
DAN|Dana Holding Corporation |Consumer Goods|Auto Parts
DDT.AX|DataDot Technology Ltd |Consumer Goods|Auto Parts
DELF.PA|Delfingen Industry |Consumer Goods|Auto Parts
DLPH|Delphi Automotive PLC |Consumer Goods|Auto Parts
DNO.DE|Denso Corp |Consumer Goods|Auto Parts
6605.TW|Depo Auto Parts |Consumer Goods|Auto Parts
BAZA189.SA|DHB Industria e Comercio SA |Consumer Goods|Auto Parts
0489.HK|Dongfeng Motor Group Co Ltd |Consumer Goods|Auto Parts
DORM|Dorman Products, Inc. |Consumer Goods|Auto Parts
5D4.DE|Douglas Dynamics Inc |Consumer Goods|Auto Parts
PLOW|Douglas Dynamics, Inc. |Consumer Goods|Auto Parts
MLDYN.PA|Dynafond SA |Consumer Goods|Auto Parts
DYNAMATE.BO|Dynamatic Technologies Ltd |Consumer Goods|Auto Parts
DYNAMATEC.NS|Dynamatic Technologies Ltd |Consumer Goods|Auto Parts
ECAU|Echo Automotive Inc. |Consumer Goods|Auto Parts
KPI-H.V|Edgewater Wireless Systems Inc |Consumer Goods|Auto Parts
ZIL2.DE|ElringKlinger AG |Consumer Goods|Auto Parts
ENPT|Enerpulse Technologies, Inc. |Consumer Goods|Auto Parts
XTC.TO|Exco Technologies Ltd |Consumer Goods|Auto Parts
EXIDEIND.BO|Exide Industries Ltd |Consumer Goods|Auto Parts
EXIDEIND.NS|Exide Industries Ltd |Consumer Goods|Auto Parts
FCV.DE|F.C.C.CO., Ltd. |Consumer Goods|Auto Parts
EO.PA|Faurecia SA |Consumer Goods|Auto Parts
EONV.PA|Faurecia SA |Consumer Goods|Auto Parts
FAU.DE|Faurecia SA |Consumer Goods|Auto Parts
FEDMOGGOE.BO|Federal-Mogul Goetze |Consumer Goods|Auto Parts
FMGOETZE.NS|Federal-Mogul Goetze |Consumer Goods|Auto Parts
FDML|Federal-Mogul Holdings Corpora |Consumer Goods|Auto Parts
FIEMIND.BO|FIEM Industries Ltd |Consumer Goods|Auto Parts
FIEMIND.NS|FIEM Industries Ltd |Consumer Goods|Auto Parts
BAZA270.SA|Fras-le SA |Consumer Goods|Auto Parts
FDOC|Fuel Doctor Holdings, Inc. |Consumer Goods|Auto Parts
IT2A.DE|Fuel Systems Solutions Inc |Consumer Goods|Auto Parts
FSYS|Fuel Systems Solutions, Inc. |Consumer Goods|Auto Parts
GSAUTO.BO|G S Auto International Ltd |Consumer Goods|Auto Parts
GABRIEL.BO|Gabriel India Ltd |Consumer Goods|Auto Parts
GABRIEL.NS|Gabriel India Ltd |Consumer Goods|Auto Parts
GAJRA.BO|Gajra Bevel Gears Ltd |Consumer Goods|Auto Parts
GTX.DE|Gentex Corp |Consumer Goods|Auto Parts
GNTX|Gentex Corp. |Consumer Goods|Auto Parts
QA4A.DE|Gentherm Inc |Consumer Goods|Auto Parts
THRM|Gentherm Incorporated |Consumer Goods|Auto Parts
THRM|Gentherm Incorporated |Consumer Goods|Auto Parts
GKN.DE|GKN PLC |Consumer Goods|Auto Parts
GKN.L|GKN PLC |Consumer Goods|Auto Parts
GKWLIMITE.NS|GKW Ltd |Consumer Goods|Auto Parts
1524.TW|Gordon Auto Body Parts Co Ltd |Consumer Goods|Auto Parts
GMM.DE|Grammer AG |Consumer Goods|Auto Parts
2238.HK|Guangzhou Automobile |Consumer Goods|Auto Parts
GUJAUTO.BO|Gujarat Automotive Gears Ltd. |Consumer Goods|Auto Parts
GVLT.PA|Gévelot |Consumer Goods|Auto Parts
HLDX.ST|Haldex AB |Consumer Goods|Auto Parts
HLV.DE|Haldex AB |Consumer Goods|Auto Parts
H9W.DE|Hans-Werner Aufrecht AG |Consumer Goods|Auto Parts
HARITASEA.BO|Harita Seating Systems Ltd |Consumer Goods|Auto Parts
HARITASEA.NS|Harita Seating Systems Ltd |Consumer Goods|Auto Parts
HELLAIND.BO|Hella India Lighting Ltd |Consumer Goods|Auto Parts
HITECHGE.BO|Hi-Tech Gears Ltd |Consumer Goods|Auto Parts
HITECHGEA.NS|Hi-Tech Gears Ltd |Consumer Goods|Auto Parts
HINDUJAFO.BO|Hinduja Foundries Ltd |Consumer Goods|Auto Parts
HINDUJAFO.NS|Hinduja Foundries Ltd |Consumer Goods|Auto Parts
HINDCOMPO.NS|Hindustan Composites Ltd |Consumer Goods|Auto Parts
HINDCOMPQ.BO|Hindustan Composites Ltd |Consumer Goods|Auto Parts
HINDHARD.BO|Hindustan Hardy Spicer Ltd |Consumer Goods|Auto Parts
1536.TW|Hota Industrial Mfg Co Ltd |Consumer Goods|Auto Parts
CGIGARSH.BO|Igarashi Motors India Ltd |Consumer Goods|Auto Parts
IGARASHI.NS|Igarashi Motors India Ltd |Consumer Goods|Auto Parts
IMPAL.BO|India Motor Parts |Consumer Goods|Auto Parts
IMPAL.NS|India Motor Parts |Consumer Goods|Auto Parts
INDIANIPPON.BO|India Nippon Electricals Ltd |Consumer Goods|Auto Parts
INDNIPPON.NS|India Nippon Electricals Ltd |Consumer Goods|Auto Parts
BAZA461.SA|Iochpe-Maxion SA |Consumer Goods|Auto Parts
IPRINGLTD.NS|IP Rings Ltd |Consumer Goods|Auto Parts
IPRINGS.BO|IP Rings Ltd |Consumer Goods|Auto Parts
IQPB.DE|iQ Power AG |Consumer Goods|Auto Parts
ISTLTD.BO|IST Ltd |Consumer Goods|Auto Parts
J17.SI|Jackspeed Corp Ltd |Consumer Goods|Auto Parts
JAGANLAM.BO|Jagan Lamps Ltd |Consumer Goods|Auto Parts
JAMNAAUTO.NS|Jamna Auto Industries Ltd |Consumer Goods|Auto Parts
JAMNAUTO.BO|Jamna Auto Industries Ltd |Consumer Goods|Auto Parts
JAYBARMAR.NS|Jay Bharat Maruti Ltd |Consumer Goods|Auto Parts
JBML.BO|Jay Bharat Maruti Ltd |Consumer Goods|Auto Parts
JAYUSH.BO|Jay Ushin Ltd |Consumer Goods|Auto Parts
JBMA.BO|JBM Auto Ltd |Consumer Goods|Auto Parts
JBMA.NS|JBM Auto Ltd |Consumer Goods|Auto Parts
2442.TW|Jean Co Ltd |Consumer Goods|Auto Parts
0872.HK|Jinheng Automotive Safety |Consumer Goods|Auto Parts
JMTAUTO.BO|JMT Auto Ltd |Consumer Goods|Auto Parts
JMTAUTOLT.NS|JMT Auto Ltd |Consumer Goods|Auto Parts
JCN.DE|Johnson Controls Inc |Consumer Goods|Auto Parts
JCI|Johnson Controls Inc. |Consumer Goods|Auto Parts
6JK.DE|JTEKT Corp |Consumer Goods|Auto Parts
1512.TW|Jui Li Enterprise Co Ltd |Consumer Goods|Auto Parts
KALYFRG.BO|Kalyani Forge Ltd |Consumer Goods|Auto Parts
KARMOB.BO|Kar Mobiles Ltd |Consumer Goods|Auto Parts
KEWIND.BO|KEW Industries Ltd |Consumer Goods|Auto Parts
1525.TW|Kian Shen Corp |Consumer Goods|Auto Parts
KINETICE.BO|Kinetic Engineering Ltd |Consumer Goods|Auto Parts
K3A.DE|Kongsberg Automotive |Consumer Goods|Auto Parts
KOA.OL|Kongsberg Automotive |Consumer Goods|Auto Parts
KOAO.ST|Kongsberg Automotive |Consumer Goods|Auto Parts
KHTC.L|Kumho Tire Co Inc |Consumer Goods|Auto Parts
ARQ.DE|Landi Renzo |Consumer Goods|Auto Parts
LR.MI|Landi Renzo |Consumer Goods|Auto Parts
BELI.PA|Le Belier |Consumer Goods|Auto Parts
LE6N.DE|Lear Corp |Consumer Goods|Auto Parts
LEA|Lear Corp. |Consumer Goods|Auto Parts
LEO.DE|Leoni AG |Consumer Goods|Auto Parts
LGBBROSLT.NS|LG Balakrishnan & Bros Ltd |Consumer Goods|Auto Parts
LGBROS.BO|LG Balakrishnan & Bros Ltd |Consumer Goods|Auto Parts
LNR.DE|Linamar Corporation |Consumer Goods|Auto Parts
LNR.TO|Linamar Corporation |Consumer Goods|Auto Parts
MLION.PA|Lionax International |Consumer Goods|Auto Parts
E94.SI|Lizhong Wheel Group Ltd |Consumer Goods|Auto Parts
LKQ|LKQ Corp. |Consumer Goods|Auto Parts
LUMAXTECH.BO|Lumax Auto Technologies Ltd |Consumer Goods|Auto Parts
LUMAXTECH.NS|Lumax Auto Technologies Ltd |Consumer Goods|Auto Parts
LUMAXAU.BO|Lumax Automotive Systems Ltd |Consumer Goods|Auto Parts
LUMAXAUTO.NS|Lumax Automotive Systems Ltd |Consumer Goods|Auto Parts
LUMAXIND.BO|Lumax Industries Ltd |Consumer Goods|Auto Parts
LUMAXIND.NS|Lumax Industries Ltd |Consumer Goods|Auto Parts
LDL|Lydall, Inc. |Consumer Goods|Auto Parts
V94.DE|Mabuchi Motor Co., Ltd. |Consumer Goods|Auto Parts
MG-A.TO|Magna International Inc |Consumer Goods|Auto Parts
MGA.DE|Magna International Inc |Consumer Goods|Auto Parts
MGAN.MX|Magna International Inc |Consumer Goods|Auto Parts
MAHSCOOTE.NS|Maharashtra Scooters Ltd |Consumer Goods|Auto Parts
MAHSCOOTER.BO|Maharashtra Scooters Ltd |Consumer Goods|Auto Parts
BAUH389.SA|MAHLE-Metal Leve SA |Consumer Goods|Auto Parts
MAJESAUT.BO|Majestic Auto Ltd |Consumer Goods|Auto Parts
MWWC|Marketing Worldwide Corp |Consumer Goods|Auto Parts
MWWC|Marketing Worldwide Corp |Consumer Goods|Auto Parts
MRE.TO|Martinrea International Inc |Consumer Goods|Auto Parts
MENONBE.BO|Menon Bearings Ltd |Consumer Goods|Auto Parts
MENNPIS.BO|Menon Pistons Ltd |Consumer Goods|Auto Parts
MTOR|Meritor, Inc. |Consumer Goods|Auto Parts
BAUH202.SA|Metalurgica Duque SA |Consumer Goods|Auto Parts
BAZA578.SA|Metalurgica Riosulense SA |Consumer Goods|Auto Parts
MGIC.PA|MGI Coutier |Consumer Goods|Auto Parts
MLR|Miller Industries Inc. |Consumer Goods|Auto Parts
MLR.V|Miller Industries Inc. |Consumer Goods|Auto Parts
MINDACORP.NS|Minda Corp Ltd |Consumer Goods|Auto Parts
MINDA.BO|Minda Industries Ltd |Consumer Goods|Auto Parts
MINDAIND.NS|Minda Industries Ltd |Consumer Goods|Auto Parts
M3I.DE|Minth Group Ltd |Consumer Goods|Auto Parts
0425.HK|Minth Group Ltd. |Consumer Goods|Auto Parts
MIRG.BA|Mirgor SA C I F I A |Consumer Goods|Auto Parts
1533.TW|Mobiletron Electronics Co Ltd |Consumer Goods|Auto Parts
MBR.MI|Modelleria Brambilla SpA |Consumer Goods|Auto Parts
MMF.DE|Modine Manufacturing Co |Consumer Goods|Auto Parts
MOD|Modine Manufacturing Company |Consumer Goods|Auto Parts
MNRO|Monro Muffler Brake Inc. |Consumer Goods|Auto Parts
MON.PA|Montupet |Consumer Goods|Auto Parts
MOTHERSUM.NS|Motherson Sumi Systems Ltd |Consumer Goods|Auto Parts
MOTHERSUMI.BO|Motherson Sumi Systems Ltd |Consumer Goods|Auto Parts
MPAA|Motorcar Parts of America, Inc |Consumer Goods|Auto Parts
QGH.DE|Multistrada Arah Sarana Tbk |Consumer Goods|Auto Parts
MUNJALAU.BO|Munjal Auto Industries Ltd. |Consumer Goods|Auto Parts
MUNJALAU.NS|Munjal Auto Industries Ltd. |Consumer Goods|Auto Parts
MUNJALSHO.NS|Munjal Showa Ltd |Consumer Goods|Auto Parts
MUNJALSHOWA.BO|Munjal Showa Ltd |Consumer Goods|Auto Parts
0360.HK|New Focus Auto Tech |Consumer Goods|Auto Parts
9106.TW|New Focus Auto Tech Hldgs |Consumer Goods|Auto Parts
NGK.DE|NGK Spark Plug Co., Ltd. |Consumer Goods|Auto Parts
NHK.DE|NHK Spring Co., Ltd. |Consumer Goods|Auto Parts
2339.HK|Norstar Founders Group Ltd. |Consumer Goods|Auto Parts
NRB.BO|NRB Bearings Ltd |Consumer Goods|Auto Parts
NRBBEARIN.NS|NRB Bearings Ltd |Consumer Goods|Auto Parts
OMAX.BO|Omax Autos Ltd |Consumer Goods|Auto Parts
OMAXAUTO.NS|Omax Autos Ltd |Consumer Goods|Auto Parts
OREA.DE|Orbital Corp Ltd |Consumer Goods|Auto Parts
OEC.AX|Orbital Corporation Limited |Consumer Goods|Auto Parts
PIH.TO|Pacific Insight |Consumer Goods|Auto Parts
PKL.DE|Pankl Racing Systems AG |Consumer Goods|Auto Parts
PGN.DE|paragon AG |Consumer Goods|Auto Parts
PBS.DE|Pep Boys - Manny Moe & Jack |Consumer Goods|Auto Parts
BAUH512.SA|Plascar Participacoes |Consumer Goods|Auto Parts
EZM.DE|Plastic Omnium |Consumer Goods|Auto Parts
POM.PA|Plastic Omnium |Consumer Goods|Auto Parts
PORWAL.BO|Porwal Auto Components Ltd |Consumer Goods|Auto Parts
PPAP.BO|PPAP Automotive Ltd |Consumer Goods|Auto Parts
PPAP.NS|PPAP Automotive Ltd |Consumer Goods|Auto Parts
PRICOL.BO|Pricol Ltd |Consumer Goods|Auto Parts
PRICOL.NS|Pricol Ltd |Consumer Goods|Auto Parts
PWO.DE|Progress-Werk Oberkirch AG |Consumer Goods|Auto Parts
PFTI|Puradyn Filter Technologies In |Consumer Goods|Auto Parts
QTWW|Quantum Fuel Systems Technolog |Consumer Goods|Auto Parts
QTWW|Quantum Fuel Systems Technolog |Consumer Goods|Auto Parts
RANEMADRAS.BO|Rane (Madras) Ltd |Consumer Goods|Auto Parts
RML.NS|Rane (Madras) Ltd |Consumer Goods|Auto Parts
RANEBRK.BO|Rane Brake Linings Ltd |Consumer Goods|Auto Parts
RBL.NS|Rane Brake Linings Ltd |Consumer Goods|Auto Parts
RANEENGIN.NS|Rane Engine Valve Ltd |Consumer Goods|Auto Parts
RANENG.BO|Rane Engine Valve Ltd |Consumer Goods|Auto Parts
RANEHOLD.BO|Rane Holdings Ltd |Consumer Goods|Auto Parts
RANEHOLDI.NS|Rane Holdings Ltd |Consumer Goods|Auto Parts
RASANDIK.BO|Rasandik Eng Indus India |Consumer Goods|Auto Parts
SANLUISCPO.MX|Rassini SAB de CV |Consumer Goods|Auto Parts
RAUNAQAU.BO|Raunaq Automotive |Consumer Goods|Auto Parts
REMSONQ.BO|Remsons Industries Ltd |Consumer Goods|Auto Parts
REMSONSIN.NS|Remsons Industries Ltd |Consumer Goods|Auto Parts
REMY|Remy International, Inc. |Consumer Goods|Auto Parts
RICOAUTO.BO|Rico Auto Industries Ltd |Consumer Goods|Auto Parts
RICOAUTO.NS|Rico Auto Industries Ltd |Consumer Goods|Auto Parts
1506.TW|Right Way Industrial Co Ltd |Consumer Goods|Auto Parts
SFQ.DE|SAF Holland SA |Consumer Goods|Auto Parts
SAINTGOBAIN.BO|Saint Gobain Sekurit India Ltd |Consumer Goods|Auto Parts
SAMKRG.BO|Samkrg Pistons and Rings Ltd |Consumer Goods|Auto Parts
SOE1.DE|Sanden Corp |Consumer Goods|Auto Parts
SANLUISA.MX|Sanluis Corporacion SAB de CV |Consumer Goods|Auto Parts
SBS.CO|Scandinavian Brake Systems A/S |Consumer Goods|Auto Parts
SFC.AX|Schaffer Corp Ltd |Consumer Goods|Auto Parts
SSDUNC.BO|Schrader Duncan Ltd |Consumer Goods|Auto Parts
BAZA603.SA|Schulz SA |Consumer Goods|Auto Parts
SETCO.BO|Setco Automotive Ltd |Consumer Goods|Auto Parts
SHIVAM.BO|Shivam Autotech Ltd |Consumer Goods|Auto Parts
SHIVAMAUT.NS|Shivam Autotech Ltd |Consumer Goods|Auto Parts
SW1.DE|SHW AG |Consumer Goods|Auto Parts
SIBARAUT.BO|Sibar Auto Parts Ltd |Consumer Goods|Auto Parts
SIMMOND.BO|Simmonds-Marshall Ltd |Consumer Goods|Auto Parts
0729.HK|Sinopoly Battery Limited |Consumer Goods|Auto Parts
SHIMOGA.BO|Smiths & Founders (India) Ltd |Consumer Goods|Auto Parts
SO.MI|Sogefi |Consumer Goods|Auto Parts
SPCL|Solaris Power Cells, Inc. |Consumer Goods|Auto Parts
PSQ.DE|Somboon Advance Technology PLC |Consumer Goods|Auto Parts
SONAKOYA.BO|Sona Koyo Steering Systems Ltd |Consumer Goods|Auto Parts
SONASTEER.NS|Sona Koyo Steering Systems Ltd |Consumer Goods|Auto Parts
SSA.V|Spectra Inc |Consumer Goods|Auto Parts
SPECTRA.BO|Spectra Industries Ltd |Consumer Goods|Auto Parts
ATJ.AX|Sprintex Ltd |Consumer Goods|Auto Parts
SIX.AX|Sprintex Ltd |Consumer Goods|Auto Parts
S29.SI|Stamford Tyres Corp Ltd |Consumer Goods|Auto Parts
SMP|Standard Motor Products Inc. |Consumer Goods|Auto Parts
SMP.V|Standard Motor Products Inc. |Consumer Goods|Auto Parts
STAA.DE|Stanley Electric Co., Ltd. |Consumer Goods|Auto Parts
SSWL.NS|Steel Strips Wheels Ltd |Consumer Goods|Auto Parts
STEELSTR.BO|Steel Strips Wheels Ltd |Consumer Goods|Auto Parts
SRI|Stoneridge Inc. |Consumer Goods|Auto Parts
STRT|STRATTEC Security Corporation |Consumer Goods|Auto Parts
MLSTR.PA|Streit Industries |Consumer Goods|Auto Parts
SUBROS.BO|Subros Ltd |Consumer Goods|Auto Parts
SUBROS.NS|Subros Ltd |Consumer Goods|Auto Parts
SUNDRMBRA.NS|Sundaram Brake Linings Ltd |Consumer Goods|Auto Parts
SUNDRMBRAK.BO|Sundaram Brake Linings Ltd |Consumer Goods|Auto Parts
SUNCLAYTO.NS|Sundaram Clayton Ltd |Consumer Goods|Auto Parts
SUNDRMCLAY.BO|Sundaram Clayton Ltd |Consumer Goods|Auto Parts
SUNDRMFAS.NS|Sundaram Fasteners Ltd |Consumer Goods|Auto Parts
SUNDRMFAST.BO|Sundaram Fasteners Ltd |Consumer Goods|Auto Parts
SUP|Superior Industries Internatio |Consumer Goods|Auto Parts
SNL.AX|Supply Network Ltd |Consumer Goods|Auto Parts
SUPRAENG.BO|Suprajit Engineering Ltd |Consumer Goods|Auto Parts
SUPRAJIT.NS|Suprajit Engineering Ltd |Consumer Goods|Auto Parts
SCE.L|Surface Transforms PLC |Consumer Goods|Auto Parts
SWARAJENG.BO|Swaraj Engines Ltd |Consumer Goods|Auto Parts
SWARAJENG.NS|Swaraj Engines Ltd |Consumer Goods|Auto Parts
SJS.DE|Sypris Solutions Inc |Consumer Goods|Auto Parts
SYPR|Sypris Solutions Inc. |Consumer Goods|Auto Parts
1521.TW|Ta Yih Industrial Co Ltd |Consumer Goods|Auto Parts
TALBROAUT.NS|Talbros Automotive |Consumer Goods|Auto Parts
TALBROSQ.BO|Talbros Automotive |Consumer Goods|Auto Parts
TNN.DE|Tenneco Inc |Consumer Goods|Auto Parts
TEN|Tenneco Inc. |Consumer Goods|Auto Parts
1319.TW|Tong Yang Industry Co Ltd |Consumer Goods|Auto Parts
TXIC|Tongxin International, Ltd. |Consumer Goods|Auto Parts
TQ5.DE|Torotrak PLC |Consumer Goods|Auto Parts
TRK.L|Torotrak PLC |Consumer Goods|Auto Parts
TOVC|Torvec, Inc. |Consumer Goods|Auto Parts
TOWR|Tower International, Inc. |Consumer Goods|Auto Parts
TY7.DE|Toyota Boshoku Corp |Consumer Goods|Auto Parts
TRT.L|Transense Technologies PLC |Consumer Goods|Auto Parts
TRITONV.BO|Triton Valves Ltd |Consumer Goods|Auto Parts
TQT.DE|TRW Automotive Holdings Corp |Consumer Goods|Auto Parts
TRW|TRW Automotive Holdings Corp. |Consumer Goods|Auto Parts
TUBEINVES.NS|Tube Investments Of India Ltd |Consumer Goods|Auto Parts
TUBEINVEST.BO|Tube Investments Of India Ltd |Consumer Goods|Auto Parts
BAUH741.SA|Tupy SA |Consumer Goods|Auto Parts
TTEG|Turbine Truck Engines Inc. |Consumer Goods|Auto Parts
TIN.DE|Twintec AG |Consumer Goods|Auto Parts
1522.TW|Tyc Brother Industrial Co Ltd |Consumer Goods|Auto Parts
UCALFUEL.BO|UCAL Fuel Systems Ltd |Consumer Goods|Auto Parts
UCALFUEL.NS|UCAL Fuel Systems Ltd |Consumer Goods|Auto Parts
UNS.TO|Uni-Select Inc |Consumer Goods|Auto Parts
UQM.DE|UQM Technologies Inc |Consumer Goods|Auto Parts
UQM|UQM Technologies Inc. |Consumer Goods|Auto Parts
FR.PA|Valeo SA |Consumer Goods|Auto Parts
VSA.DE|Valeo SA |Consumer Goods|Auto Parts
VBG-B.ST|VBG Group AB |Consumer Goods|Auto Parts
VC|Visteon Corporation |Consumer Goods|Auto Parts
VOXX|VOXX International Corporation |Consumer Goods|Auto Parts
VYVRAUT.BO|Vybra Automet Ltd |Consumer Goods|Auto Parts
WB0.DE|Wabco Holdings Inc |Consumer Goods|Auto Parts
WBC|WABCO Holdings Inc. |Consumer Goods|Auto Parts
WABCO-TVS.NS|WABCO India Ltd |Consumer Goods|Auto Parts
WABCOTVS.BO|WABCO India Ltd |Consumer Goods|Auto Parts
WPIA.DE|Westport Innovations Inc |Consumer Goods|Auto Parts
WPT.TO|Westport Innovations Inc |Consumer Goods|Auto Parts
WPRT|Westport Innovations Inc. |Consumer Goods|Auto Parts
BAUH461.SA|Wetzel SA |Consumer Goods|Auto Parts
BAUH462.SA|Wetzel SA |Consumer Goods|Auto Parts
WHEELS.BO|Wheels India Ltd |Consumer Goods|Auto Parts
WHEELS.NS|Wheels India Ltd |Consumer Goods|Auto Parts
FARE|World Moto Inc. |Consumer Goods|Auto Parts
1899.HK|Xingda International |Consumer Goods|Auto Parts
XDH.DE|Xingda International |Consumer Goods|Auto Parts
Y08.SI|YHI International Ltd |Consumer Goods|Auto Parts
ZFSTEER.BO|ZF Steering Gear (India) Ltd |Consumer Goods|Auto Parts
8273.HK|Zhejiang Prospect Co., Ltd. |Consumer Goods|Auto Parts
8331.HK|Zhejiang Shibao Co., Ltd. |Consumer Goods|Auto Parts
