More Info|Industry: Beverages - Soft Drinks |Consumer Goods|Beverages - Soft Drinks
ARCA.MX|Arca Continental SAB de CV |Consumer Goods|Beverages - Soft Drinks
ASIANTNE.BO|Asian Tea & Exports Ltd |Consumer Goods|Beverages - Soft Drinks
ATCOCORP.BO|Atco Corp Ltd. |Consumer Goods|Beverages - Soft Drinks
ATTD|Attitude Drinks Incorporated |Consumer Goods|Beverages - Soft Drinks
ATTD|Attitude Drinks Incorporated |Consumer Goods|Beverages - Soft Drinks
BRFH|Barfresh Food Group Inc |Consumer Goods|Beverages - Soft Drinks
BAG.L|Barr (A G) PLC |Consumer Goods|Beverages - Soft Drinks
BVIC.L|Britvic PLC |Consumer Goods|Beverages - Soft Drinks
CELH|Celsius Holdings, Inc. |Consumer Goods|Beverages - Soft Drinks
0359.HK|China Haisheng Juice |Consumer Goods|Beverages - Soft Drinks
CCL.AX|Coca-Cola Amatil Ltd |Consumer Goods|Beverages - Soft Drinks
CCL.DE|Coca-Cola Amatil Ltd |Consumer Goods|Beverages - Soft Drinks
CC5.DE|Coca-Cola Bottling Co |Consumer Goods|Beverages - Soft Drinks
COKE|Coca-Cola Bottling Co. Consoli |Consumer Goods|Beverages - Soft Drinks
CCC3.DE|Coca-Cola Co |Consumer Goods|Beverages - Soft Drinks
COCA34.SA|Coca-Cola Co |Consumer Goods|Beverages - Soft Drinks
KO.BA|Coca-Cola Co |Consumer Goods|Beverages - Soft Drinks
KO.MX|Coca-Cola Co |Consumer Goods|Beverages - Soft Drinks
CCE.PA|Coca-Cola Enterprises Inc |Consumer Goods|Beverages - Soft Drinks
CCE|Coca-Cola Enterprises Inc. |Consumer Goods|Beverages - Soft Drinks
KOF|Coca-Cola FEMSA S.A.B de C.V. |Consumer Goods|Beverages - Soft Drinks
CFSL.DE|Coca-Cola Femsa SAB de CV |Consumer Goods|Beverages - Soft Drinks
KOFL.MX|Coca-Cola Femsa SAB de CV |Consumer Goods|Beverages - Soft Drinks
KOFM.BA|Coca-Cola Femsa SAB de CV |Consumer Goods|Beverages - Soft Drinks
BCB.TO|Cott Corp |Consumer Goods|Beverages - Soft Drinks
GC6.DE|Cott Corp |Consumer Goods|Beverages - Soft Drinks
COT|Cott Corporation |Consumer Goods|Beverages - Soft Drinks
CRVP|Crystal Rock Holdings, Inc. |Consumer Goods|Beverages - Soft Drinks
DP5.DE|Dr Pepper Snapple Group Inc |Consumer Goods|Beverages - Soft Drinks
DPS|Dr Pepper Snapple Group, Inc. |Consumer Goods|Beverages - Soft Drinks
ELDO|Eldorado Artesian Springs Inc. |Consumer Goods|Beverages - Soft Drinks
AKO-A|Embotelladora Andina S.A. |Consumer Goods|Beverages - Soft Drinks
AKO-B|Embotelladora Andina S.A. |Consumer Goods|Beverages - Soft Drinks
AKOB.DE|Embotelladora Andina SA |Consumer Goods|Beverages - Soft Drinks
ENV.MI|Enervit |Consumer Goods|Beverages - Soft Drinks
FEVR.L|Fevertree Drinks PLC |Consumer Goods|Beverages - Soft Drinks
F03.SI|Food Empire Holdings Ltd |Consumer Goods|Beverages - Soft Drinks
FBEC|Frontier Beverage Company, Inc |Consumer Goods|Beverages - Soft Drinks
1234.TW|Hey-Song Corp |Consumer Goods|Beverages - Soft Drinks
MLJAN.PA|JANE FRANCE |Consumer Goods|Beverages - Soft Drinks
JSDA|Jones Soda Co. |Consumer Goods|Beverages - Soft Drinks
JWI.NZ|Just Water International Ltd |Consumer Goods|Beverages - Soft Drinks
KRED|KonaRed Corporation |Consumer Goods|Beverages - Soft Drinks
LAS-A.TO|Lassonde Industries Inc |Consumer Goods|Beverages - Soft Drinks
L7BA.DE|Leading Brands Inc |Consumer Goods|Beverages - Soft Drinks
LBIX|Leading Brands Inc. |Consumer Goods|Beverages - Soft Drinks
MALTC.BO|Malabar Trading Co Ltd |Consumer Goods|Beverages - Soft Drinks
MOJO|Mojo Organics, Inc |Consumer Goods|Beverages - Soft Drinks
MNST|Monster Beverage Corporation |Consumer Goods|Beverages - Soft Drinks
MOUNTEVE.BO|Mount Everest Mineral |Consumer Goods|Beverages - Soft Drinks
FIZZ|National Beverage Corp. |Consumer Goods|Beverages - Soft Drinks
NLEF|New Leaf Brands, Inc. |Consumer Goods|Beverages - Soft Drinks
NIA.V|Niagara Ventures Corp |Consumer Goods|Beverages - Soft Drinks
NICL.L|Nichols PLC |Consumer Goods|Beverages - Soft Drinks
DRNK|NOHO, Inc. |Consumer Goods|Beverages - Soft Drinks
DRNK|NOHO, Inc. |Consumer Goods|Beverages - Soft Drinks
1213.TW|Oceanic Beverages Co Inc |Consumer Goods|Beverages - Soft Drinks
OMGB|Omega Brands Inc. |Consumer Goods|Beverages - Soft Drinks
GEUPECB.MX|Organizacion Cultiba SAB de CV |Consumer Goods|Beverages - Soft Drinks
ORIBEVER.BO|Orient Beverages Ltd |Consumer Goods|Beverages - Soft Drinks
PEP.BA|PepsiCo Inc |Consumer Goods|Beverages - Soft Drinks
PEP.DE|PepsiCo Inc |Consumer Goods|Beverages - Soft Drinks
PEP.MX|PepsiCo Inc |Consumer Goods|Beverages - Soft Drinks
PEPB34.SA|PepsiCo Inc |Consumer Goods|Beverages - Soft Drinks
PEP|Pepsico, Inc. |Consumer Goods|Beverages - Soft Drinks
PRMW|Primo Water Corporation |Consumer Goods|Beverages - Soft Drinks
REED|REEDS, Inc. |Consumer Goods|Beverages - Soft Drinks
RGP.AX|Refresh Group Ltd |Consumer Goods|Beverages - Soft Drinks
SLNR|Sealand Natural Resources Inc. |Consumer Goods|Beverages - Soft Drinks
SLNRE|Sealand Natural Resources Inc. |Consumer Goods|Beverages - Soft Drinks
P9F.DE|SkyPeople Fruit Juice Inc |Consumer Goods|Beverages - Soft Drinks
SPU|SkyPeople Fruit Juice, Inc. |Consumer Goods|Beverages - Soft Drinks
SODA|SodaStream International Ltd. |Consumer Goods|Beverages - Soft Drinks
SPA.BR|Spadel |Consumer Goods|Beverages - Soft Drinks
SENZ|Sport Endurance, Inc. |Consumer Goods|Beverages - Soft Drinks
WTER|The Alkaline Water Company Inc |Consumer Goods|Beverages - Soft Drinks
KO|The Coca-Cola Company |Consumer Goods|Beverages - Soft Drinks
UNITEDTEA.NS|The United Nilgiri Tea |Consumer Goods|Beverages - Soft Drinks
0756.HK|Tianyi Fruit Holdings Limited |Consumer Goods|Beverages - Soft Drinks
58U.DE|Uni-President China Holdi |Consumer Goods|Beverages - Soft Drinks
UPNT|Uplift Nutrition Inc |Consumer Goods|Beverages - Soft Drinks
0345.HK|Vitasoy Int'l Holdings |Consumer Goods|Beverages - Soft Drinks
RGNSECO.BO|Wellness Noni Ltd |Consumer Goods|Beverages - Soft Drinks
8259.HK|Yantai North Andre Juice |Consumer Goods|Beverages - Soft Drinks
