More Info|Industry: Beverages - Wineries & Distillers |Consumer Goods|Beverages - Wineries & Distillers
ABRW|American Brewing Company, Inc. |Consumer Goods|Beverages - Wineries & Distillers
ADW-A.TO|Andrew Peller Ltd |Consumer Goods|Beverages - Wineries & Distillers
ADW-B.TO|Andrew Peller Ltd |Consumer Goods|Beverages - Wineries & Distillers
AVG.AX|Australian Vintage Ltd |Consumer Goods|Beverages - Wineries & Distillers
ESME.BA|Bodegas Esmeralda SA |Consumer Goods|Beverages - Wineries & Distillers
BF5B.DE|Brown-Forman Corp |Consumer Goods|Beverages - Wineries & Distillers
BF-B|Brown-Forman Corporation |Consumer Goods|Beverages - Wineries & Distillers
C7Z.DE|Castle Brands Inc |Consumer Goods|Beverages - Wineries & Distillers
ROX|Castle Brands Inc. |Consumer Goods|Beverages - Wineries & Distillers
0BR.DE|China New Borun Corp |Consumer Goods|Beverages - Wineries & Distillers
0389.HK|China Tontine Wines Group Ltd. |Consumer Goods|Beverages - Wineries & Distillers
CTE.DE|China Tontine Wines Group Ltd. |Consumer Goods|Beverages - Wineries & Distillers
VYO.DE|Concha y Toro Winery Inc |Consumer Goods|Beverages - Wineries & Distillers
CB1A.DE|Constellation Brands Inc |Consumer Goods|Beverages - Wineries & Distillers
STZ|Constellation Brands Inc. |Consumer Goods|Beverages - Wineries & Distillers
CDL-A.TO|Corby Distilleries |Consumer Goods|Beverages - Wineries & Distillers
CDL-B.TO|Corby Distilleries |Consumer Goods|Beverages - Wineries & Distillers
CPR.MI|Davide Campari-Milano SpA |Consumer Goods|Beverages - Wineries & Distillers
DVC1.DE|Davide Campari-Milano SpA |Consumer Goods|Beverages - Wineries & Distillers
DGL.NZ|Delegat Group Ltd |Consumer Goods|Beverages - Wineries & Distillers
DEO|Diageo plc |Consumer Goods|Beverages - Wineries & Distillers
DEON.MX|Diageo PLC |Consumer Goods|Beverages - Wineries & Distillers
DGE.L|Diageo PLC |Consumer Goods|Beverages - Wineries & Distillers
DGE.PA|Diageo PLC |Consumer Goods|Beverages - Wineries & Distillers
DGED.L|Diageo PLC |Consumer Goods|Beverages - Wineries & Distillers
GUIA.DE|Diageo PLC |Consumer Goods|Beverages - Wineries & Distillers
DWS.V|Diamond Estates Wines |Consumer Goods|Beverages - Wineries & Distillers
DKAM|Drinks Americas Holdings, Ltd. |Consumer Goods|Beverages - Wineries & Distillers
GJ8.SI|Dukang Distillers Holdings Ltd |Consumer Goods|Beverages - Wineries & Distillers
ESDI|Eastside Distilling, Inc. |Consumer Goods|Beverages - Wineries & Distillers
ENCB|Encore Brands, Inc. |Consumer Goods|Beverages - Wineries & Distillers
NWC.NZ|Foley Family Wines Ltd |Consumer Goods|Beverages - Wineries & Distillers
GKL.V|Global Key Investment Ltd |Consumer Goods|Beverages - Wineries & Distillers
GLOBUSSPR.BO|Globus Spirits Ltd |Consumer Goods|Beverages - Wineries & Distillers
GLOBUSSPR.NS|Globus Spirits Ltd |Consumer Goods|Beverages - Wineries & Distillers
FIH1.DE|Goldin Financial Holdings Ltd |Consumer Goods|Beverages - Wineries & Distillers
HAW.DE|Hawesko Holding AG |Consumer Goods|Beverages - Wineries & Distillers
ICNB|Iconic Brands, Inc. |Consumer Goods|Beverages - Wineries & Distillers
IFBAGRO.NS|Ifb Agro Industries Ltd |Consumer Goods|Beverages - Wineries & Distillers
IFBAGRQ.BO|Ifb Agro Industries Ltd |Consumer Goods|Beverages - Wineries & Distillers
KHODAY.BO|Khoday India Ltd |Consumer Goods|Beverages - Wineries & Distillers
KTILA.AT|Ktima Kostas Lazaridis S.A. |Consumer Goods|Beverages - Wineries & Distillers
MJW.L|Majestic Wine PLC |Consumer Goods|Beverages - Wineries & Distillers
TQLA|Montalvo Spirits, Inc. |Consumer Goods|Beverages - Wineries & Distillers
PER.DE|Pernod Ricard NV |Consumer Goods|Beverages - Wineries & Distillers
RI.PA|Pernod Ricard NV |Consumer Goods|Beverages - Wineries & Distillers
PHW.AX|PHW Consolidated Ltd |Consumer Goods|Beverages - Wineries & Distillers
PICCASUG.BO|Piccadily Sugar & Allied |Consumer Goods|Beverages - Wineries & Distillers
PIONDIST.NS|Pioneer Distilleries Ltd |Consumer Goods|Beverages - Wineries & Distillers
PIONRDIS.BO|Pioneer Distilleries Ltd |Consumer Goods|Beverages - Wineries & Distillers
MLPOL.PA|Pol Roger et Compagnie SA |Consumer Goods|Beverages - Wineries & Distillers
RKDL.NS|Ravikumar Distilleries Ltd |Consumer Goods|Beverages - Wineries & Distillers
0MGU.L|Rémy Cointreau |Consumer Goods|Beverages - Wineries & Distillers
RCO.PA|Rémy Cointreau |Consumer Goods|Beverages - Wineries & Distillers
RMC.DE|Rémy Cointreau |Consumer Goods|Beverages - Wineries & Distillers
SWA.DE|Schloss Wachenheim AG |Consumer Goods|Beverages - Wineries & Distillers
0886.HK|Silver Base Group |Consumer Goods|Beverages - Wineries & Distillers
SGG.DE|Silver Base Group Holdings Ltd |Consumer Goods|Beverages - Wineries & Distillers
SILVOAK.BO|Silver Oak (India) Ltd |Consumer Goods|Beverages - Wineries & Distillers
STCK.L|Stock Spirits Group PLC |Consumer Goods|Beverages - Wineries & Distillers
T6W.DE|Thai Beverage PLC |Consumer Goods|Beverages - Wineries & Distillers
Y92.SI|Thai Beverage PLC |Consumer Goods|Beverages - Wineries & Distillers
TI.NS|Tilaknagar Industries Ltd |Consumer Goods|Beverages - Wineries & Distillers
TILAKIND.BO|Tilaknagar Industries Ltd |Consumer Goods|Beverages - Wineries & Distillers
TWE.AX|Treasury Wine Estates Ltd |Consumer Goods|Beverages - Wineries & Distillers
THST|Truett-Hurst, Inc. |Consumer Goods|Beverages - Wineries & Distillers
CKR.AX|TW Holdings Ltd |Consumer Goods|Beverages - Wineries & Distillers
TWH.AX|TW Holdings Ltd |Consumer Goods|Beverages - Wineries & Distillers
UNITDSPR.BO|United Spirits Ltd |Consumer Goods|Beverages - Wineries & Distillers
WVVI|Willamette Valley Vineyards In |Consumer Goods|Beverages - Wineries & Distillers
