More Info|Industry: Business Equipment |Consumer Goods|Business Equipment
A3B.DE|ACCO Brands Corp |Consumer Goods|Business Equipment
AURS.PA|Aures Technologies |Consumer Goods|Business Equipment
2373.TW|Aurora Corp |Consumer Goods|Business Equipment
AV3.DE|Avery Dennison Corp |Consumer Goods|Business Equipment
AVY|Avery Dennison Corporation |Consumer Goods|Business Equipment
BI5.DE|Brother Industries Ltd |Consumer Goods|Business Equipment
CAJN.MX|Canon Inc |Consumer Goods|Business Equipment
CNN1.DE|Canon Inc |Consumer Goods|Business Equipment
CNNA.DE|Canon Inc |Consumer Goods|Business Equipment
CAJ|Canon Inc. |Consumer Goods|Business Equipment
CAJ.V|Canon Inc. |Consumer Goods|Business Equipment
CNJ.DE|Canon Marketing Japan Inc. |Consumer Goods|Business Equipment
CHMP|Champion Industries Inc. |Consumer Goods|Business Equipment
DAR.DE|Datron AG |Consumer Goods|Business Equipment
DCI.TO|DirectCash Payments Inc |Consumer Goods|Business Equipment
DCMT|Document Capture Technologies, |Consumer Goods|Business Equipment
DNO.L|Domino Printing Sciences PLC |Consumer Goods|Business Equipment
CZ4.SI|Dutech Holdings Ltd |Consumer Goods|Business Equipment
0706.HK|FinTronics Holdings Co., Ltd. |Consumer Goods|Business Equipment
6206.TW|Flytech Technology Co Ltd |Consumer Goods|Business Equipment
GEA.PA|GEA |Consumer Goods|Business Equipment
MHR.DE|Herman Miller Inc |Consumer Goods|Business Equipment
MLHR|Herman Miller Inc. |Consumer Goods|Business Equipment
HNI|HNI Corp. |Consumer Goods|Business Equipment
2433.TW|Huxen Corp |Consumer Goods|Business Equipment
ICP.AX|Icash Payment Systems Ltd |Consumer Goods|Business Equipment
INQ.TO|Inscape Corp |Consumer Goods|Business Equipment
IVT.AX|Inventis Ltd |Consumer Goods|Business Equipment
JCM.DE|Japan Cash Machine Co., Ltd. |Consumer Goods|Business Equipment
KEQU|Kewaunee Scientific Corp. |Consumer Goods|Business Equipment
KILBURN.BO|Kilburn Office Automation Ltd |Consumer Goods|Business Equipment
KNL|Knoll, Inc. |Consumer Goods|Business Equipment
CAMLIN.BO|Kokuyo Camlin Ltd |Consumer Goods|Business Equipment
CAMLIN.NS|Kokuyo Camlin Ltd |Consumer Goods|Business Equipment
KPI1.DE|Konica Minolta Inc |Consumer Goods|Business Equipment
LINCPENQ.BO|Linc Pen & Plastics Ltd |Consumer Goods|Business Equipment
MBH3.DE|Maschinenfabrik AG |Consumer Goods|Business Equipment
2427.TW|Mercuries Data Systems Ltd |Consumer Goods|Business Equipment
NEO.PA|Neopost |Consumer Goods|Business Equipment
NEQ.DE|Neopost |Consumer Goods|Business Equipment
NFSE|nFinanSe Inc |Consumer Goods|Business Equipment
ONYX|Onyx Service & Solutions, Inc. |Consumer Goods|Business Equipment
PBW.DE|Pitney Bowes Inc |Consumer Goods|Business Equipment
PBI|Pitney Bowes Inc. |Consumer Goods|Business Equipment
PRIC-B.ST|Pricer AB |Consumer Goods|Business Equipment
RIC1.DE|Ricoh Ltd |Consumer Goods|Business Equipment
RICO.L|Ricoh Ltd |Consumer Goods|Business Equipment
ROS.MI|Rosss |Consumer Goods|Business Equipment
SATOK.AT|Sato |Consumer Goods|Business Equipment
8111.HK|Soluteck Holdings Ltd. |Consumer Goods|Business Equipment
GJB.DE|Steelcase Inc |Consumer Goods|Business Equipment
SCS|Steelcase Inc. |Consumer Goods|Business Equipment
TDF.DE|Takano Co Ltd |Consumer Goods|Business Equipment
TTR1.DE|Technotrans AG |Consumer Goods|Business Equipment
TODAYS.BO|Todays Writing Products Ltd |Consumer Goods|Business Equipment
TODAYS.NS|Todays Writing Products Ltd |Consumer Goods|Business Equipment
UNIOFFICE.BO|Universal Office |Consumer Goods|Business Equipment
VF2.DE|VeriFone Systems Inc |Consumer Goods|Business Equipment
PAY|VeriFone Systems, Inc. |Consumer Goods|Business Equipment
VIRC|Virco Mfg. Corporation |Consumer Goods|Business Equipment
ZZ-B.ST|Zinzino Holding AB |Consumer Goods|Business Equipment
