More Info|Industry: Food - Major Diversified |Consumer Goods|Food - Major Diversified
AAK.ST|AAK AB |Consumer Goods|Food - Major Diversified
ADFFOODQ.BO|ADF Foods Ltd |Consumer Goods|Food - Major Diversified
ADFFOODS.NS|ADF Foods Ltd |Consumer Goods|Food - Major Diversified
OEL.DE|ADM Hamburg AG |Consumer Goods|Food - Major Diversified
AGROTECHFO.BO|Agro Tech Foods Ltd |Consumer Goods|Food - Major Diversified
ATFL.NS|Agro Tech Foods Ltd |Consumer Goods|Food - Major Diversified
1217.TW|Agv Products Corp |Consumer Goods|Food - Major Diversified
AJANTSOY.BO|Ajanta Soya Ltd |Consumer Goods|Food - Major Diversified
AJI.DE|Ajinomoto Co Inc |Consumer Goods|Food - Major Diversified
A50.DE|American Lorain Corp |Consumer Goods|Food - Major Diversified
ANFI|Amira Nature Foods Ltd. |Consumer Goods|Food - Major Diversified
AMRITCORP.BO|Amrit Corp Ltd |Consumer Goods|Food - Major Diversified
ANP.L|Anpario PLC |Consumer Goods|Food - Major Diversified
AHFP|Artisanal Brands, Inc. |Consumer Goods|Food - Major Diversified
YZA.DE|Aryzta AG |Consumer Goods|Food - Major Diversified
0841.HK|Asia Cassava Reso HLD |Consumer Goods|Food - Major Diversified
0ACS.DE|Asia Cassava Resources |Consumer Goods|Food - Major Diversified
ABF.L|Associated British Foods PLC |Consumer Goods|Food - Major Diversified
AFO1.DE|Associated British Foods PLC |Consumer Goods|Food - Major Diversified
AFO2.DE|Associated British Foods PLC |Consumer Goods|Food - Major Diversified
1717.HK|Ausnutria Dairy |Consumer Goods|Food - Major Diversified
6AH.DE|Ausnutria Dairy Corp Ltd |Consumer Goods|Food - Major Diversified
AUSS.OL|Austevoll Seafood ASA |Consumer Goods|Food - Major Diversified
Z85.DE|Austevoll Seafood ASA |Consumer Goods|Food - Major Diversified
AVANTI.NS|Avanti Feeds Ltd |Consumer Goods|Food - Major Diversified
AVANTIFE.BO|Avanti Feeds Ltd |Consumer Goods|Food - Major Diversified
AVTNPL.BO|AVT Natural Products Ltd. |Consumer Goods|Food - Major Diversified
AVTNPL.NS|AVT Natural Products Ltd. |Consumer Goods|Food - Major Diversified
BAMBINO.BO|Bambino Agro Industries Ltd |Consumer Goods|Food - Major Diversified
BGA.AX|Bega Cheese Ltd |Consumer Goods|Food - Major Diversified
BAL.AX|Bellamy's Australia Ltd |Consumer Goods|Food - Major Diversified
BTHR|Big Three Restaurants, Inc. |Consumer Goods|Food - Major Diversified
BDU.DE|Bonduelle |Consumer Goods|Food - Major Diversified
BON.PA|Bonduelle |Consumer Goods|Food - Major Diversified
BGJ.DE|Bongrain |Consumer Goods|Food - Major Diversified
BH.PA|Bongrain |Consumer Goods|Food - Major Diversified
BAZA35.SA|BRF SA |Consumer Goods|Food - Major Diversified
BRFSN.MX|BRF SA |Consumer Goods|Food - Major Diversified
P5Y.DE|BRF SA |Consumer Goods|Food - Major Diversified
BRITANNIA.BO|Britannia Industries Ltd |Consumer Goods|Food - Major Diversified
BRITANNIA.NS|Britannia Industries Ltd |Consumer Goods|Food - Major Diversified
BUG.AX|Buderim Ginger Ltd |Consumer Goods|Food - Major Diversified
CM2.DE|Cal-Maine Foods Inc |Consumer Goods|Food - Major Diversified
CALM|Cal-Maine Foods, Inc. |Consumer Goods|Food - Major Diversified
CSC.DE|Campbell Soup Co |Consumer Goods|Food - Major Diversified
CYF.V|Canyon Creek Food Co Ltd |Consumer Goods|Food - Major Diversified
CZZ.AX|Capilano Honey Ltd |Consumer Goods|Food - Major Diversified
CCL.NS|CCL Products India Ltd. |Consumer Goods|Food - Major Diversified
CCLPR.BO|CCL Products India Ltd. |Consumer Goods|Food - Major Diversified
CC1.DE|CCP AG |Consumer Goods|Food - Major Diversified
CENT|Central Garden & Pet Company |Consumer Goods|Food - Major Diversified
CLT.MI|Centrale Latte Torino |Consumer Goods|Food - Major Diversified
C5M.DE|Cermaq ASA |Consumer Goods|Food - Major Diversified
CVS.AX|Cervantes Corp Ltd |Consumer Goods|Food - Major Diversified
CHAMANSEQ.BO|Chaman Lal Setia Exports Ltd |Consumer Goods|Food - Major Diversified
CNC.DE|Changshouhua Food Co Ltd |Consumer Goods|Food - Major Diversified
1215.TW|Charoen Pokphand |Consumer Goods|Food - Major Diversified
CPOF.DE|Charoen Pokphand Foods PCL |Consumer Goods|Food - Major Diversified
1006.HK|China Corn Oil Co., Ltd. |Consumer Goods|Food - Major Diversified
G54.SI|China Essence Group Ltd |Consumer Goods|Food - Major Diversified
B0Z.SI|China Fishery Group Ltd |Consumer Goods|Food - Major Diversified
CNF.DE|China Fishery Group Ltd |Consumer Goods|Food - Major Diversified
CFH.DE|China Foods Ltd |Consumer Goods|Food - Major Diversified
0506.HK|China Foods Ltd. |Consumer Goods|Food - Major Diversified
ZZ8.DE|China Huiyuan Juice Group Ltd |Consumer Goods|Food - Major Diversified
1886.HK|China Huiyuan Juice Group Ltd. |Consumer Goods|Food - Major Diversified
0834.HK|China Kangda Food |Consumer Goods|Food - Major Diversified
P74.SI|China Kangda Food Co Ltd |Consumer Goods|Food - Major Diversified
ZMF.DE|China Marine Food Group Ltd |Consumer Goods|Food - Major Diversified
EZQ.DE|China Mengniu Dairy Co Ltd |Consumer Goods|Food - Major Diversified
2319.HK|China Mengniu Dairy Co., Ltd. |Consumer Goods|Food - Major Diversified
3838.HK|China Starch Holdings Limited |Consumer Goods|Food - Major Diversified
46C1.DE|China Starch Holdings Ltd |Consumer Goods|Food - Major Diversified
2349.HK|China Water Property |Consumer Goods|Food - Major Diversified
C7Y.DE|China Yurun Food Group Ltd |Consumer Goods|Food - Major Diversified
1068.HK|China Yurun Food Group Ltd. |Consumer Goods|Food - Major Diversified
CHORDIA.BO|Chordia Food Products Ltd |Consumer Goods|Food - Major Diversified
CLR.TO|Clearwater Seafoods Inc |Consumer Goods|Food - Major Diversified
E6U.DE|Coffee Holding Co Inc |Consumer Goods|Food - Major Diversified
INTR.BA|Compania Introductora de |Consumer Goods|Food - Major Diversified
CAO.DE|ConAgra Foods Inc |Consumer Goods|Food - Major Diversified
CNOZ|Cono Italiano, Inc. |Consumer Goods|Food - Major Diversified
CNOZ|Cono Italiano, Inc. |Consumer Goods|Food - Major Diversified
CNP.DE|Corn Products Intl |Consumer Goods|Food - Major Diversified
CWK.L|Cranswick PLC |Consumer Goods|Food - Major Diversified
CRETA.AT|Creta Farm SA |Consumer Goods|Food - Major Diversified
CRMBQ|Crumbs Bake Shop, Inc. |Consumer Goods|Food - Major Diversified
3999.HK|DaChan Food (Asia) Limited |Consumer Goods|Food - Major Diversified
3DS.DE|DaChan Food (Asia) Ltd |Consumer Goods|Food - Major Diversified
DCG.L|Dairy Crest Group PLC |Consumer Goods|Food - Major Diversified
BN.PA|Danone |Consumer Goods|Food - Major Diversified
BSN.DE|Danone |Consumer Goods|Food - Major Diversified
DNN.MI|Danone |Consumer Goods|Food - Major Diversified
SJ2.DE|Dean Foods Co |Consumer Goods|Food - Major Diversified
D03.SI|Del Monte Pacific Ltd |Consumer Goods|Food - Major Diversified
DVO.L|Devro PLC |Consumer Goods|Food - Major Diversified
DFM.BO|DFM Foods Ltd |Consumer Goods|Food - Major Diversified
DEVIKA.BO|Dharti Proteins Ltd |Consumer Goods|Food - Major Diversified
HJW.DE|Diamond Foods Inc |Consumer Goods|Food - Major Diversified
YATISHSE.BO|Diligent Industries Ltd |Consumer Goods|Food - Major Diversified
DIVYAJYQ.BO|Divya Jyoti Industries Ltd |Consumer Goods|Food - Major Diversified
DIXI|Dixie Foods International, Inc |Consumer Goods|Food - Major Diversified
DUC.PA|Duc |Consumer Goods|Food - Major Diversified
DUNCANSIN.NS|Duncans Industries Ltd. |Consumer Goods|Food - Major Diversified
DUNCANSIND.BO|Duncans Industries Ltd. |Consumer Goods|Food - Major Diversified
AZU.DE|Ebro Foods SA |Consumer Goods|Food - Major Diversified
FV6.DE|Emmi AG |Consumer Goods|Food - Major Diversified
5FR.SI|Envictus International |Consumer Goods|Food - Major Diversified
BAUH4.SA|Excelsior Alimentos SA |Consumer Goods|Food - Major Diversified
FARMAXIND.BO|Farmax India Ltd |Consumer Goods|Food - Major Diversified
FARMAXIND.NS|Farmax India Ltd |Consumer Goods|Food - Major Diversified
FB1.DE|Farmer Bros Co |Consumer Goods|Food - Major Diversified
FIF.L|Finsbury Food Group PLC |Consumer Goods|Food - Major Diversified
1076.HK|First Natural Foods |Consumer Goods|Food - Major Diversified
FLE.PA|Fleury Michon |Consumer Goods|Food - Major Diversified
FLEXFO.BO|Flex Foods Ltd |Consumer Goods|Food - Major Diversified
KEPEN.AT|Flour Mills Kepenos SA |Consumer Goods|Food - Major Diversified
FOODSIN.BO|Foods & Inns Ltd |Consumer Goods|Food - Major Diversified
1225.TW|Formosa Oilseed |Consumer Goods|Food - Major Diversified
FNP.AX|Freedom Nutritional |Consumer Goods|Food - Major Diversified
FRPT|Freshpet, Inc. |Consumer Goods|Food - Major Diversified
FBEL.PA|Fromageries Bel |Consumer Goods|Food - Major Diversified
NLM.DE|Frosta AG |Consumer Goods|Food - Major Diversified
1219.TW|Fwusow Industry Co Ltd |Consumer Goods|Food - Major Diversified
WILC|G. Willi Food-International Lt |Consumer Goods|Food - Major Diversified
GAYATRI.BO|Gayatri Sugars Ltd. |Consumer Goods|Food - Major Diversified
GRM.DE|General Mills Inc |Consumer Goods|Food - Major Diversified
GV.PA|Genomic Vision SA |Consumer Goods|Food - Major Diversified
GB.V|Ginger Beef Corp |Consumer Goods|Food - Major Diversified
GLB.L|Glanbia PLC |Consumer Goods|Food - Major Diversified
GLAXOCON.BO|Glaxosmithkline Consumer |Consumer Goods|Food - Major Diversified
GSKCONS.NS|Glaxosmithkline Consumer |Consumer Goods|Food - Major Diversified
3889.HK|Global Sweeteners |Consumer Goods|Food - Major Diversified
3GS.DE|Global Sweeteners Holdings Ltd |Consumer Goods|Food - Major Diversified
913889.TW|Global Sweeteners Holdings Ltd |Consumer Goods|Food - Major Diversified
GOKUL.BO|Gokul Refoils & Solvent Ltd |Consumer Goods|Food - Major Diversified
GOKUL.NS|Gokul Refoils & Solvent Ltd |Consumer Goods|Food - Major Diversified
1210.TW|Greatwall Ent |Consumer Goods|Food - Major Diversified
Y06.SI|Green Build Technology Ltd |Consumer Goods|Food - Major Diversified
GM2.DE|Green Mntn Coffee Roaster |Consumer Goods|Food - Major Diversified
GNC.L|Greencore Group PLC |Consumer Goods|Food - Major Diversified
PIN.BR|Greenyard Foods NV |Consumer Goods|Food - Major Diversified
GR8.DE|Grieg Seafood ASA |Consumer Goods|Food - Major Diversified
GSF.OL|Grieg Seafood ASA |Consumer Goods|Food - Major Diversified
GRMOVER.BO|GRM Overseas Ltd |Consumer Goods|Food - Major Diversified
GRUMAB.MX|Gruma SAB de CV |Consumer Goods|Food - Major Diversified
4GM.DE|Grupo Bimbo SAB de CV |Consumer Goods|Food - Major Diversified
BIMBOA.MX|Grupo Bimbo SAB de CV |Consumer Goods|Food - Major Diversified
HERDEZ.MX|Grupo Herdez SAB de CV |Consumer Goods|Food - Major Diversified
MASECAB.MX|Grupo Industrial Maseca |Consumer Goods|Food - Major Diversified
MINSAB.MX|Grupo Minsa SAB de CV |Consumer Goods|Food - Major Diversified
H8K.DE|Haikui Seafood AG |Consumer Goods|Food - Major Diversified
H2R.DE|Halloren Schokoladenfabrik AG |Consumer Goods|Food - Major Diversified
DM0.SI|Hanwell Holdings Ltd |Consumer Goods|Food - Major Diversified
HATSUN.BO|Hatsun Agro Product Ltd. |Consumer Goods|Food - Major Diversified
HLF.TO|High Liner Foods Inc |Consumer Goods|Food - Major Diversified
HFG.L|Hilton Food Group PLC |Consumer Goods|Food - Major Diversified
HINDIND.BO|Hind Industries Ltd |Consumer Goods|Food - Major Diversified
HNDFDS.BO|Hindustan Foods Ltd |Consumer Goods|Food - Major Diversified
HO7.DE|Hormel Foods Corp |Consumer Goods|Food - Major Diversified
HOTF|Hot Mama's Foods, Inc. |Consumer Goods|Food - Major Diversified
INDXTRA.BO|Indian Extractions Ltd |Consumer Goods|Food - Major Diversified
JM2.DE|JM Smucker Co |Consumer Goods|Food - Major Diversified
BAUH376.SA|Josapar-Joaquim Oliveira |Consumer Goods|Food - Major Diversified
BAUH377.SA|Josapar-Joaquim Oliveira |Consumer Goods|Food - Major Diversified
JVLAGRO.BO|JVL Agro Industries Ltd |Consumer Goods|Food - Major Diversified
KSOIL.BO|K S Oils Ltd |Consumer Goods|Food - Major Diversified
KSOILS.NS|K S Oils Ltd |Consumer Goods|Food - Major Diversified
KANELOIL.BO|Kanel Industries Ltd |Consumer Goods|Food - Major Diversified
KCPSUGIND.BO|KCP Sugar & Industries |Consumer Goods|Food - Major Diversified
KCPSUGIND.NS|KCP Sugar & Industries |Consumer Goods|Food - Major Diversified
KEL.DE|Kellogg Co |Consumer Goods|Food - Major Diversified
KYGA.L|Kerry Group PLC |Consumer Goods|Food - Major Diversified
KIK.DE|Kikkoman Corp |Consumer Goods|Food - Major Diversified
KLRF.NS|KLRF Ltd |Consumer Goods|Food - Major Diversified
KLRFLTD.BO|KLRF Ltd |Consumer Goods|Food - Major Diversified
KOHINOOR.BO|Kohinoor Foods Ltd |Consumer Goods|Food - Major Diversified
KOHINOOR.NS|Kohinoor Foods Ltd |Consumer Goods|Food - Major Diversified
KFGI34.SA|Kraft Foods Group Inc |Consumer Goods|Food - Major Diversified
KRFT|Kraft Foods Group, Inc. |Consumer Goods|Food - Major Diversified
KRFT|Kraft Foods Group, Inc. |Consumer Goods|Food - Major Diversified
KFT.MX|Kraft Foods Inc |Consumer Goods|Food - Major Diversified
MDLZ|Kraft Foods Inc. |Consumer Goods|Food - Major Diversified
KRBL.BO|KRBL Ltd |Consumer Goods|Food - Major Diversified
KRBL.NS|KRBL Ltd |Consumer Goods|Food - Major Diversified
KRITON.AT|Kriton Artos SA |Consumer Goods|Food - Major Diversified
KSE.NS|KSE Ltd |Consumer Goods|Food - Major Diversified
KSELTD.BO|KSE Ltd |Consumer Goods|Food - Major Diversified
7KT.DE|KTG Agrar SE |Consumer Goods|Food - Major Diversified
KWALITY.NS|Kwality Ltd |Consumer Goods|Food - Major Diversified
KWALITYD.BO|Kwality Ltd |Consumer Goods|Food - Major Diversified
KYK.DE|Kyokuyo Co., Ltd. |Consumer Goods|Food - Major Diversified
LOUP.PA|L D C SA |Consumer Goods|Food - Major Diversified
LD.MI|La Doria |Consumer Goods|Food - Major Diversified
0411.HK|Lam Soon (Hong Kong) Ltd. |Consumer Goods|Food - Major Diversified
LANC|Lancaster Colony Corporation |Consumer Goods|Food - Major Diversified
LSG.OL|Lerøy Seafood Group ASA |Consumer Goods|Food - Major Diversified
Z1L.DE|Lerøy Seafood Group ASA |Consumer Goods|Food - Major Diversified
1231.TW|Lian Hwa Foods Corp |Consumer Goods|Food - Major Diversified
1229.TW|Lien Hwa Industrial Corp |Consumer Goods|Food - Major Diversified
LWF.DE|Lifeway Foods Inc |Consumer Goods|Food - Major Diversified
LWAY|Lifeway Foods Inc. |Consumer Goods|Food - Major Diversified
LOTB.BR|Lotus Bakeries NV |Consumer Goods|Food - Major Diversified
LUSI|Louisiana Food Company |Consumer Goods|Food - Major Diversified
KYLO.AT|Loulis Mills S.A. |Consumer Goods|Food - Major Diversified
DAAWAT.BO|LT Foods Ltd |Consumer Goods|Food - Major Diversified
DAAWAT.NS|LT Foods Ltd |Consumer Goods|Food - Major Diversified
L46.SI|Luzhou Bio-Chem Technology Ltd |Consumer Goods|Food - Major Diversified
BAUH417.SA|M Dias Branco Industria |Consumer Goods|Food - Major Diversified
MADHURIND.BO|Madhur Industries Ltd |Consumer Goods|Food - Major Diversified
MAHAANF.BO|Mahaan Foods Ltd |Consumer Goods|Food - Major Diversified
MMMB|MamaMancini's Holdings, Inc. |Consumer Goods|Food - Major Diversified
MMMB|MamaMancini's Holdings, Inc. |Consumer Goods|Food - Major Diversified
MFI.TO|Maple Leaf Foods Inc |Consumer Goods|Food - Major Diversified
BAZA442.SA|Marfrig Global Foods SA |Consumer Goods|Food - Major Diversified
MFL.DE|Marudai Food Co Ltd |Consumer Goods|Food - Major Diversified
MCX.DE|McCormick & Company Inc |Consumer Goods|Food - Major Diversified
MCLEOD.BO|McLeod Russel India Ltd |Consumer Goods|Food - Major Diversified
MCLEODRUS.NS|McLeod Russel India Ltd |Consumer Goods|Food - Major Diversified
0MJA.DE|Mead Johnson Nutrition Co |Consumer Goods|Food - Major Diversified
6MG.DE|Megmilk Snow Brand Co Ltd |Consumer Goods|Food - Major Diversified
3M0.DE|Meiji Holdings Co Ltd |Consumer Goods|Food - Major Diversified
MODAIRY.BO|Modern Dairies Ltd |Consumer Goods|Food - Major Diversified
MOLI.BA|Molinos Rio De La Plata SA |Consumer Goods|Food - Major Diversified
MORI.BA|Morixe Hermanos SA |Consumer Goods|Food - Major Diversified
1702.TW|Namchow Chemical Industri |Consumer Goods|Food - Major Diversified
NATRAJPR.BO|Natraj Proteins Ltd |Consumer Goods|Food - Major Diversified
NSP.V|Naturally Splendid |Consumer Goods|Food - Major Diversified
NESTLE.BO|Nestle India Ltd |Consumer Goods|Food - Major Diversified
NESTLEIND.NS|Nestle India Ltd |Consumer Goods|Food - Major Diversified
NESM.DE|Nestle SA |Consumer Goods|Food - Major Diversified
NESR.DE|Nestle SA |Consumer Goods|Food - Major Diversified
MIDPOINT.BO|NHC Foods Ltd |Consumer Goods|Food - Major Diversified
NI3.DE|Nichirei Corp |Consumer Goods|Food - Major Diversified
NIMBUSFOO.BO|Nimbus Foods Industries Ltd |Consumer Goods|Food - Major Diversified
NFR.DE|Nisshin Seifun Group Inc |Consumer Goods|Food - Major Diversified
NF2.DE|Nissin Foods Holdings Co. |Consumer Goods|Food - Major Diversified
NUTR|Nutraceutical International Co |Consumer Goods|Food - Major Diversified
NU2.DE|Nutraceutical Intl Corp |Consumer Goods|Food - Major Diversified
NXTH|NXT Nutritionals Holdings, Inc |Consumer Goods|Food - Major Diversified
3DV.DE|Old Chang Kee Ltd |Consumer Goods|Food - Major Diversified
OPE.DE|Omega Protein Corp |Consumer Goods|Food - Major Diversified
9OI.DE|Orior AG |Consumer Goods|Food - Major Diversified
OKL.DE|Orkla ASA |Consumer Goods|Food - Major Diversified
ORKFUT.OL|Orkla ASA |Consumer Goods|Food - Major Diversified
ORKO.ST|Orkla ASA |Consumer Goods|Food - Major Diversified
OVOP.BA|Ovoprot International SA |Consumer Goods|Food - Major Diversified
1174.HK|Pacific Andes |Consumer Goods|Food - Major Diversified
P11.SI|Pacific Andes Resources |Consumer Goods|Food - Major Diversified
PFL.AX|Patties Foods Ltd |Consumer Goods|Food - Major Diversified
PH4.DE|Patties Foods Ltd |Consumer Goods|Food - Major Diversified
PHILCORP.BO|PHIL Corp Ltd |Consumer Goods|Food - Major Diversified
PICCADIL.BO|Piccadily Agro Industries Ltd |Consumer Goods|Food - Major Diversified
PPC|Pilgrim's Pride Corporation |Consumer Goods|Food - Major Diversified
6PP.DE|Pilgrims Pride Corp |Consumer Goods|Food - Major Diversified
PF|Pinnacle Foods Inc. |Consumer Goods|Food - Major Diversified
POST|Post Holdings, Inc. |Consumer Goods|Food - Major Diversified
FOJ.DE|Premier Foods PLC |Consumer Goods|Food - Major Diversified
PFD.L|Premier Foods PLC |Consumer Goods|Food - Major Diversified
PBH.TO|Premium Brands Holdings Corp |Consumer Goods|Food - Major Diversified
PROGRESV.BO|Progressive Extractions |Consumer Goods|Food - Major Diversified
ISM.DE|PT Indofood Sukses Makmur Tbk |Consumer Goods|Food - Major Diversified
4PC.DE|PureCircle Ltd |Consumer Goods|Food - Major Diversified
PURE.L|PureCircle Ltd |Consumer Goods|Food - Major Diversified
Q01.SI|QAF Ltd |Consumer Goods|Food - Major Diversified
PATY.BA|Quickfood SA |Consumer Goods|Food - Major Diversified
RTEXPO.BO|R T Exports Ltd |Consumer Goods|Food - Major Diversified
RATV.DE|Raisio Oyj |Consumer Goods|Food - Major Diversified
RAJAGRO.BO|Raj Agro Mills Ltd |Consumer Goods|Food - Major Diversified
RAJOIL.BO|Raj Oil Mills Ltd |Consumer Goods|Food - Major Diversified
RAJOIL.NS|Raj Oil Mills Ltd |Consumer Goods|Food - Major Diversified
RASOI.BO|Rasoi Ltd |Consumer Goods|Food - Major Diversified
RASOYPR.BO|Rasoya Proteins Ltd. |Consumer Goods|Food - Major Diversified
PASSARI.BO|RCL Foods Ltd |Consumer Goods|Food - Major Diversified
HILLOCK.BO|Real Realty Management Co.Ltd |Consumer Goods|Food - Major Diversified
REIAGRO.BO|REI Agro Ltd |Consumer Goods|Food - Major Diversified
REIAGROLT.NS|REI Agro Ltd |Consumer Goods|Food - Major Diversified
RELV|Reliv International, Inc. |Consumer Goods|Food - Major Diversified
RIBT|RiceBran Technologies |Consumer Goods|Food - Major Diversified
RCL.TO|Ridley Inc |Consumer Goods|Food - Major Diversified
ROSSELLTEA.BO|Rossell India Ltd |Consumer Goods|Food - Major Diversified
RUCHISOYA.BO|Ruchi Soya Industries Ltd |Consumer Goods|Food - Major Diversified
RUCHISOYA.NS|Ruchi Soya Industries Ltd |Consumer Goods|Food - Major Diversified
SABE.PA|Sabeton |Consumer Goods|Food - Major Diversified
SABOOSOD.BO|Saboo Sodium Chloro Ltd |Consumer Goods|Food - Major Diversified
SAHA.DE|Sachsenmilch AG |Consumer Goods|Food - Major Diversified
SAIND.BO|Sam Industries Ltd |Consumer Goods|Food - Major Diversified
SAMRATPH.BO|Samrat Pharmachem Ltd |Consumer Goods|Food - Major Diversified
SF9.DE|Sanderson Farms Inc |Consumer Goods|Food - Major Diversified
SAFM|Sanderson Farms, Inc. |Consumer Goods|Food - Major Diversified
ALMER.PA|Sapmer |Consumer Goods|Food - Major Diversified
SAP.TO|Saputo Inc |Consumer Goods|Food - Major Diversified
SB7.DE|Saputo Inc |Consumer Goods|Food - Major Diversified
SMB.DE|Schwälbchen Molkerei AG |Consumer Goods|Food - Major Diversified
CER.NZ|SeaDragon Ltd |Consumer Goods|Food - Major Diversified
SHAHFOOD.BO|Shah Foods Ltd |Consumer Goods|Food - Major Diversified
0829.HK|Shenguan Holdings Group Ltd. |Consumer Goods|Food - Major Diversified
SIMRAN.BO|Simran Farms Ltd |Consumer Goods|Food - Major Diversified
JS5.SI|Sino Grandness |Consumer Goods|Food - Major Diversified
JSO.DE|Sino Grandness Food Indus |Consumer Goods|Food - Major Diversified
T4B.SI|Sino Grandness Food Indus |Consumer Goods|Food - Major Diversified
1227.TW|Standard Foods Corp |Consumer Goods|Food - Major Diversified
SUCR.BR|Sucraf |Consumer Goods|Food - Major Diversified
SSH.DE|Suedwestdeutsche Salzwerke AG |Consumer Goods|Food - Major Diversified
SOY.TO|SunOpta Inc |Consumer Goods|Food - Major Diversified
ZSK.DE|SunOpta Inc |Consumer Goods|Food - Major Diversified
SAI.V|Sunshine Agri-Tech Inc |Consumer Goods|Food - Major Diversified
SUPERBAK.BO|Super Bakers (India) Ltd |Consumer Goods|Food - Major Diversified
S10.SI|Super Group Ltd |Consumer Goods|Food - Major Diversified
SURFI.BO|Suryo Foods & Industries Ltd |Consumer Goods|Food - Major Diversified
1220.TW|Tairoun Products Co Ltd |Consumer Goods|Food - Major Diversified
1218.TW|Taisun Enterprise Co Ltd |Consumer Goods|Food - Major Diversified
TASTYBIT.BO|Tasty Bite Eatables Ltd |Consumer Goods|Food - Major Diversified
TATACOFFE.NS|Tata Coffee Ltd |Consumer Goods|Food - Major Diversified
TATACOFFEE.BO|Tata Coffee Ltd |Consumer Goods|Food - Major Diversified
TATAGLOBA.NS|Tata Global Beverages Ltd |Consumer Goods|Food - Major Diversified
TATATEA.BO|Tata Global Beverages Ltd |Consumer Goods|Food - Major Diversified
TATE.L|Tate & Lyle PLC |Consumer Goods|Food - Major Diversified
TLY.DE|Tate & Lyle PLC |Consumer Goods|Food - Major Diversified
TPK.TO|Ten Peaks Coffee Co Inc |Consumer Goods|Food - Major Diversified
TERB.BR|Ter Beke |Consumer Goods|Food - Major Diversified
THYF.DE|Thai Union Frozen Products PLC |Consumer Goods|Food - Major Diversified
WWAV|The WhiteWave Foods Company |Consumer Goods|Food - Major Diversified
UG5A.DE|Tiger Brands Ltd |Consumer Goods|Food - Major Diversified
910322.TW|Tingyi (Cayman Islands) H |Consumer Goods|Food - Major Diversified
TYG.DE|Tingyi (Cayman Islands) H |Consumer Goods|Food - Major Diversified
0322.HK|Tingyi Holding |Consumer Goods|Food - Major Diversified
TIPI.PA|Tipiak |Consumer Goods|Food - Major Diversified
TIRIN.BO|Tirupati Industries |Consumer Goods|Food - Major Diversified
TIRUSTA.BO|Tirupati Starch |Consumer Goods|Food - Major Diversified
TOF|Tofutti Brands Inc. |Consumer Goods|Food - Major Diversified
1232.TW|Ttet Union Corp |Consumer Goods|Food - Major Diversified
UKR.L|UKrproduct Group Ltd |Consumer Goods|Food - Major Diversified
UMANGDAIR.BO|Umang Dairies Ltd |Consumer Goods|Food - Major Diversified
0220.HK|Uni-President China |Consumer Goods|Food - Major Diversified
1216.TW|Uni-President Enterprises Corp |Consumer Goods|Food - Major Diversified
UNBL.PA|Unibel |Consumer Goods|Food - Major Diversified
UNRYLMA.BO|Uniroyal Marine Exports Ltd |Consumer Goods|Food - Major Diversified
U01.SI|United Food Holdings Ltd |Consumer Goods|Food - Major Diversified
VADILINDQ.BO|Vadilal Industries Ltd |Consumer Goods|Food - Major Diversified
VLS.MI|Valsoia |Consumer Goods|Food - Major Diversified
1203.TW|Ve Wong Corp |Consumer Goods|Food - Major Diversified
2317.HK|Vedan International holdings |Consumer Goods|Food - Major Diversified
VIGR3.SA|Vigor Alimentos SA |Consumer Goods|Food - Major Diversified
VIJSOLX.BO|Vijay Solvex Ltd |Consumer Goods|Food - Major Diversified
VIKASGRAN.BO|Vikas Granaries Ltd |Consumer Goods|Food - Major Diversified
VIMALOILQ.BO|Vimal Oil & Foods Ltd |Consumer Goods|Food - Major Diversified
VIRATCRA.BO|Virat Crane Industries Ltd |Consumer Goods|Food - Major Diversified
VIS.DE|Viscofan SA |Consumer Goods|Food - Major Diversified
WALG.L|Walcom Group Ltd |Consumer Goods|Food - Major Diversified
0151.HK|Want Want China |Consumer Goods|Food - Major Diversified
4HQ.DE|Want Want China Holdings Ltd |Consumer Goods|Food - Major Diversified
WATER.BO|Waterbase Limited |Consumer Goods|Food - Major Diversified
8269.HK|Wealth Glory Holdings Ltd. |Consumer Goods|Food - Major Diversified
1201.TW|Wei Chuan Foods Corp |Consumer Goods|Food - Major Diversified
KWZ2.DE|Wessanen NV |Consumer Goods|Food - Major Diversified
2088.HK|Xiwang Sugar Holdings Co. |Consumer Goods|Food - Major Diversified
XYL.V|Xylitol Canada Inc |Consumer Goods|Food - Major Diversified
1230.HK|Yashili International |Consumer Goods|Food - Major Diversified
Y03.SI|Yeo Hiap Seng Ltd |Consumer Goods|Food - Major Diversified
YUII|Yuhe International, Inc. |Consumer Goods|Food - Major Diversified
ZAM.L|Zambeef Products PLC |Consumer Goods|Food - Major Diversified
ZO1.DE|zooplus AG |Consumer Goods|Food - Major Diversified
