More Info|Industry: Paper & Paper Products |Consumer Goods|Paper & Paper Products
AGIOPAPER.BO|Agio Paper & Industries Ltd |Consumer Goods|Paper & Paper Products
A7Q1.DE|Ahlstrom Oyj |Consumer Goods|Paper & Paper Products
ARMSPAPER.BO|Arms Paper Ltd |Consumer Goods|Paper & Paper Products
ASHUTPM.BO|Ashutosh Paper Mills Ltd |Consumer Goods|Paper & Paper Products
BALLARPUR.NS|Ballarpur Industries Ltd |Consumer Goods|Paper & Paper Products
BILT.BO|Ballarpur Industries Ltd |Consumer Goods|Paper & Paper Products
BECKONIN.BO|Beckons Industries Ltd |Consumer Goods|Paper & Paper Products
BILL.ST|BillerudKorsnas AB |Consumer Goods|Paper & Paper Products
BNF.DE|BillerudKorsnas AB |Consumer Goods|Paper & Paper Products
CODUSA.MX|Bio Pappel SAB de CV |Consumer Goods|Paper & Paper Products
CFX.TO|Canfor Pulp Products Inc |Consumer Goods|Paper & Paper Products
CAS.TO|Cascades Inc |Consumer Goods|Paper & Paper Products
CS6.DE|Cascades Inc |Consumer Goods|Paper & Paper Products
CYT.TO|Catalyst Paper Corp |Consumer Goods|Paper & Paper Products
CELU.BA|Celulosa Argentina SA |Consumer Goods|Paper & Paper Products
BAZA544.SA|Celulose Irani SA |Consumer Goods|Paper & Paper Products
BAZA545.SA|Celulose Irani SA |Consumer Goods|Paper & Paper Products
1904.TW|Cheng Loong Corp |Consumer Goods|Paper & Paper Products
2002.HK|China Sunshine Paper Holdings |Consumer Goods|Paper & Paper Products
1905.TW|Chung Hwa Pulp Corp |Consumer Goods|Paper & Paper Products
BAUH449.SA|CIA Melhoramentos de Sao Paulo |Consumer Goods|Paper & Paper Products
CLW|Clearwater Paper Corporation |Consumer Goods|Paper & Paper Products
0439.HK|Climax International Co., Ltd. |Consumer Goods|Paper & Paper Products
0794.HK|Come Sure Group holdings |Consumer Goods|Paper & Paper Products
0CS.DE|Come Sure Group holdings |Consumer Goods|Paper & Paper Products
COSBOARD.BO|Cosboard Industries Ltd |Consumer Goods|Paper & Paper Products
CRPR.L|Cropper (James) PLC |Consumer Goods|Paper & Paper Products
DPR.DE|Daio Paper Corporation |Consumer Goods|Paper & Paper Products
DECOMIC.BO|Deco-Mica Ltd |Consumer Goods|Paper & Paper Products
DLX.DE|Delignit AG |Consumer Goods|Paper & Paper Products
G2K1.DE|Domtar Corp |Consumer Goods|Paper & Paper Products
UFS.TO|Domtar Corp |Consumer Goods|Paper & Paper Products
UFS|Domtar Corporation |Consumer Goods|Paper & Paper Products
EMAMIPAP.BO|Emami Paper Mills Ltd |Consumer Goods|Paper & Paper Products
ENCA.DE|Ence Energia Y Celulosa SA |Consumer Goods|Paper & Paper Products
EXAC.PA|Exacompta Clairefontaine |Consumer Goods|Paper & Paper Products
BAZA258.SA|Fibria Celulose SA |Consumer Goods|Paper & Paper Products
FBR|Fibria Celulose SA |Consumer Goods|Paper & Paper Products
FBRN.MX|Fibria Celulose SA |Consumer Goods|Paper & Paper Products
VCLC.DE|Fibria Celulose SA |Consumer Goods|Paper & Paper Products
FINCOM.BO|Fintech Communication Ltd |Consumer Goods|Paper & Paper Products
FTP.TO|Fortress Paper Ltd |Consumer Goods|Paper & Paper Products
LII.DE|Fortress Paper Ltd |Consumer Goods|Paper & Paper Products
GRATEXI.BO|Gratex Industries Ltd |Consumer Goods|Paper & Paper Products
GNIN|Green Innovations Ltd. |Consumer Goods|Paper & Paper Products
HARIAEXP.BO|Haria Exports Ltd |Consumer Goods|Paper & Paper Products
HEZ.DE|Herlitz AG |Consumer Goods|Paper & Paper Products
HPE.DE|Hokuetsu Kishu Paper Co Ltd |Consumer Goods|Paper & Paper Products
HL9B.DE|Holmen AB |Consumer Goods|Paper & Paper Products
HOLM-A.ST|Holmen AB |Consumer Goods|Paper & Paper Products
HOLM-B.ST|Holmen AB |Consumer Goods|Paper & Paper Products
2320.HK|Hop Fung Group Holdings Ltd. |Consumer Goods|Paper & Paper Products
0450.HK|Hung Hing Printing Group Ltd. |Consumer Goods|Paper & Paper Products
IKP.DE|Indah Kiat Pulp & Paper |Consumer Goods|Paper & Paper Products
RINKUPL.BO|Indo Euro Indchem Ltd |Consumer Goods|Paper & Paper Products
APPAPER.BO|International Paper APPM Ltd |Consumer Goods|Paper & Paper Products
APPAPER.NS|International Paper APPM Ltd |Consumer Goods|Paper & Paper Products
0982.HK|iOne Holdings Limited |Consumer Goods|Paper & Paper Products
JKPAPER.NS|JK Paper Ltd |Consumer Goods|Paper & Paper Products
JKPPRQ.BO|JK Paper Ltd |Consumer Goods|Paper & Paper Products
KALPAPER.BO|Kalptaru Papers Ltd |Consumer Goods|Paper & Paper Products
KTU.DE|KapStone Paper & |Consumer Goods|Paper & Paper Products
KS|KapStone Paper and Packaging C |Consumer Goods|Paper & Paper Products
KAYPOWR.BO|Kay Power & Paper Ltd |Consumer Goods|Paper & Paper Products
T7F1.DE|Kazakhstan Kagazy PLC |Consumer Goods|Paper & Paper Products
BAUH381.SA|Klabin SA |Consumer Goods|Paper & Paper Products
BAZA379.SA|Klabin SA |Consumer Goods|Paper & Paper Products
ABCPAPER.BO|Kuantum Papers Ltd |Consumer Goods|Paper & Paper Products
2314.HK|Lee & Man Paper |Consumer Goods|Paper & Paper Products
LMP.DE|Lee & Man Paper Manufactu |Consumer Goods|Paper & Paper Products
1909.TW|Long Chen Paper Co Ltd |Consumer Goods|Paper & Paper Products
MAGNUM.NS|Magnum Ventures Ltd |Consumer Goods|Paper & Paper Products
MAGNUMV.BO|Magnum Ventures Ltd |Consumer Goods|Paper & Paper Products
MALUPAPER.BO|Malu Paper Mills Ltd |Consumer Goods|Paper & Paper Products
MALUPAPER.NS|Malu Paper Mills Ltd |Consumer Goods|Paper & Paper Products
AEZ.DE|Mercer International Inc |Consumer Goods|Paper & Paper Products
MERC|Mercer International Inc. |Consumer Goods|Paper & Paper Products
MSRB.DE|Metsa Board Corp |Consumer Goods|Paper & Paper Products
MPX.DE|Mitsubishi Paper Mills Ltd |Consumer Goods|Paper & Paper Products
MOHITPPR.BO|Mohit Paper Mills Ltd |Consumer Goods|Paper & Paper Products
MSK.MI|Moleskine SpA |Consumer Goods|Paper & Paper Products
KYC.DE|Mondi PLC |Consumer Goods|Paper & Paper Products
MNDI.L|Mondi PLC |Consumer Goods|Paper & Paper Products
MYSPAPE.BO|Mysore Paper Mills Ltd |Consumer Goods|Paper & Paper Products
NATHPUL.BO|Nath Pulp & Paper Mills Ltd |Consumer Goods|Paper & Paper Products
NQI.DE|Neenah Paper Inc |Consumer Goods|Paper & Paper Products
NP|Neenah Paper, Inc. |Consumer Goods|Paper & Paper Products
N3Y.DE|Nine Dragons Paper |Consumer Goods|Paper & Paper Products
2689.HK|Nine Dragons Paper holdings |Consumer Goods|Paper & Paper Products
NK2A.DE|Norske Skogindustrier ASA |Consumer Goods|Paper & Paper Products
NSG.OL|Norske Skogindustrier ASA |Consumer Goods|Paper & Paper Products
NSGO.ST|Norske Skogindustrier ASA |Consumer Goods|Paper & Paper Products
NRAGRINDQ.BO|NR Agarwal Industries Ltd |Consumer Goods|Paper & Paper Products
OJI.DE|Oji Holdings Corp |Consumer Goods|Paper & Paper Products
ORIENTP.BO|Orient Paper & Industries Ltd |Consumer Goods|Paper & Paper Products
ORIENTPPR.NS|Orient Paper & Industries Ltd |Consumer Goods|Paper & Paper Products
UOPN.DE|Orient Paper Inc |Consumer Goods|Paper & Paper Products
ONP|Orient Paper, Inc. |Consumer Goods|Paper & Paper Products
3366.HK|Overseas Chinese Town (As |Consumer Goods|Paper & Paper Products
OB9.DE|Pabrik Kertas Tjiwi Kimia Tbk |Consumer Goods|Paper & Paper Products
1906.TW|Pao Long International Co Ltd |Consumer Goods|Paper & Paper Products
PPX.AX|PaperlinX Ltd |Consumer Goods|Paper & Paper Products
GLT|PH Glatfelter Co. |Consumer Goods|Paper & Paper Products
8011.HK|Polyard Petroleum |Consumer Goods|Paper & Paper Products
PO9.DE|Portucel - Empresa |Consumer Goods|Paper & Paper Products
PDUMJEIND.NS|Pudumjee Industries Ltd |Consumer Goods|Paper & Paper Products
PUDMJEIND.BO|Pudumjee Industries Ltd |Consumer Goods|Paper & Paper Products
PDUMJEPU.BO|Pudumjee Pulp & Paper |Consumer Goods|Paper & Paper Products
PDUMJEPUL.NS|Pudumjee Pulp & Paper |Consumer Goods|Paper & Paper Products
RAINBOWPA.NS|Rainbow Papers Ltd |Consumer Goods|Paper & Paper Products
RAINBOWPQ.BO|Rainbow Papers Ltd |Consumer Goods|Paper & Paper Products
RAMAPPR-B.BO|Rama Paper Mills Ltd |Consumer Goods|Paper & Paper Products
RAMAPULP.BO|Rama Pulp & Papers Ltd |Consumer Goods|Paper & Paper Products
RM.MI|Reno de Medici SPA |Consumer Goods|Paper & Paper Products
RFP|Resolute Forest Products Inc. |Consumer Goods|Paper & Paper Products
RFP.TO|Resolute Forest Products Inc. |Consumer Goods|Paper & Paper Products
RROS.ST|Rottneros AB |Consumer Goods|Paper & Paper Products
RUCHIRA.BO|Ruchira Papers Ltd |Consumer Goods|Paper & Paper Products
RUCHIRA.NS|Ruchira Papers Ltd |Consumer Goods|Paper & Paper Products
MADPAPER.BO|Saffron Industries Ltd |Consumer Goods|Paper & Paper Products
SANPA.BO|Sangal Papers Ltd |Consumer Goods|Paper & Paper Products
SPI.DE|Sappi, Ltd. |Consumer Goods|Paper & Paper Products
SARDAPPR.BO|Sarda Papers Ltd |Consumer Goods|Paper & Paper Products
1768.HK|Sateri Holdings Ltd. |Consumer Goods|Paper & Paper Products
SWM|Schweitzer-Mauduit Internation |Consumer Goods|Paper & Paper Products
MH2.DE|Schweitzer-Mauduit Intl |Consumer Goods|Paper & Paper Products
SCIO|Scio Diamond Technology Corpor |Consumer Goods|Paper & Paper Products
VOR.PA|Sequana |Consumer Goods|Paper & Paper Products
WM4.DE|Sequana |Consumer Goods|Paper & Paper Products
SERVALL.NS|Servalakshmi Paper Ltd |Consumer Goods|Paper & Paper Products
SESHAPAPE.NS|Seshasayee Paper & Boards Ltd |Consumer Goods|Paper & Paper Products
SESHAPPR.BO|Seshasayee Paper & Boards Ltd |Consumer Goods|Paper & Paper Products
SHALIWIR.BO|Shalimar Wires Industries Ltd |Consumer Goods|Paper & Paper Products
SCD1.DE|Shandong Chenming Paper |Consumer Goods|Paper & Paper Products
1812.HK|Shandong Chenming Paper H |Consumer Goods|Paper & Paper Products
1903.TW|Shihlin Paper Corp |Consumer Goods|Paper & Paper Products
SHREEAJIT.BO|Shree Ajit Pulp & Paper Ltd |Consumer Goods|Paper & Paper Products
SHBHAWPA.BO|Shree Bhawani Paper Mills Ltd |Consumer Goods|Paper & Paper Products
SKPMIL.BO|Shree Krishna Paper Mills |Consumer Goods|Paper & Paper Products
SRPML.BO|Shree Rajeshwaran |Consumer Goods|Paper & Paper Products
RAMANEWS.NS|Shree Rama Newsprint Ltd |Consumer Goods|Paper & Paper Products
RAMANEWSPR.BO|Shree Rama Newsprint Ltd |Consumer Goods|Paper & Paper Products
SHREYANIN.NS|Shreyans Industries Ltd |Consumer Goods|Paper & Paper Products
SHRYNIND.BO|Shreyans Industries Ltd |Consumer Goods|Paper & Paper Products
SIMPLXPAP.BO|Simplex Papers Ltd |Consumer Goods|Paper & Paper Products
SIRPAPER.NS|Sirpur Paper Mills Ltd |Consumer Goods|Paper & Paper Products
SIRPUR.BO|Sirpur Paper Mills Ltd |Consumer Goods|Paper & Paper Products
SOMAPPR.BO|Soma Papers & Industries Ltd |Consumer Goods|Paper & Paper Products
STHINPA.BO|South India Paper Mills |Consumer Goods|Paper & Paper Products
0970.HK|Sparkle Roll Group Ltd. |Consumer Goods|Paper & Paper Products
SPECIAPP.BO|Speciality Papers Ltd |Consumer Goods|Paper & Paper Products
SREESAKHTI.BO|Sree Sakthi Paper Mills Ltd |Consumer Goods|Paper & Paper Products
STARPAPER.NS|Star Paper Mills Ltd |Consumer Goods|Paper & Paper Products
STARPPR.BO|Star Paper Mills Ltd |Consumer Goods|Paper & Paper Products
0403.HK|Starlite Holdings Ltd. |Consumer Goods|Paper & Paper Products
ENUR.DE|Stora Enso Oyj |Consumer Goods|Paper & Paper Products
STE-A.ST|Stora Enso Oyj |Consumer Goods|Paper & Paper Products
STE-R.ST|Stora Enso Oyj |Consumer Goods|Paper & Paper Products
SGMD|SugarMade, Inc. |Consumer Goods|Paper & Paper Products
SUNDARAM.BO|Sundaram Multi Pap Ltd |Consumer Goods|Paper & Paper Products
SUNDARAM.NS|Sundaram Multi Pap Ltd |Consumer Goods|Paper & Paper Products
SXP.TO|Supremex Inc |Consumer Goods|Paper & Paper Products
SUR.DE|Surteco SE |Consumer Goods|Paper & Paper Products
BAUH640.SA|Suzano Papel E Celulose SA |Consumer Goods|Paper & Paper Products
BAZA639.SA|Suzano Papel E Celulose SA |Consumer Goods|Paper & Paper Products
1902.TW|Taiwan Pulp & Paper Corp |Consumer Goods|Paper & Paper Products
TNPL.BO|Tamil Nadu Newsprint |Consumer Goods|Paper & Paper Products
TNPL.NS|Tamil Nadu Newsprint |Consumer Goods|Paper & Paper Products
TBB.DE|Tembec Inc |Consumer Goods|Paper & Paper Products
TMB.TO|Tembec Inc |Consumer Goods|Paper & Paper Products
RPL.DE|UPM-Kymmene Oyj |Consumer Goods|Paper & Paper Products
U09.SI|UPP Holdings Ltd |Consumer Goods|Paper & Paper Products
VRS|Verso Corporation |Consumer Goods|Paper & Paper Products
3331.HK|Vinda International |Consumer Goods|Paper & Paper Products
VOITHPAPR.BO|Voith Paper Fabrics India Ltd |Consumer Goods|Paper & Paper Products
WSQ.DE|Wausau Paper Corp |Consumer Goods|Paper & Paper Products
WPP|Wausau Paper Corp. |Consumer Goods|Paper & Paper Products
WESTCOASTP.BO|West Coast Paper Mills Ltd. |Consumer Goods|Paper & Paper Products
WSTCSTPAP.NS|West Coast Paper Mills Ltd. |Consumer Goods|Paper & Paper Products
WBE.V|WestBond Enterprises Corp |Consumer Goods|Paper & Paper Products
YASHPPR.BO|Yash Papers Ltd |Consumer Goods|Paper & Paper Products
1907.TW|YFY Inc |Consumer Goods|Paper & Paper Products
YB1.DE|Youbisheng Green Paper AG |Consumer Goods|Paper & Paper Products
2268.HK|Youyuan International |Consumer Goods|Paper & Paper Products
