More Info|Industry: Personal Products |Consumer Goods|Personal Products
AD3.DE|Aderans Co Ltd |Consumer Goods|Personal Products
ADORMUL.BO|Ador Multiproducts Ltd |Consumer Goods|Personal Products
MLAKD.PA|Akd |Consumer Goods|Personal Products
ALPHY.PA|Alès Groupe |Consumer Goods|Personal Products
AMBICAGR.BO|Ambica Agarbathies & Arom |Consumer Goods|Personal Products
AMBIT.BO|Ambitious Plastomac Co Ltd |Consumer Goods|Personal Products
AMRUTANJ.BO|Amrutanjan Health Care Ltd. |Consumer Goods|Personal Products
AMRUTANJA.NS|Amrutanjan Health Care Ltd. |Consumer Goods|Personal Products
AHY.AX|Asaleo Care Ltd |Consumer Goods|Personal Products
AVON34.SA|Avon Products Inc |Consumer Goods|Personal Products
AVP.BA|Avon Products Inc |Consumer Goods|Personal Products
AVP.DE|Avon Products Inc |Consumer Goods|Personal Products
AVP|Avon Products Inc. |Consumer Goods|Personal Products
BCRA.PA|Baccarat SA |Consumer Goods|Personal Products
BAJAJCORP.BO|Bajaj Corp Ltd |Consumer Goods|Personal Products
BAJAJCORP.NS|Bajaj Corp Ltd. |Consumer Goods|Personal Products
1338.HK|BaWang International Group |Consumer Goods|Personal Products
6BK.DE|BaWang International Group |Consumer Goods|Personal Products
BHATICH.BO|BCL Industries |Consumer Goods|Personal Products
BEI.DE|Beiersdorf AG |Consumer Goods|Personal Products
0925.HK|Beijing Properties holdings |Consumer Goods|Personal Products
5ER.SI|Best world international Ltd |Consumer Goods|Personal Products
HUL.DE|BHS tabletop AG |Consumer Goods|Personal Products
BB.PA|Bic |Consumer Goods|Personal Products
BIF.DE|Bic |Consumer Goods|Personal Products
BKL.AX|Blackmores Ltd |Consumer Goods|Personal Products
BTH|Blyth, Inc. |Consumer Goods|Personal Products
BLBD|BOLDFACE Group, Inc. |Consumer Goods|Personal Products
BLBK|BOLDFACE Group, Inc. |Consumer Goods|Personal Products
BLBK|BOLDFACE Group, Inc. |Consumer Goods|Personal Products
BLBK|BOLDFACE Group, Inc. |Consumer Goods|Personal Products
BAUH26.SA|Bombril SA |Consumer Goods|Personal Products
BMW.V|Brand Marvel Worldwide |Consumer Goods|Personal Products
BYOT.L|Byotrol PLC |Consumer Goods|Personal Products
CAW|CCA Industries Inc. |Consumer Goods|Personal Products
Y35.SI|CEFC International Ltd |Consumer Goods|Personal Products
8176.HK|China AU Group Ltd. |Consumer Goods|Personal Products
3318.HK|China Flavors |Consumer Goods|Personal Products
CXU.DE|Church & Dwight Company, Inc. |Consumer Goods|Personal Products
CHH.L|Churchill China PLC |Consumer Goods|Personal Products
CXX.DE|Clorox Co |Consumer Goods|Personal Products
COLGATE.BO|Colgate-Palmolive (India) Ltd |Consumer Goods|Personal Products
COLPAL.NS|Colgate-Palmolive (India) Ltd |Consumer Goods|Personal Products
CL.MX|Colgate-Palmolive Co |Consumer Goods|Personal Products
CLG.L|Colgate-Palmolive Co |Consumer Goods|Personal Products
COLG34.SA|Colgate-Palmolive Co |Consumer Goods|Personal Products
CPA.DE|Colgate-Palmolive Co |Consumer Goods|Personal Products
CL|Colgate-Palmolive Co. |Consumer Goods|Personal Products
COTY|Coty Inc. |Consumer Goods|Personal Products
CRL.L|Creightons PLC |Consumer Goods|Personal Products
CUPID.BO|Cupid Ltd |Consumer Goods|Personal Products
DABUR.BO|Dabur India Ltd |Consumer Goods|Personal Products
DABUR.NS|Dabur India Ltd |Consumer Goods|Personal Products
MDAV|Davi Luxury Brand Group, Inc. |Consumer Goods|Personal Products
MDAV|Davi Luxury Brand Group, Inc. |Consumer Goods|Personal Products
DSKX|DS Healthcare Group, Inc. |Consumer Goods|Personal Products
DUNI.ST|Duni AB |Consumer Goods|Personal Products
ECQ.AX|Eco Quest Limited |Consumer Goods|Personal Products
EDD3.DE|Edding AG |Consumer Goods|Personal Products
ELDERHCL.BO|Elder Health Care Ltd |Consumer Goods|Personal Products
FR2.DE|Elizabeth Arden Inc |Consumer Goods|Personal Products
RDEN|Elizabeth Arden, Inc. |Consumer Goods|Personal Products
ELN.ST|Ellen AB |Consumer Goods|Personal Products
EMAMI.BO|Emami Ltd |Consumer Goods|Personal Products
EMAMILTD.NS|Emami Ltd |Consumer Goods|Personal Products
NUVI|Emo Capital Corp. |Consumer Goods|Personal Products
EMPO|Empowered Products, Inc. |Consumer Goods|Personal Products
EGZ.DE|Energizer Holdings Inc |Consumer Goods|Personal Products
ENR|Energizer Holdings Inc. |Consumer Goods|Personal Products
EHSK|Enhance Skin Products Inc. |Consumer Goods|Personal Products
ELAA.DE|Estee Lauder Cos Inc |Consumer Goods|Personal Products
1730.TW|Farcent Enterprise Co Ltd |Consumer Goods|Personal Products
FAYE.PA|Fayenceries de Sarreguemines |Consumer Goods|Personal Products
LEBL.PA|Fonciere 7 Investissement |Consumer Goods|Personal Products
VELL.AT|GE Dimitriou Commercial Co SA |Consumer Goods|Personal Products
GILLETTE.BO|Gillette India Ltd |Consumer Goods|Personal Products
GILLETTE.NS|Gillette India Ltd |Consumer Goods|Personal Products
FED.MI|Giorgio Fedon & Figli |Consumer Goods|Personal Products
FED.PA|Giorgio Fedon & Figli |Consumer Goods|Personal Products
GODREJCP.BO|Godrej Consumer Products Ltd |Consumer Goods|Personal Products
GODREJCP.NS|Godrej Consumer Products Ltd |Consumer Goods|Personal Products
GRB.DE|Groupe Seb |Consumer Goods|Personal Products
SK.PA|Groupe Seb |Consumer Goods|Personal Products
GUYD.PA|Guy Degrenne |Consumer Goods|Personal Products
HT2.DE|Helen of Troy, Ltd. |Consumer Goods|Personal Products
1044.HK|Hengan International |Consumer Goods|Personal Products
HGNC.DE|Hengan Intl Group Co |Consumer Goods|Personal Products
HEN.DE|Henkel AG & Co KGaA |Consumer Goods|Personal Products
HEN3.DE|Henkel AG & Co KGaA |Consumer Goods|Personal Products
HOO.DE|Herbalife Ltd |Consumer Goods|Personal Products
HLF|Herbalife Ltd. |Consumer Goods|Personal Products
BAUH317.SA|Hercules |Consumer Goods|Personal Products
BAZA316.SA|Hercules |Consumer Goods|Personal Products
HINDUNILV.NS|Hindustan Unilever Ltd |Consumer Goods|Personal Products
HUL.BO|Hindustan Unilever Ltd |Consumer Goods|Personal Products
HIPOLIN.BO|Hipolin Ltd |Consumer Goods|Personal Products
EROX|Human Pheromone Sciences Inc. |Consumer Goods|Personal Products
0704.HK|Huscoke Resources Holding |Consumer Goods|Personal Products
BAZA322.SA|Hypermarcas SA |Consumer Goods|Personal Products
JF1.DE|Inter Parfums Inc |Consumer Goods|Personal Products
IPAR|Inter Parfums Inc. |Consumer Goods|Personal Products
ITP.PA|Interparfums |Consumer Goods|Personal Products
JBOG.PA|Jacques Bogart |Consumer Goods|Personal Products
JAVNTPR.BO|Jayavant Products Ltd |Consumer Goods|Personal Products
JHS.BO|JHS Svendgaard Labs |Consumer Goods|Personal Products
JHS.NS|JHS Svendgaard Labs |Consumer Goods|Personal Products
JLMORI.BO|JL Morison India Ltd |Consumer Goods|Personal Products
JYOTHYLAB.BO|Jyothy Laboratories Ltd |Consumer Goods|Personal Products
JYOTHYLAB.NS|Jyothy Laboratories Ltd |Consumer Goods|Personal Products
9919.TW|Kang Hsiung Enterprise |Consumer Goods|Personal Products
KAO.DE|Kao Corp |Consumer Goods|Personal Products
4FX.DE|Kimberly - Clark |Consumer Goods|Personal Products
KIMBERA.MX|Kimberly - Clark |Consumer Goods|Personal Products
KIMBERB.MX|Kimberly - Clark |Consumer Goods|Personal Products
KMY.DE|Kimberly-Clark Corp |Consumer Goods|Personal Products
KMB|Kimberly-Clark Corporation |Consumer Goods|Personal Products
KOY.DE|Kobayashi Pharmaceutical |Consumer Goods|Personal Products
KORRES.AT|Korres SA Natural Products |Consumer Goods|Personal Products
KPT.TO|KP Tissue Inc |Consumer Goods|Personal Products
0973.HK|L'Occitane International SA |Consumer Goods|Personal Products
COC.DE|L'Occitane International SA |Consumer Goods|Personal Products
LOR.DE|L'Oreal SA |Consumer Goods|Personal Products
OR.MI|L'Oreal SA |Consumer Goods|Personal Products
OR.PA|L'Oreal SA |Consumer Goods|Personal Products
LEI.DE|Leifheit AG |Consumer Goods|Personal Products
1225.HK|Lerado Group Co. |Consumer Goods|Personal Products
MLTRC.PA|Les Trois Chenes |Consumer Goods|Personal Products
LFVN|Lifevantage Corporation |Consumer Goods|Personal Products
LOC.DE|Lion Corporation |Consumer Goods|Personal Products
0526.HK|Lisi Group ( Holdings) Limited |Consumer Goods|Personal Products
8037.HK|Longlife Group Holdings Ltd. |Consumer Goods|Personal Products
MAGNA.BO|Magna Industries & Exports Ltd |Consumer Goods|Personal Products
MD9.DE|Mandom Corporation |Consumer Goods|Personal Products
MTEX|Mannatech, Incorporated |Consumer Goods|Personal Products
1732.TW|Mao Bao Inc |Consumer Goods|Personal Products
MARICO.BO|Marico Ltd |Consumer Goods|Personal Products
MARICO.NS|Marico Ltd |Consumer Goods|Personal Products
ALMAS.PA|Mastrad SA |Consumer Goods|Personal Products
MCB.L|McBride PLC |Consumer Goods|Personal Products
MSHOP.AT|Mediterra SA |Consumer Goods|Personal Products
MSON-A.ST|Midsona AB |Consumer Goods|Personal Products
MSON-B.ST|Midsona AB |Consumer Goods|Personal Products
ALINN.PA|Millet Innovation SA |Consumer Goods|Personal Products
3828.HK|Ming Fai International |Consumer Goods|Personal Products
36Y.DE|Ming Fai Intl Hldgs |Consumer Goods|Personal Products
0919.HK|Modern Beauty Salon |Consumer Goods|Personal Products
M3L.DE|Modern Beauty Salon Hldgs |Consumer Goods|Personal Products
QF9.DE|Multi Indocitra Tbk |Consumer Goods|Personal Products
BAZA433.SA|Mundial - Produtos |Consumer Goods|Personal Products
BAZA463.SA|Nadir Figueiredo Indus |Consumer Goods|Personal Products
BAUH466.SA|Natura Cosmeticos SA |Consumer Goods|Personal Products
NA2.DE|Natural Alternatives |Consumer Goods|Personal Products
0157.HK|Natural Beauty Bio-Tech |Consumer Goods|Personal Products
NHTC|Natural Health Trends Corp. |Consumer Goods|Personal Products
NWL.DE|Newell Rubbermaid Inc |Consumer Goods|Personal Products
NUS.DE|Nu Skin Enterprises Inc |Consumer Goods|Personal Products
NUS|Nu Skin Enterprises Inc. |Consumer Goods|Personal Products
ONTEX.BR|Ontex Group NV |Consumer Goods|Personal Products
OFC.DE|Oriflame Cosmetics SA |Consumer Goods|Personal Products
ORI-SDB.ST|Oriflame Cosmetics SA |Consumer Goods|Personal Products
PLAS.AT|Papoutsanis SA |Consumer Goods|Personal Products
PARMCOS-B.BO|Paramount Cosmetics |Consumer Goods|Personal Products
PCCOSMA.BO|Pee Cee Cosma Sope Ltd |Consumer Goods|Personal Products
SYM.AX|Pental Limited |Consumer Goods|Personal Products
PTL.AX|Pental Ltd |Consumer Goods|Personal Products
PG.BA|Procter & Gamble Co |Consumer Goods|Personal Products
PG.MX|Procter & Gamble Co |Consumer Goods|Personal Products
PGCO34.SA|Procter & Gamble Co |Consumer Goods|Personal Products
PGP.PA|Procter & Gamble Co |Consumer Goods|Personal Products
PRG.DE|Procter & Gamble Co |Consumer Goods|Personal Products
PGHH.NS|Procter & Gamble Hygiene |Consumer Goods|Personal Products
PNG.BO|Procter & Gamble Hygiene |Consumer Goods|Personal Products
PXS.L|Provexis PLC |Consumer Goods|Personal Products
PZC.L|PZ Cussons PLC |Consumer Goods|Personal Products
0033.HK|Rainbow Brothers Holdings Ltd. |Consumer Goods|Personal Products
RAMAVISI.BO|Rama Vision Ltd |Consumer Goods|Personal Products
REAL.BR|Realco SA |Consumer Goods|Personal Products
3RB.DE|Reckitt Benckiser Group PLC |Consumer Goods|Personal Products
RB.L|Reckitt Benckiser Group PLC |Consumer Goods|Personal Products
REV|Revlon, Inc. |Consumer Goods|Personal Products
RIGO.BA|Rigolleau SA |Consumer Goods|Personal Products
SAR.AT|Sarantis SA |Consumer Goods|Personal Products
8200.HK|Sau San Tong Holdings Ltd. |Consumer Goods|Personal Products
BEUT|Science to Consumers, Inc. |Consumer Goods|Personal Products
SLGD|Scott's Liquid Gold Inc. |Consumer Goods|Personal Products
SEJALGLAS.BO|Sezal Glass Ltd. |Consumer Goods|Personal Products
SHD.DE|Shiseido Co Ltd |Consumer Goods|Personal Products
SNNC|Sibannac, Inc. |Consumer Goods|Personal Products
SPB|Spectrum Brands Holdings, Inc. |Consumer Goods|Personal Products
SUMR|Summer Infant, Inc. |Consumer Goods|Personal Products
SCA-A.ST|Svenska Cellulosa AB |Consumer Goods|Personal Products
SCA-B.ST|Svenska Cellulosa AB |Consumer Goods|Personal Products
SCA.DE|Svenska Cellulosa AB |Consumer Goods|Personal Products
SWL.L|Swallowfield PLC |Consumer Goods|Personal Products
SWI.TO|Swisher Hygiene Inc |Consumer Goods|Personal Products
JYOTICOS.BO|Synergy Cosmetics (Exim) Ltd |Consumer Goods|Personal Products
1737.TW|Taiyen Biotech Co Ltd |Consumer Goods|Personal Products
NUUU|Technology Applications Intern |Consumer Goods|Personal Products
EL|The Estée Lauder Companies Inc |Consumer Goods|Personal Products
FHCO|The Female Health Company |Consumer Goods|Personal Products
PG|The Procter & Gamble Company |Consumer Goods|Personal Products
RCGP|The Radiant Creations Group, I |Consumer Goods|Personal Products
RCGP|The Radiant Creations Group, I |Consumer Goods|Personal Products
ECO.NZ|Trilogy International Ltd |Consumer Goods|Personal Products
ULDV.PA|Ulric de Varens |Consumer Goods|Personal Products
UN4.DE|Unicharm Corp |Consumer Goods|Personal Products
UN|Unilever NV |Consumer Goods|Personal Products
UNA.MI|Unilever NV |Consumer Goods|Personal Products
UNIN.DE|Unilever NV |Consumer Goods|Personal Products
UL|Unilever plc |Consumer Goods|Personal Products
ULN.MX|Unilever PLC |Consumer Goods|Personal Products
ULVR.L|Unilever PLC |Consumer Goods|Personal Products
UNVA.DE|Unilever PLC |Consumer Goods|Personal Products
UNVB.DE|Unilever PLC |Consumer Goods|Personal Products
UG|United-Guardian Inc. |Consumer Goods|Personal Products
USJ.DE|Usana Health Sciences Inc |Consumer Goods|Personal Products
31V.DE|Vinda International Hldgs |Consumer Goods|Personal Products
QEBR|Virtual Medical International, |Consumer Goods|Personal Products
YALCO.AT|Yalco Constantinoy SA |Consumer Goods|Personal Products
INTENSIV.BO|Yuvraaj Hygiene Products Ltd |Consumer Goods|Personal Products
ZYDUSWELL.BO|Zydus Wellness Ltd |Consumer Goods|Personal Products
ZYDUSWELL.NS|Zydus Wellness Ltd |Consumer Goods|Personal Products
INBI|Infusion Brands International, |Consumer Goods|Personal Products
