More Info|Industry: Textile - Apparel Footwear & Accessories |Consumer Goods|Textile - Apparel Footwear & Accessories
ACKNIT.BO|Acknit Industries Ltd |Consumer Goods|Textile - Apparel Footwear & Accessories
ADS.DE|Adidas AG |Consumer Goods|Textile - Apparel Footwear & Accessories
ALPA3.SA|Alpargatas SA |Consumer Goods|Textile - Apparel Footwear & Accessories
ALPA4.SA|Alpargatas SA |Consumer Goods|Textile - Apparel Footwear & Accessories
AS7.DE|ANTA Sports Products Ltd |Consumer Goods|Textile - Apparel Footwear & Accessories
2020.HK|ANTA Sports Products Ltd. |Consumer Goods|Textile - Apparel Footwear & Accessories
ARZZ3.SA|Arezzo Industria E Comercio SA |Consumer Goods|Textile - Apparel Footwear & Accessories
AURI|Auri, Inc |Consumer Goods|Textile - Apparel Footwear & Accessories
BANARASB.BO|Banaras Beads Ltd |Consumer Goods|Textile - Apparel Footwear & Accessories
1880.HK|Belle International |Consumer Goods|Textile - Apparel Footwear & Accessories
EF9.DE|Belle International Hlds |Consumer Goods|Textile - Apparel Footwear & Accessories
BIL.BO|Bhartiya International Ltd |Consumer Goods|Textile - Apparel Footwear & Accessories
BIL.NS|Bhartiya International Ltd |Consumer Goods|Textile - Apparel Footwear & Accessories
BWS|Brown Shoe Co. Inc. |Consumer Goods|Textile - Apparel Footwear & Accessories
CEENIK.BO|Ceenik Exports (India) Ltd |Consumer Goods|Textile - Apparel Footwear & Accessories
CHSR.PA|Chausseria |Consumer Goods|Textile - Apparel Footwear & Accessories
3C6A.DE|China Sports International Ltd |Consumer Goods|Textile - Apparel Footwear & Accessories
FQ8.SI|China Sports International Ltd |Consumer Goods|Textile - Apparel Footwear & Accessories
COH|Coach, Inc. |Consumer Goods|Textile - Apparel Footwear & Accessories
C7N.DE|Crocs Inc |Consumer Goods|Textile - Apparel Footwear & Accessories
CROX|Crocs, Inc. |Consumer Goods|Textile - Apparel Footwear & Accessories
FP1.SI|Dapai International |Consumer Goods|Textile - Apparel Footwear & Accessories
0210.HK|Daphne International |Consumer Goods|Textile - Apparel Footwear & Accessories
PSX.DE|Daphne International |Consumer Goods|Textile - Apparel Footwear & Accessories
DO2.DE|Deckers Outdoor Corp |Consumer Goods|Textile - Apparel Footwear & Accessories
DECK|Deckers Outdoor Corp. |Consumer Goods|Textile - Apparel Footwear & Accessories
EUROLED.BO|Euro Leder Fashion Ltd |Consumer Goods|Textile - Apparel Footwear & Accessories
EDS|Exceed Company Ltd. |Consumer Goods|Textile - Apparel Footwear & Accessories
FCA.DE|Fast Casualwear AG |Consumer Goods|Textile - Apparel Footwear & Accessories
9910.TW|Feng Tay Enterprises Co Ltd |Consumer Goods|Textile - Apparel Footwear & Accessories
WOO.DE|Foot Locker Inc |Consumer Goods|Textile - Apparel Footwear & Accessories
FL|Foot Locker, Inc. |Consumer Goods|Textile - Apparel Footwear & Accessories
FORD|Forward Industries Inc. |Consumer Goods|Textile - Apparel Footwear & Accessories
FSL.DE|Fossil Group Inc |Consumer Goods|Textile - Apparel Footwear & Accessories
FOSL|Fossil Group, Inc. |Consumer Goods|Textile - Apparel Footwear & Accessories
GEO.MI|Geox |Consumer Goods|Textile - Apparel Footwear & Accessories
GHH.DE|Geox |Consumer Goods|Textile - Apparel Footwear & Accessories
BAUH303.SA|Grendene SA |Consumer Goods|Textile - Apparel Footwear & Accessories
GRIM.BA|Grimoldi SA |Consumer Goods|Textile - Apparel Footwear & Accessories
ICON|Iconix Brand Group, Inc. |Consumer Goods|Textile - Apparel Footwear & Accessories
JASCH.BO|Jasch Industries Ltd |Consumer Goods|Textile - Apparel Footwear & Accessories
KARANWO.BO|Karan Woo-Sin Ltd |Consumer Goods|Textile - Apparel Footwear & Accessories
PP.MI|Kering |Consumer Goods|Textile - Apparel Footwear & Accessories
PP.PA|Kering |Consumer Goods|Textile - Apparel Footwear & Accessories
PPX.DE|Kering |Consumer Goods|Textile - Apparel Footwear & Accessories
KIND.PA|Kindy |Consumer Goods|Textile - Apparel Footwear & Accessories
1170.HK|Kingmaker Footwear |Consumer Goods|Textile - Apparel Footwear & Accessories
0645.HK|KTP Holdings Ltd. |Consumer Goods|Textile - Apparel Footwear & Accessories
LEHAR.BO|Lawreshwar Polymers Ltd |Consumer Goods|Textile - Apparel Footwear & Accessories
0738.HK|Le Saunda Holdings Ltd. |Consumer Goods|Textile - Apparel Footwear & Accessories
LTAN.PA|Le Tanneur et Compagnie |Consumer Goods|Textile - Apparel Footwear & Accessories
LIBERTSHO.NS|Liberty Shoes Ltd |Consumer Goods|Textile - Apparel Footwear & Accessories
LIBERTY.BO|Liberty Shoes Ltd |Consumer Goods|Textile - Apparel Footwear & Accessories
MAYUR.BO|Mayur Leather Products Ltd |Consumer Goods|Textile - Apparel Footwear & Accessories
MHI.AX|Merchant House Internatio |Consumer Goods|Textile - Apparel Footwear & Accessories
MIRZA.BO|Mirza International Ltd |Consumer Goods|Textile - Apparel Footwear & Accessories
MIRZAINT.NS|Mirza International Ltd |Consumer Goods|Textile - Apparel Footwear & Accessories
MUL.L|Mulberry Group PLC |Consumer Goods|Textile - Apparel Footwear & Accessories
NBU.L|Naibu Global Intl Co |Consumer Goods|Textile - Apparel Footwear & Accessories
NBFOOT.BO|NB Footwear Ltd |Consumer Goods|Textile - Apparel Footwear & Accessories
NIKE34.SA|Nike Inc |Consumer Goods|Textile - Apparel Footwear & Accessories
NKE.BA|Nike Inc |Consumer Goods|Textile - Apparel Footwear & Accessories
NKE.DE|Nike Inc |Consumer Goods|Textile - Apparel Footwear & Accessories
NKE|Nike, Inc. |Consumer Goods|Textile - Apparel Footwear & Accessories
OSCARGLO.BO|Oscar Global Ltd |Consumer Goods|Textile - Apparel Footwear & Accessories
0676.HK|Pegasus International |Consumer Goods|Textile - Apparel Footwear & Accessories
PHOENXIN.BO|Phoenix International Ltd |Consumer Goods|Textile - Apparel Footwear & Accessories
4LZ.DE|Piquadro |Consumer Goods|Textile - Apparel Footwear & Accessories
PQ.MI|Piquadro |Consumer Goods|Textile - Apparel Footwear & Accessories
PTD.L|Pittards PLC |Consumer Goods|Textile - Apparel Footwear & Accessories
9904.TW|Pou Chen Corp |Consumer Goods|Textile - Apparel Footwear & Accessories
P5C.DE|Pou Sheng International |Consumer Goods|Textile - Apparel Footwear & Accessories
1PL.DE|Powerland AG |Consumer Goods|Textile - Apparel Footwear & Accessories
PREMCO.BO|Premco Global Ltd |Consumer Goods|Textile - Apparel Footwear & Accessories
PUM.DE|Puma SE |Consumer Goods|Textile - Apparel Footwear & Accessories
RELAXO.BO|Relaxo Footwears Ltd |Consumer Goods|Textile - Apparel Footwear & Accessories
RCK.DE|Rocky Brands Inc |Consumer Goods|Textile - Apparel Footwear & Accessories
RCKY|Rocky Brands, Inc. |Consumer Goods|Textile - Apparel Footwear & Accessories
SRIND.BO|S R Industries Ltd |Consumer Goods|Textile - Apparel Footwear & Accessories
SAFARIND.BO|Safari Industries (India) Ltd |Consumer Goods|Textile - Apparel Footwear & Accessories
SARUPTAN.BO|Sarup Industries Ltd |Consumer Goods|Textile - Apparel Footwear & Accessories
SHOE.L|Shoe Zone PLC |Consumer Goods|Textile - Apparel Footwear & Accessories
MLSIM.PA|Simo International SA |Consumer Goods|Textile - Apparel Footwear & Accessories
SKAA.DE|Skechers USA Inc |Consumer Goods|Textile - Apparel Footwear & Accessories
SKX|Skechers USA Inc. |Consumer Goods|Textile - Apparel Footwear & Accessories
SPENTA.BO|Spenta International Ltd |Consumer Goods|Textile - Apparel Footwear & Accessories
1836.HK|Stella International |Consumer Goods|Textile - Apparel Footwear & Accessories
31S.DE|Stella International Hold |Consumer Goods|Textile - Apparel Footwear & Accessories
SHOO|Steven Madden, Ltd. |Consumer Goods|Textile - Apparel Footwear & Accessories
SUPERTAN.BO|Super Tannery Ltd |Consumer Goods|Textile - Apparel Footwear & Accessories
SUPRHOUSE.BO|Superhouse Ltd |Consumer Goods|Textile - Apparel Footwear & Accessories
1223.HK|Symphony Holdings Ltd. |Consumer Goods|Textile - Apparel Footwear & Accessories
TBACQ|Tandy Brands Accessories, Inc. |Consumer Goods|Textile - Apparel Footwear & Accessories
TLF|Tandy Leather Factory, Inc. |Consumer Goods|Textile - Apparel Footwear & Accessories
TITAN.NS|Titan Industries Ltd. |Consumer Goods|Textile - Apparel Footwear & Accessories
TOB.DE|Tod'S |Consumer Goods|Textile - Apparel Footwear & Accessories
TOD.MI|Tod'S |Consumer Goods|Textile - Apparel Footwear & Accessories
TUMI|Tumi Holdings, Inc. |Consumer Goods|Textile - Apparel Footwear & Accessories
US5.DE|Ultrasonic AG |Consumer Goods|Textile - Apparel Footwear & Accessories
VRA|Vera Bradley, Inc. |Consumer Goods|Textile - Apparel Footwear & Accessories
VIPIND.BO|VIP Industries Ltd. |Consumer Goods|Textile - Apparel Footwear & Accessories
VIPIND.NS|VIP Industries Ltd. |Consumer Goods|Textile - Apparel Footwear & Accessories
VIRAT.BO|Virat Industries Ltd |Consumer Goods|Textile - Apparel Footwear & Accessories
BAUH764.SA|Vulcabras Azaleia SA |Consumer Goods|Textile - Apparel Footwear & Accessories
0660.HK|Wai Chun Mining Industry |Consumer Goods|Textile - Apparel Footwear & Accessories
1386.HK|Walker Group Holdings Ltd. |Consumer Goods|Textile - Apparel Footwear & Accessories
WELTI.BO|Welterman International Ltd |Consumer Goods|Textile - Apparel Footwear & Accessories
WEYS|Weyco Group Inc. |Consumer Goods|Textile - Apparel Footwear & Accessories
WWW|Wolverine World Wide Inc. |Consumer Goods|Textile - Apparel Footwear & Accessories
WWLEATH.BO|Worldwide Leather Exports Ltd |Consumer Goods|Textile - Apparel Footwear & Accessories
0551.HK|Yue Yuen Industrial holdings |Consumer Goods|Textile - Apparel Footwear & Accessories
YUE1.DE|Yue Yuen Industrial holdings |Consumer Goods|Textile - Apparel Footwear & Accessories
