More Info|Industry: Aerospace/Defense - Major Diversified |Industrial Goods|Aerospace/Defense - Major Diversified
A53.SI|A-Sonic Aerospace Ltd |Industrial Goods|Aerospace/Defense - Major Diversified
ARZ.DE|AAR Corp |Industrial Goods|Aerospace/Defense - Major Diversified
ABGSHIP.BO|ABG Shipyard Ltd |Industrial Goods|Aerospace/Defense - Major Diversified
ABGSHIP.NS|ABG Shipyard Ltd |Industrial Goods|Aerospace/Defense - Major Diversified
DS1.DE|Acorn Energy Inc |Industrial Goods|Aerospace/Defense - Major Diversified
GCY.DE|Aerojet Rocketdyne |Industrial Goods|Aerospace/Defense - Major Diversified
AJRD|Aerojet Rocketdyne Holdings, I |Industrial Goods|Aerospace/Defense - Major Diversified
AMA.V|AeroMechanical Services Ltd. |Industrial Goods|Aerospace/Defense - Major Diversified
JPX.DE|AeroVironment Inc |Industrial Goods|Aerospace/Defense - Major Diversified
EAD.DE|Airbus Group NV |Industrial Goods|Aerospace/Defense - Major Diversified
EAD.PA|Airbus Group NV |Industrial Goods|Aerospace/Defense - Major Diversified
A04.SI|ASL Marine Holdings Ltd |Industrial Goods|Aerospace/Defense - Major Diversified
SP5A.DE|Astrotech Corp |Industrial Goods|Aerospace/Defense - Major Diversified
ASB.AX|Austal Ltd |Industrial Goods|Aerospace/Defense - Major Diversified
AVP.TO|Avcorp Industries Inc |Industrial Goods|Aerospace/Defense - Major Diversified
0232.HK|AVIC International |Industrial Goods|Aerospace/Defense - Major Diversified
CTQ.DE|AVIC International Holdin |Industrial Goods|Aerospace/Defense - Major Diversified
AVT.DE|AviChina Industry |Industrial Goods|Aerospace/Defense - Major Diversified
AVG.L|Avingtrans PLC |Industrial Goods|Aerospace/Defense - Major Diversified
AVON.L|Avon Rubber PLC |Industrial Goods|Aerospace/Defense - Major Diversified
BE1.DE|B/E Aerospace Inc |Industrial Goods|Aerospace/Defense - Major Diversified
BA.L|BAE Systems PLC |Industrial Goods|Aerospace/Defense - Major Diversified
BSP.DE|BAE Systems PLC |Industrial Goods|Aerospace/Defense - Major Diversified
BERGEN.OL|Bergen Group ASA |Industrial Goods|Aerospace/Defense - Major Diversified
BEL.BO|Bharat Electronics Ltd |Industrial Goods|Aerospace/Defense - Major Diversified
BEL.NS|Bharat Electronics Ltd |Industrial Goods|Aerospace/Defense - Major Diversified
BHARSHIP.BO|Bharati Shipyard Ltd |Industrial Goods|Aerospace/Defense - Major Diversified
BHARTISHI.NS|Bharati Shipyard Ltd |Industrial Goods|Aerospace/Defense - Major Diversified
BA.MX|Boeing Co |Industrial Goods|Aerospace/Defense - Major Diversified
BCO.DE|Boeing Co |Industrial Goods|Aerospace/Defense - Major Diversified
BOE.L|Boeing Co |Industrial Goods|Aerospace/Defense - Major Diversified
BOEI34.SA|Boeing Co |Industrial Goods|Aerospace/Defense - Major Diversified
BBD-A.TO|Bombardier Inc |Industrial Goods|Aerospace/Defense - Major Diversified
BBD-B.TO|Bombardier Inc |Industrial Goods|Aerospace/Defense - Major Diversified
BBD-PB.TO|Bombardier Inc |Industrial Goods|Aerospace/Defense - Major Diversified
BBD-PC.TO|Bombardier Inc |Industrial Goods|Aerospace/Defense - Major Diversified
BBDB.DE|Bombardier Inc |Industrial Goods|Aerospace/Defense - Major Diversified
CAE.TO|CAE Inc |Industrial Goods|Aerospace/Defense - Major Diversified
CE9.DE|CAE Inc |Industrial Goods|Aerospace/Defense - Major Diversified
0031.HK|China Aerospace |Industrial Goods|Aerospace/Defense - Major Diversified
COB.L|Cobham PLC |Industrial Goods|Aerospace/Defense - Major Diversified
CQMA.DE|Cobham PLC |Industrial Goods|Aerospace/Defense - Major Diversified
CHRT.L|Cohort PLC |Industrial Goods|Aerospace/Defense - Major Diversified
SX.PA|Communication & Systemes |Industrial Goods|Aerospace/Defense - Major Diversified
CMG.L|Croma Group PLC |Industrial Goods|Aerospace/Defense - Major Diversified
CTT.ST|CTT Systems AB |Industrial Goods|Aerospace/Defense - Major Diversified
UBQ.DE|Cubic Corp |Industrial Goods|Aerospace/Defense - Major Diversified
AM.PA|Dassault Aviation SA |Industrial Goods|Aerospace/Defense - Major Diversified
ALDR.PA|Delta Drone SA |Industrial Goods|Aerospace/Defense - Major Diversified
P06.DE|DigitalGlobe Inc |Industrial Goods|Aerospace/Defense - Major Diversified
EB2.DE|Elbit Systems Ltd |Industrial Goods|Aerospace/Defense - Major Diversified
EOS.AX|Electro Optic Systems Hld |Industrial Goods|Aerospace/Defense - Major Diversified
BAZA226.SA|Embraer S.A. |Industrial Goods|Aerospace/Defense - Major Diversified
EMRI|EMRISE Corporation |Industrial Goods|Aerospace/Defense - Major Diversified
EAC|Erickson Incorporated |Industrial Goods|Aerospace/Defense - Major Diversified
ALFIG.PA|Figeac Aero SA |Industrial Goods|Aerospace/Defense - Major Diversified
FCT.MI|Fincantieri SpA |Industrial Goods|Aerospace/Defense - Major Diversified
FMNB.DE|Finmeccanica SpA |Industrial Goods|Aerospace/Defense - Major Diversified
FNC.MI|Finmeccanica SpA |Industrial Goods|Aerospace/Defense - Major Diversified
FTG.TO|Firan Technology Group Corp |Industrial Goods|Aerospace/Defense - Major Diversified
FLY.V|FLYHT Aerospace Solutions Ltd |Industrial Goods|Aerospace/Defense - Major Diversified
BAUH262.SA|Forjas Taurus SA |Industrial Goods|Aerospace/Defense - Major Diversified
BAZA262.SA|Forjas Taurus SA |Industrial Goods|Aerospace/Defense - Major Diversified
GY|GenCorp Inc. |Industrial Goods|Aerospace/Defense - Major Diversified
GDX.DE|General Dynamics Corp |Industrial Goods|Aerospace/Defense - Major Diversified
GSZ.DE|Guangzhou Shipyard Intl |Industrial Goods|Aerospace/Defense - Major Diversified
HC1.DE|Heico Corp |Industrial Goods|Aerospace/Defense - Major Diversified
HRX.TO|Heroux-Devtek Inc |Industrial Goods|Aerospace/Defense - Major Diversified
HXL.DE|Hexcel Corp |Industrial Goods|Aerospace/Defense - Major Diversified
HXL.PA|Hexcel Corp |Industrial Goods|Aerospace/Defense - Major Diversified
HIGHENE.BO|High Energy Batteries |Industrial Goods|Aerospace/Defense - Major Diversified
KOG.OL|Kongsberg Gruppen ASA |Industrial Goods|Aerospace/Defense - Major Diversified
LCX.DE|L-3 Communications |Industrial Goods|Aerospace/Defense - Major Diversified
LAT.PA|Latecoere |Industrial Goods|Aerospace/Defense - Major Diversified
FII.PA|Lisi |Industrial Goods|Aerospace/Defense - Major Diversified
LM1.DE|LMI Aerospace Inc |Industrial Goods|Aerospace/Defense - Major Diversified
LMT.BA|Lockheed Martin Corp |Industrial Goods|Aerospace/Defense - Major Diversified
LMTB34.SA|Lockheed Martin Corp |Industrial Goods|Aerospace/Defense - Major Diversified
LOM.DE|Lockheed Martin Corp |Industrial Goods|Aerospace/Defense - Major Diversified
4M7A.DE|Magellan Aerospace Corp |Industrial Goods|Aerospace/Defense - Major Diversified
MAL.TO|Magellan Aerospace Corp |Industrial Goods|Aerospace/Defense - Major Diversified
MGGT.L|Meggitt PLC |Industrial Goods|Aerospace/Defense - Major Diversified
MICT|Micronet Enertec Technologies, |Industrial Goods|Aerospace/Defense - Major Diversified
MLMNR.PA|MNR Group |Industrial Goods|Aerospace/Defense - Major Diversified
MSI.L|MS International PLC |Industrial Goods|Aerospace/Defense - Major Diversified
MTX.DE|MTU Aero Engines AG |Industrial Goods|Aerospace/Defense - Major Diversified
E04.SI|Nam Cheong Ltd |Industrial Goods|Aerospace/Defense - Major Diversified
NTH.DE|Northrop Grumman Corp |Industrial Goods|Aerospace/Defense - Major Diversified
NOC|Northrop Grumman Corporation |Industrial Goods|Aerospace/Defense - Major Diversified
MLNOT.PA|Novae Technologies |Industrial Goods|Aerospace/Defense - Major Diversified
OHB.DE|OHB Technology AG |Industrial Goods|Aerospace/Defense - Major Diversified
G4F.SI|Otto Marine Ltd |Industrial Goods|Aerospace/Defense - Major Diversified
PSP.V|Pacific Safety Products Inc |Industrial Goods|Aerospace/Defense - Major Diversified
PIPAVAVYD.BO|Pipavav Defence |Industrial Goods|Aerospace/Defense - Major Diversified
PIPAVAVYD.NS|Pipavav Defence |Industrial Goods|Aerospace/Defense - Major Diversified
PTB.AX|PTB Group Ltd |Industrial Goods|Aerospace/Defense - Major Diversified
QQ.L|QinetiQ Group PLC |Industrial Goods|Aerospace/Defense - Major Diversified
QY6.DE|QinetiQ Group PLC |Industrial Goods|Aerospace/Defense - Major Diversified
QHL.AX|Quickstep Holdings Ltd |Industrial Goods|Aerospace/Defense - Major Diversified
RTN1.DE|Raytheon Co |Industrial Goods|Aerospace/Defense - Major Diversified
RWC.DE|Rockwell Collins Inc |Industrial Goods|Aerospace/Defense - Major Diversified
RR.L|Rolls-Royce Group PLC |Industrial Goods|Aerospace/Defense - Major Diversified
ROV.CO|Rovsing A/S |Industrial Goods|Aerospace/Defense - Major Diversified
SAAB-B.ST|Saab AB |Industrial Goods|Aerospace/Defense - Major Diversified
SDV.DE|Saab AB |Industrial Goods|Aerospace/Defense - Major Diversified
SAB.BR|SABCA |Industrial Goods|Aerospace/Defense - Major Diversified
SAF.PA|Safran SA |Industrial Goods|Aerospace/Defense - Major Diversified
SEJ1.DE|Safran SA |Industrial Goods|Aerospace/Defense - Major Diversified
SDZ.V|Security Devices |Industrial Goods|Aerospace/Defense - Major Diversified
S51.SI|SembCorp Marine Ltd |Industrial Goods|Aerospace/Defense - Major Diversified
SNR.L|Senior PLC |Industrial Goods|Aerospace/Defense - Major Diversified
SIKA.BO|Sika Interplant Systems Ltd |Industrial Goods|Aerospace/Defense - Major Diversified
S63.SI|Singapore Technologies |Industrial Goods|Aerospace/Defense - Major Diversified
SJX.DE|Singapore Technologies |Industrial Goods|Aerospace/Defense - Major Diversified
SWS.DE|Smith & Wesson Holding Corp |Industrial Goods|Aerospace/Defense - Major Diversified
S9Q.DE|Spirit AeroSystems |Industrial Goods|Aerospace/Defense - Major Diversified
S3O.DE|Star Navigation Systems |Industrial Goods|Aerospace/Defense - Major Diversified
SNA.V|Star Navigation Systems |Industrial Goods|Aerospace/Defense - Major Diversified
AERO.L|Strat Aero PLC |Industrial Goods|Aerospace/Defense - Major Diversified
SDSS|Suspect Detection Systems Inc. |Industrial Goods|Aerospace/Defense - Major Diversified
TANAA.BO|Taneja Aerospace |Industrial Goods|Aerospace/Defense - Major Diversified
TCS.DE|Taser International Inc |Industrial Goods|Aerospace/Defense - Major Diversified
TNFN.PA|Technofan |Industrial Goods|Aerospace/Defense - Major Diversified
TIK|Tel-Instrument Electronics Cor |Industrial Goods|Aerospace/Defense - Major Diversified
TXT.DE|Textron Inc |Industrial Goods|Aerospace/Defense - Major Diversified
TXT.MX|Textron Inc |Industrial Goods|Aerospace/Defense - Major Diversified
TXT|Textron Inc. |Industrial Goods|Aerospace/Defense - Major Diversified
CSF.DE|Thales |Industrial Goods|Aerospace/Defense - Major Diversified
HO.PA|Thales |Industrial Goods|Aerospace/Defense - Major Diversified
HONV.PA|Thales |Industrial Goods|Aerospace/Defense - Major Diversified
T7D.DE|TransDigm Group Inc |Industrial Goods|Aerospace/Defense - Major Diversified
TG7.DE|Triumph Group Inc |Industrial Goods|Aerospace/Defense - Major Diversified
RC5.SI|Triyards Holdings Ltd |Industrial Goods|Aerospace/Defense - Major Diversified
UEH.DE|Ultra Electronics Holdings PLC |Industrial Goods|Aerospace/Defense - Major Diversified
ULE.L|Ultra Electronics Holdings PLC |Industrial Goods|Aerospace/Defense - Major Diversified
UTC1.DE|United Technologies Corp |Industrial Goods|Aerospace/Defense - Major Diversified
UTEC34.SA|United Technologies Corp |Industrial Goods|Aerospace/Defense - Major Diversified
UTX.BA|United Technologies Corp |Industrial Goods|Aerospace/Defense - Major Diversified
UTX.MX|United Technologies Corp |Industrial Goods|Aerospace/Defense - Major Diversified
MS7.SI|Vard Holdings Ltd |Industrial Goods|Aerospace/Defense - Major Diversified
MLVER.PA|Verney-Carron SA |Industrial Goods|Aerospace/Defense - Major Diversified
WESTE.BO|Western India Shipyard Ltd |Industrial Goods|Aerospace/Defense - Major Diversified
911609.TW|Yangzijiang Shipbuilding |Industrial Goods|Aerospace/Defense - Major Diversified
B8O.DE|Yangzijiang Shipbuilding |Industrial Goods|Aerospace/Defense - Major Diversified
BS6.SI|Yangzijiang Shipbuilding |Industrial Goods|Aerospace/Defense - Major Diversified
ZC.PA|Zodiac Aerospace |Industrial Goods|Aerospace/Defense - Major Diversified
ZDC.DE|Zodiac Aerospace |Industrial Goods|Aerospace/Defense - Major Diversified
