More Info|Industry: Diversified Machinery |Industrial Goods|Diversified Machinery
AACA.DE|Aalberts Industries NV |Industrial Goods|Diversified Machinery
ABB.BO|ABB India Ltd |Industrial Goods|Diversified Machinery
ABB.NS|ABB India Ltd |Industrial Goods|Diversified Machinery
ABB.ST|ABB Ltd |Industrial Goods|Diversified Machinery
ABBN.MX|ABB Ltd |Industrial Goods|Diversified Machinery
ABJ.DE|ABB Ltd |Industrial Goods|Diversified Machinery
ABJA.DE|ABB Ltd |Industrial Goods|Diversified Machinery
ABB|ABB Ltd. |Industrial Goods|Diversified Machinery
ACCURATE.BO|Accurate Transformers Ltd |Industrial Goods|Diversified Machinery
ACROW.BO|Acrow India Ltd |Industrial Goods|Diversified Machinery
A6E.DE|ACTA SpA |Industrial Goods|Diversified Machinery
ACTA.L|ACTA SpA |Industrial Goods|Diversified Machinery
AC3.DE|Active Power Inc |Industrial Goods|Diversified Machinery
ACPW|Active Power Inc. |Industrial Goods|Diversified Machinery
PW9.DE|Actuant Corp |Industrial Goods|Diversified Machinery
ATU|Actuant Corporation |Industrial Goods|Diversified Machinery
ADEP|Adept Technology Inc. |Industrial Goods|Diversified Machinery
ADORFO.BO|Ador Fontech Ltd |Industrial Goods|Diversified Machinery
ADORWELD.NS|Ador Welding Ltd |Industrial Goods|Diversified Machinery
ADORWELDING.BO|Ador Welding Ltd |Industrial Goods|Diversified Machinery
MARSONS.BO|Advance Powerinfra Tech Ltd |Industrial Goods|Diversified Machinery
VSJ.DE|Advanced Vision Technology Ltd |Industrial Goods|Diversified Machinery
AGE.DE|Agfa-Gevaert NV |Industrial Goods|Diversified Machinery
AGFB.BR|Agfa-Gevaert NV |Industrial Goods|Diversified Machinery
AGSO|AgriSolar Solutions, Inc. |Industrial Goods|Diversified Machinery
AIAENG.BO|AIA Engineering Ltd |Industrial Goods|Diversified Machinery
AIAENG.NS|AIA Engineering Ltd |Industrial Goods|Diversified Machinery
ALX.DE|Alexanderwerk AG |Industrial Goods|Diversified Machinery
AA9.DE|Alfa Laval AB |Industrial Goods|Diversified Machinery
ALFA.ST|Alfa Laval AB |Industrial Goods|Diversified Machinery
ALFATRAN.BO|Alfa Transformers Ltd |Industrial Goods|Diversified Machinery
ALFREDHE.BO|Alfred Herbert India Ltd |Industrial Goods|Diversified Machinery
1514.TW|Allis Electric Co Ltd |Industrial Goods|Diversified Machinery
ALPGRAPH.BO|Alpha Graphic India Ltd |Industrial Goods|Diversified Machinery
ATF.DE|Alphaform AG |Industrial Goods|Diversified Machinery
ALO.PA|Alstom SA |Industrial Goods|Diversified Machinery
ALONV.PA|Alstom SA |Industrial Goods|Diversified Machinery
AOMD.DE|Alstom SA |Industrial Goods|Diversified Machinery
AREVA.BO|ALSTOM T&D India Ltd |Industrial Goods|Diversified Machinery
AACS|American Commerce Solutions In |Industrial Goods|Diversified Machinery
ADGE|American DG Energy, Inc. |Industrial Goods|Diversified Machinery
QAT1.DE|American Electric |Industrial Goods|Diversified Machinery
AK1.DE|Ametek Inc |Industrial Goods|Diversified Machinery
AME|Ametek Inc. |Industrial Goods|Diversified Machinery
AP|Ampco-Pittsburgh Corp. |Industrial Goods|Diversified Machinery
1528.TW|Anderson Industrial Corp |Industrial Goods|Diversified Machinery
ANDREWYU.BO|Andrew Yule & Co Ltd |Industrial Goods|Diversified Machinery
EL5A.DE|Arotech Corp |Industrial Goods|Diversified Machinery
ARTSONEN.BO|Artson Engineering Ltd |Industrial Goods|Diversified Machinery
DKC.DE|Asia Tele-Net And Tech |Industrial Goods|Diversified Machinery
ASBE.L|Associated British Eng |Industrial Goods|Diversified Machinery
OEE.V|Astrix Networks Inc |Industrial Goods|Diversified Machinery
ACOA.DE|Atlas Copco AB |Industrial Goods|Diversified Machinery
ACOB.DE|Atlas Copco AB |Industrial Goods|Diversified Machinery
ATCO-A.ST|Atlas Copco AB |Industrial Goods|Diversified Machinery
ATCO-B.ST|Atlas Copco AB |Industrial Goods|Diversified Machinery
ATA.TO|ATS Automation Tooling |Industrial Goods|Diversified Machinery
ATO.DE|ATS Automation Tooling |Industrial Goods|Diversified Machinery
6215.TW|Aurotek Corp |Industrial Goods|Diversified Machinery
1530.TW|Awea Mechantronic Co Ltd |Industrial Goods|Diversified Machinery
AXTEL.BO|Axtel Industries Ltd |Industrial Goods|Diversified Machinery
YMK.DE|Azbil Corp |Industrial Goods|Diversified Machinery
AZZ|AZZ incorporated |Industrial Goods|Diversified Machinery
BBTO-B.ST|B&B Tools AB |Industrial Goods|Diversified Machinery
BTT.DE|Babcock-BSH AG |Industrial Goods|Diversified Machinery
BAJAJST.BO|Bajaj Steel Industries Ltd |Industrial Goods|Diversified Machinery
BLD.TO|Ballard Power Systems, Inc. |Industrial Goods|Diversified Machinery
PO0.DE|Ballard Power Systems, Inc. |Industrial Goods|Diversified Machinery
BAUH10.SA|Bardella Industrias |Industrial Goods|Diversified Machinery
BG4.DE|Barnes Group Inc |Industrial Goods|Diversified Machinery
BATLIBOI.BO|Batliboi Ltd |Industrial Goods|Diversified Machinery
BEIA-B.ST|Beijer Alma AB |Industrial Goods|Diversified Machinery
BEIJ-B.ST|Beijer Ref AB |Industrial Goods|Diversified Machinery
0187.HK|Beiren Printing Machinery |Industrial Goods|Diversified Machinery
BEMHY.BO|Bemco Hydraulics Ltd |Industrial Goods|Diversified Machinery
BECREL.NS|Best & Crompton |Industrial Goods|Diversified Machinery
BSTCR.BO|Best & Crompton |Industrial Goods|Diversified Machinery
BBL.BO|Bharat Bijlee Ltd |Industrial Goods|Diversified Machinery
BBL.NS|Bharat Bijlee Ltd |Industrial Goods|Diversified Machinery
BHEL.BO|Bharat Heavy Electricals Ltd. |Industrial Goods|Diversified Machinery
BHEL.NS|Bharat Heavy Electricals Ltd. |Industrial Goods|Diversified Machinery
BSS.MI|Biesse |Industrial Goods|Diversified Machinery
BILPOWER.NS|Bilpower Ltd |Industrial Goods|Diversified Machinery
BILPOWERQ.BO|Bilpower Ltd |Industrial Goods|Diversified Machinery
0039.HK|Bio-Dynamic Group Ltd. |Industrial Goods|Diversified Machinery
BIRLAPOWER.BO|Birla Power Solutions Ltd |Industrial Goods|Diversified Machinery
BOY.L|Bodycote PLC |Industrial Goods|Diversified Machinery
BSY.DE|Boewe Systec AG |Industrial Goods|Diversified Machinery
BLZ.MI|Bolzoni |Industrial Goods|Diversified Machinery
BKN.AX|Bradken Ltd |Industrial Goods|Diversified Machinery
BRADYM.BO|Brady & Morris Eng Co |Industrial Goods|Diversified Machinery
BGG|Briggs & Stratton Corporation |Industrial Goods|Diversified Machinery
9IR.DE|Broadwind Energy Inc |Industrial Goods|Diversified Machinery
BWEN|Broadwind Energy, Inc. |Industrial Goods|Diversified Machinery
BUHA.DE|Bucher Industries AG |Industrial Goods|Diversified Machinery
B5H.DE|Burckhardt Compression |Industrial Goods|Diversified Machinery
2467.TW|C Sun Mfg Ltd |Industrial Goods|Diversified Machinery
TBN.DE|Capstone Turbine Corp |Industrial Goods|Diversified Machinery
C1C.DE|Cargotec Oyj |Industrial Goods|Diversified Machinery
CARR.MI|Carraro |Industrial Goods|Diversified Machinery
CGS.L|Castings PLC |Industrial Goods|Diversified Machinery
CENLUB.BO|Cenlub Industries Ltd |Industrial Goods|Diversified Machinery
CFU.AX|Ceramic Fuel Cells Ltd |Industrial Goods|Diversified Machinery
HN6.DE|Ceramic Fuel Cells Ltd |Industrial Goods|Diversified Machinery
CMH.L|Chamberlin PLC |Industrial Goods|Diversified Machinery
1541.TW|Chang Type Industrial Co Ltd |Industrial Goods|Diversified Machinery
CHJ.DE|Chen Hsong Holdings Ltd |Industrial Goods|Diversified Machinery
0057.HK|Chen Hsong Holdings Ltd. |Industrial Goods|Diversified Machinery
CHMR|Chimera Energy Corporation |Industrial Goods|Diversified Machinery
3CAA.DE|China Automation Group Ltd |Industrial Goods|Diversified Machinery
AD7.SI|China Bearing (Singapore) Ltd |Industrial Goods|Diversified Machinery
0085.HK|China Electronics |Industrial Goods|Diversified Machinery
CT1.DE|China Energine |Industrial Goods|Diversified Machinery
0445.HK|China Fire Safety |Industrial Goods|Diversified Machinery
0658.HK|China High Speed |Industrial Goods|Diversified Machinery
BGR.DE|China High Speed |Industrial Goods|Diversified Machinery
CMUA.DE|China Ming Yang Wind |Industrial Goods|Diversified Machinery
MY|China Ming Yang Wind Power Gro |Industrial Goods|Diversified Machinery
1893.HK|China National Materials |Industrial Goods|Diversified Machinery
1101.HK|China Rongsheng Heavy |Industrial Goods|Diversified Machinery
0235.HK|China Strategic Holdings Ltd. |Industrial Goods|Diversified Machinery
CYD|China Yuchai International Lim |Industrial Goods|Diversified Machinery
CYD.DE|China Yuchai International Ltd |Industrial Goods|Diversified Machinery
1539.TW|Chiu Ting Machinery Co Ltd |Industrial Goods|Diversified Machinery
1513.TW|Chung-Hsin Electric |Industrial Goods|Diversified Machinery
CCI.DE|Circor International Inc |Industrial Goods|Diversified Machinery
CLNT|Cleantech Solutions Internatio |Industrial Goods|Diversified Machinery
CLNT|Cleantech Solutions Internatio |Industrial Goods|Diversified Machinery
C52.DE|Colfax Corp |Industrial Goods|Diversified Machinery
CFX|Colfax Corporation |Industrial Goods|Diversified Machinery
AXF.DE|Const y Auxiliar |Industrial Goods|Diversified Machinery
CUO|Continental Materials Corp. |Industrial Goods|Diversified Machinery
CRA.L|Corac Group PLC |Industrial Goods|Diversified Machinery
CSB.DE|COSCO International |Industrial Goods|Diversified Machinery
0118.HK|Cosmos Machinery Enterpri |Industrial Goods|Diversified Machinery
CZN.DE|Crane Co |Industrial Goods|Diversified Machinery
CR|Crane Co. |Industrial Goods|Diversified Machinery
MLCTA.PA|CTA Holding |Industrial Goods|Diversified Machinery
CUM.DE|Cummins Inc |Industrial Goods|Diversified Machinery
CMI|Cummins Inc. |Industrial Goods|Diversified Machinery
CUMMINS.BO|Cummins India Ltd |Industrial Goods|Diversified Machinery
CUMMINSIN.NS|Cummins India Ltd |Industrial Goods|Diversified Machinery
CW|Curtiss-Wright Corporation |Industrial Goods|Diversified Machinery
CVV|CVD Equipment Corporation |Industrial Goods|Diversified Machinery
DAP.DE|Danaher Corp |Industrial Goods|Diversified Machinery
DHR|Danaher Corp. |Industrial Goods|Diversified Machinery
DAN.MI|Danieli & C Officine |Industrial Goods|Diversified Machinery
DANR.MI|Danieli & C Officine |Industrial Goods|Diversified Machinery
DLC.MI|Delclima SpA |Industrial Goods|Diversified Machinery
DELTAMAG.BO|Delta Magnets Ltd |Industrial Goods|Diversified Machinery
0065.HK|DeTeam Co., Ltd. |Industrial Goods|Diversified Machinery
DEZ.DE|Deutz AG |Industrial Goods|Diversified Machinery
DIACABLE.BO|Diamond Power |Industrial Goods|Diversified Machinery
DIAPOWER.NS|Diamond Power |Industrial Goods|Diversified Machinery
DISAQ.BO|Disa India Ltd |Industrial Goods|Diversified Machinery
DIS.DE|Diskus Werke AG |Industrial Goods|Diversified Machinery
DNZ.DE|Donaldson Co Inc |Industrial Goods|Diversified Machinery
DCI|Donaldson Company, Inc. |Industrial Goods|Diversified Machinery
DEU.DE|Dongfang Electric Corp Ltd |Industrial Goods|Diversified Machinery
DOPPLER.AT|Doppler SA |Industrial Goods|Diversified Machinery
DOV.DE|Dover Corp |Industrial Goods|Diversified Machinery
DOV|Dover Corporation |Industrial Goods|Diversified Machinery
DRC|Dresser-Rand Group Inc. |Industrial Goods|Diversified Machinery
DKA.DE|Duerkopp Adler AG |Industrial Goods|Diversified Machinery
DUE.DE|Duerr AG |Industrial Goods|Diversified Machinery
DRC.DE|Duroc AB |Industrial Goods|Diversified Machinery
DURC-B.ST|Duroc AB |Industrial Goods|Diversified Machinery
DYA.V|Dynamic Fuel Systems Inc. |Industrial Goods|Diversified Machinery
CWO.L|Eastbridge Investments PLC |Industrial Goods|Diversified Machinery
EASUNREY.BO|Easun Reyrolle Ltd. |Industrial Goods|Diversified Machinery
EASUNREYR.NS|Easun Reyrolle Ltd. |Industrial Goods|Diversified Machinery
ENJO-B.ST|EasyFill AB |Industrial Goods|Diversified Machinery
ECC.DE|Eaton Corp PLC |Industrial Goods|Diversified Machinery
ETN|Eaton Corporation plc |Industrial Goods|Diversified Machinery
EAR.DE|Ebara Corp |Industrial Goods|Diversified Machinery
ECANV.PA|Eca |Industrial Goods|Diversified Machinery
ECASA.PA|Eca |Industrial Goods|Diversified Machinery
ECE.BO|ECE Industries Ltd |Industrial Goods|Diversified Machinery
ECEIND.NS|ECE Industries Ltd |Industrial Goods|Diversified Machinery
ESPH|Ecosphere Technologies, Inc. |Industrial Goods|Diversified Machinery
ESPH|Ecosphere Technologies, Inc. |Industrial Goods|Diversified Machinery
ECTYQ|ECOtality, Inc. |Industrial Goods|Diversified Machinery
ECTYQ|ECOtality, Inc. |Industrial Goods|Diversified Machinery
EIMCO.BO|Eimco Elecon India Ltd |Industrial Goods|Diversified Machinery
EIMCOELEC.NS|Eimco Elecon India Ltd |Industrial Goods|Diversified Machinery
ELECON.BO|Elecon Engineering Co Ltd |Industrial Goods|Diversified Machinery
ELECON.NS|Elecon Engineering Co Ltd |Industrial Goods|Diversified Machinery
ELGIEQUIP.BO|Elgi Equipments Ltd |Industrial Goods|Diversified Machinery
ELGIEQUIP.NS|Elgi Equipments Ltd |Industrial Goods|Diversified Machinery
EK9.DE|Eltek ASA |Industrial Goods|Diversified Machinery
ELT.OL|Eltek ASA |Industrial Goods|Diversified Machinery
EMAINDIA.BO|Ema India Ltd |Industrial Goods|Diversified Machinery
EMR.DE|Emerson Electric Co |Industrial Goods|Diversified Machinery
EMR.MX|Emerson Electric Co |Industrial Goods|Diversified Machinery
ETQ.L|Energy Technique PLC |Industrial Goods|Diversified Machinery
DUL.AX|Energy Technologies Limited |Industrial Goods|Diversified Machinery
EGY.AX|Energy Technologies Ltd |Industrial Goods|Diversified Machinery
ENVAIREL.BO|Envair Electrodyne Ltd |Industrial Goods|Diversified Machinery
EVTN|Enviro Voraxial Technology Inc |Industrial Goods|Diversified Machinery
ETCC|Environmental Tectonics Corpor |Industrial Goods|Diversified Machinery
E4U.DE|EnWave Corp |Industrial Goods|Diversified Machinery
ENW.V|EnWave Corp |Industrial Goods|Diversified Machinery
INDOASIFU.BO|Eon Electric Ltd |Industrial Goods|Diversified Machinery
INDOASIFU.NS|Eon Electric Ltd |Industrial Goods|Diversified Machinery
EPIC.BO|Epic Energy Ltd |Industrial Goods|Diversified Machinery
EKC.BO|Everest Kanto Cylinder Ltd |Industrial Goods|Diversified Machinery
EKC.NS|Everest Kanto Cylinder Ltd |Industrial Goods|Diversified Machinery
ALTVO.PA|Evolis SA |Industrial Goods|Diversified Machinery
FAGBEARIN.NS|Fag Bearings India Ltd |Industrial Goods|Diversified Machinery
FAGBEARING.BO|Fag Bearings India Ltd |Industrial Goods|Diversified Machinery
FUC.DE|Fanuc Corp |Industrial Goods|Diversified Machinery
FTO.DE|Feintool International Holding |Industrial Goods|Diversified Machinery
FENR.L|Fenner PLC |Industrial Goods|Diversified Machinery
FDA.MI|Fidia |Industrial Goods|Diversified Machinery
FWV.DE|Flowserve Corp |Industrial Goods|Diversified Machinery
FLS|Flowserve Corp. |Industrial Goods|Diversified Machinery
F6O1.DE|FLSmidth & Co. A/S |Industrial Goods|Diversified Machinery
4F1.DE|Fluidra SA |Industrial Goods|Diversified Machinery
0641.HK|Fong's Industries Co., Ltd. |Industrial Goods|Diversified Machinery
1519.TW|Fortune Electric Co Ltd |Industrial Goods|Diversified Machinery
FTI.V|FTI Foodtech International Inc |Industrial Goods|Diversified Machinery
FUR.DE|Furukawa Co Ltd |Industrial Goods|Diversified Machinery
FUFITIN.BO|Fusion Fittings (I) Ltd |Industrial Goods|Diversified Machinery
GGDANDE.BO|G G Dandekar Machine Works Ltd |Industrial Goods|Diversified Machinery
2476.TW|G-Shank Enterprise Co Ltd |Industrial Goods|Diversified Machinery
GTQ1.DE|Gamesa Corporacion |Industrial Goods|Diversified Machinery
GTT.PA|Gaztransport et technigaz SA |Industrial Goods|Diversified Machinery
G1A.DE|GEA Group AG |Industrial Goods|Diversified Machinery
GE.MI|Gefran |Industrial Goods|Diversified Machinery
GEINDSYS.BO|Gei Industrial Systems Ltd |Industrial Goods|Diversified Machinery
GEINDSYS.NS|Gei Industrial Systems Ltd |Industrial Goods|Diversified Machinery
G84.DE|Generac Holdings Inc |Industrial Goods|Diversified Machinery
GNRC|Generac Holdings Inc. |Industrial Goods|Diversified Machinery
GE.BA|General Electric Co |Industrial Goods|Diversified Machinery
GE.MX|General Electric Co |Industrial Goods|Diversified Machinery
GEC.DE|General Electric Co |Industrial Goods|Diversified Machinery
GEC.L|General Electric Co |Industrial Goods|Diversified Machinery
GEOO34.SA|General Electric Co |Industrial Goods|Diversified Machinery
GNE.PA|General Electric Co |Industrial Goods|Diversified Machinery
GE|General Electric Company |Industrial Goods|Diversified Machinery
GFIN.DE|Georg Fischer AG |Industrial Goods|Diversified Machinery
GSC1.DE|Gesco AG |Industrial Goods|Diversified Machinery
GLPW|Global Power Equipment Group I |Industrial Goods|Diversified Machinery
GJ.CO|Glunz & Jensen A/S |Industrial Goods|Diversified Machinery
GMM.BO|GMM Pfaudler Ltd |Industrial Goods|Diversified Machinery
0040.HK|Gold Peak Industries |Industrial Goods|Diversified Machinery
GOLDINFRA.BO|Goldstone Infratech Ltd |Industrial Goods|Diversified Machinery
GOLDINFRA.NS|Goldstone Infratech Ltd |Industrial Goods|Diversified Machinery
2398.HK|Good Friend International |Industrial Goods|Diversified Machinery
912398.TW|Good Friend Intl Hldgs |Industrial Goods|Diversified Machinery
1583.TW|Goodway Machine Corp |Industrial Goods|Diversified Machinery
GDWN.L|Goodwin PLC |Industrial Goods|Diversified Machinery
GRC|Gorman-Rupp Co. |Industrial Goods|Diversified Machinery
GA8.DE|Graco Inc |Industrial Goods|Diversified Machinery
GGG|Graco Inc. |Industrial Goods|Diversified Machinery
UCR.DE|GrafTech International Ltd |Industrial Goods|Diversified Machinery
GGG.V|Graphene 3D Lab Inc |Industrial Goods|Diversified Machinery
GRAPHITE.BO|Graphite India Ltd |Industrial Goods|Diversified Machinery
GRAPHITE.NS|Graphite India Ltd |Industrial Goods|Diversified Machinery
GREAVE.BO|Greaves Cotton Ltd |Industrial Goods|Diversified Machinery
GREAVESCO.NS|Greaves Cotton Ltd. |Industrial Goods|Diversified Machinery
GRF.DE|Greiffenberger AG |Industrial Goods|Diversified Machinery
GUD.AX|GUD Holdings Ltd |Industrial Goods|Diversified Machinery
GYTI|Gyrotron Technology, Inc. |Industrial Goods|Diversified Machinery
1882.HK|Haitian International |Industrial Goods|Diversified Machinery
HI6.DE|Haitian International Hol |Industrial Goods|Diversified Machinery
HAMO.BR|Hamon & Cie (International) |Industrial Goods|Diversified Machinery
HP6H.DE|Harbin Electric Co Ltd |Industrial Goods|Diversified Machinery
1133.HK|Harbin Electric Company Ltd |Industrial Goods|Diversified Machinery
SEGR.L|Hayward Tyler Group PLC |Industrial Goods|Diversified Machinery
HDD.DE|Heidelberger Druckmaschinen AG |Industrial Goods|Diversified Machinery
H2FA.DE|Heliocentris Energy |Industrial Goods|Diversified Machinery
HERCULES.BO|Hercules Hoists Ltd |Industrial Goods|Diversified Machinery
HERCULES.NS|Hercules Hoists Ltd |Industrial Goods|Diversified Machinery
HEX.OL|Hexagon Composites ASA |Industrial Goods|Diversified Machinery
H17.SI|Hi-P International Ltd |Industrial Goods|Diversified Machinery
HI|Hillenbrand, Inc. |Industrial Goods|Diversified Machinery
HI.V|Hillenbrand, Inc. |Industrial Goods|Diversified Machinery
HIO.PA|Hiolle Industries |Industrial Goods|Diversified Machinery
HMT.BO|HMT Ltd |Industrial Goods|Diversified Machinery
HMT.NS|HMT Ltd |Industrial Goods|Diversified Machinery
HG1.DE|Homag Group AG |Industrial Goods|Diversified Machinery
HONDAPOWE.NS|Honda Siel Power Products Ltd |Industrial Goods|Diversified Machinery
HONDASIEL.BO|Honda Siel Power Products Ltd |Industrial Goods|Diversified Machinery
HONAUT.NS|Honeywell Automation India Ltd |Industrial Goods|Diversified Machinery
HONEYWELL.BO|Honeywell Automation India Ltd |Industrial Goods|Diversified Machinery
HON.L|Honeywell International Inc |Industrial Goods|Diversified Machinery
HON.MX|Honeywell International Inc |Industrial Goods|Diversified Machinery
HONB34.SA|Honeywell International Inc |Industrial Goods|Diversified Machinery
HON|Honeywell International Inc. |Industrial Goods|Diversified Machinery
H22.SI|Hong Leong Asia Ltd |Industrial Goods|Diversified Machinery
HS0.DE|Hoshizaki Electric Co., Ltd. |Industrial Goods|Diversified Machinery
HUA.V|Huaxing Machinery Corp |Industrial Goods|Diversified Machinery
HDSN|Hudson Technologies Inc. |Industrial Goods|Diversified Machinery
HX5A.DE|Hydrogenics Corp |Industrial Goods|Diversified Machinery
HYG.TO|Hydrogenics Corp |Industrial Goods|Diversified Machinery
IPWR|Ideal Power, Inc. |Industrial Goods|Diversified Machinery
ID7.DE|Idex Corp |Industrial Goods|Diversified Machinery
IEX|IDEX Corporation |Industrial Goods|Diversified Machinery
IEX.V|IDEX Corporation |Industrial Goods|Diversified Machinery
PUN.BR|IEP Invest NV |Industrial Goods|Diversified Machinery
IFBIND.BO|IFB Industries Ltd |Industrial Goods|Diversified Machinery
IFBIND.NS|IFB Industries Ltd |Industrial Goods|Diversified Machinery
IWJ.DE|IHI Corp |Industrial Goods|Diversified Machinery
ILT.DE|Illinois Tool Works Inc |Industrial Goods|Diversified Machinery
ITW|Illinois Tool Works Inc. |Industrial Goods|Diversified Machinery
IMI.DE|IMI PLC |Industrial Goods|Diversified Machinery
IMI.L|IMI PLC |Industrial Goods|Diversified Machinery
IMPOWERS.BO|IMP Powers Ltd |Industrial Goods|Diversified Machinery
INDLMETER.NS|IMP Powers Ltd |Industrial Goods|Diversified Machinery
IMPC.ST|Impact Coatings AB |Industrial Goods|Diversified Machinery
INCON.BO|Incon Engineers Ltd |Industrial Goods|Diversified Machinery
IMA.MI|Industria Macchine |Industrial Goods|Diversified Machinery
BAUH347.SA|Inepar Industria |Industrial Goods|Diversified Machinery
BAZA344.SA|Inepar Industria |Industrial Goods|Diversified Machinery
INGERRAND.NS|Ingersoll Rand (India) Ltd |Industrial Goods|Diversified Machinery
INGERSOL.BO|Ingersoll Rand (India) Ltd |Industrial Goods|Diversified Machinery
2IS.DE|Ingersoll-Rand PLC |Industrial Goods|Diversified Machinery
IR|Ingersoll-Rand Plc |Industrial Goods|Diversified Machinery
INSP.L|Inspirit Energy Holdings PLC |Industrial Goods|Diversified Machinery
SCHEI.BO|Integra Engineering India Ltd |Industrial Goods|Diversified Machinery
IEH.L|Intelligent Energy Hldgs |Industrial Goods|Diversified Machinery
INS|Intelligent Systems Corporatio |Industrial Goods|Diversified Machinery
IBAL|International Baler Corp. |Industrial Goods|Diversified Machinery
IP.MI|Interpump Group |Industrial Goods|Diversified Machinery
IRC.MI|Irce |Industrial Goods|Diversified Machinery
SARASWATI.BO|ISGEC Heavy Engineering Ltd |Industrial Goods|Diversified Machinery
ITL.BO|ITL Industries Ltd |Industrial Goods|Diversified Machinery
I7N.DE|ItN Nanovation AG |Industrial Goods|Diversified Machinery
ITT.DE|ITT Corp |Industrial Goods|Diversified Machinery
ITT|ITT Corporation |Industrial Goods|Diversified Machinery
ITT.V|ITT Corporation |Industrial Goods|Diversified Machinery
JASN|Jason Industries, Inc. |Industrial Goods|Diversified Machinery
1538.TW|Jenn Feng New energy Co Ltd |Industrial Goods|Diversified Machinery
JEN.BR|Jensen-Group |Industrial Goods|Diversified Machinery
0350.HK|Jingwei Textile Machinery |Industrial Goods|Diversified Machinery
JBT.DE|John Bean Technologies Corp |Industrial Goods|Diversified Machinery
JBT|John Bean Technologies Corpora |Industrial Goods|Diversified Machinery
0179.HK|Johnson Electric Holdings Ltd. |Industrial Goods|Diversified Machinery
2028.HK|Jolimark Holdings Ltd. |Industrial Goods|Diversified Machinery
JOSTS.BO|Jost'S Engineering Co Ltd |Industrial Goods|Diversified Machinery
JUN3.DE|Jungheinrich AG |Industrial Goods|Diversified Machinery
JYOTI.BO|Jyoti Ltd |Industrial Goods|Diversified Machinery
0675.HK|K & P International |Industrial Goods|Diversified Machinery
0822.HK|Ka Shui International |Industrial Goods|Diversified Machinery
KABRAEXT.BO|Kabra Extrusion Technik Ltd |Industrial Goods|Diversified Machinery
KABRAEXTR.NS|Kabra Extrusion Technik Ltd |Industrial Goods|Diversified Machinery
KDA.DE|Kadant Inc |Industrial Goods|Diversified Machinery
KAI|Kadant Inc. |Industrial Goods|Diversified Machinery
0180.HK|Kader Holdings Co., Ltd. |Industrial Goods|Diversified Machinery
KAX2.DE|Kardex AG |Industrial Goods|Diversified Machinery
1531.TW|Kaulin Manufacturing Co Ltd |Industrial Goods|Diversified Machinery
KHE.DE|Kawasaki Heavy Industries Ltd |Industrial Goods|Diversified Machinery
KCP.BO|KCP Ltd |Industrial Goods|Diversified Machinery
KCP.NS|KCP Ltd |Industrial Goods|Diversified Machinery
KENNAMET.BO|Kennametal India Ltd |Industrial Goods|Diversified Machinery
KTEC|Key Technology, Inc. |Industrial Goods|Diversified Machinery
KLBRENG-B.BO|Kilburn Engineering Ltd |Industrial Goods|Diversified Machinery
2059.TW|King Slide Works Co Ltd |Industrial Goods|Diversified Machinery
1560.TW|Kinik Co |Industrial Goods|Diversified Machinery
KIRLBROS.BO|Kirloskar Brothers Ltd |Industrial Goods|Diversified Machinery
KIRLOSBRO.NS|Kirloskar Brothers Ltd |Industrial Goods|Diversified Machinery
KECL.NS|Kirloskar Electric Co Ltd |Industrial Goods|Diversified Machinery
KIRELECT.BO|Kirloskar Electric Co Ltd |Industrial Goods|Diversified Machinery
KIRLOSENG.NS|Kirloskar Oil Engines Ltd |Industrial Goods|Diversified Machinery
KIRLPNU.BO|Kirloskar Pneumatic Co Ltd |Industrial Goods|Diversified Machinery
KLEM.AT|Kleemann Hellas SA |Industrial Goods|Diversified Machinery
SKB.DE|Koenig & Bauer AG |Industrial Goods|Diversified Machinery
KOHINOORT.BO|Kohinoor Techno Engineers Ltd |Industrial Goods|Diversified Machinery
KC4.DE|KONE Oyj |Industrial Goods|Diversified Machinery
KRNT|Kornit Digital, Ltd. |Industrial Goods|Diversified Machinery
KRN.DE|Krones AG |Industrial Goods|Diversified Machinery
KSB.DE|KSB AG |Industrial Goods|Diversified Machinery
KSB3.DE|KSB AG |Industrial Goods|Diversified Machinery
KSBPUMPS.BO|KSB Pumps Ltd |Industrial Goods|Diversified Machinery
KSBPUMPS.NS|KSB Pumps Ltd |Industrial Goods|Diversified Machinery
KUBTF|Kubota Corporation |Industrial Goods|Diversified Machinery
KUBTY|Kubota Corporation |Industrial Goods|Diversified Machinery
KU2.DE|KUKA AG |Industrial Goods|Diversified Machinery
0558.HK|L.K. Technology Holdings Ltd. |Industrial Goods|Diversified Machinery
LAXMIMACH.NS|Lakshmi Machine Works Ltd |Industrial Goods|Diversified Machinery
LMW.BO|Lakshmi Machine Works Ltd |Industrial Goods|Diversified Machinery
0387.HK|Leeport holdings |Industrial Goods|Diversified Machinery
LII|Lennox International, Inc. |Industrial Goods|Diversified Machinery
KGR.DE|Lewag Holding AG |Industrial Goods|Diversified Machinery
LIPPISYS.BO|Lippi Systems Ltd |Industrial Goods|Diversified Machinery
LOKESH.BO|Lokesh Machines Ltd |Industrial Goods|Diversified Machinery
LOKESHMAC.NS|Lokesh Machines Ltd |Industrial Goods|Diversified Machinery
3339.HK|Lonking Holdings Ltd. |Industrial Goods|Diversified Machinery
LPK.DE|LPKF Laser & Electronics AG |Industrial Goods|Diversified Machinery
1529.TW|Luxe Co Ltd |Industrial Goods|Diversified Machinery
LXFR|Luxfer Holdings PLC |Industrial Goods|Diversified Machinery
MXH.DE|M A X Automation AG |Industrial Goods|Diversified Machinery
MNTX|Manitex International, Inc. |Industrial Goods|Diversified Machinery
3MU.DE|Manitou BF |Industrial Goods|Diversified Machinery
MTU.PA|Manitou BF |Industrial Goods|Diversified Machinery
MANUGRAP.BO|Manugraph India Ltd |Industrial Goods|Diversified Machinery
MANUGRAPH.NS|Manugraph India Ltd |Industrial Goods|Diversified Machinery
MARSON.BO|Marsons Ltd |Industrial Goods|Diversified Machinery
MAZDALTD.BO|Mazda Ltd |Industrial Goods|Diversified Machinery
MCPHY.PA|McPhy Energy SA |Industrial Goods|Diversified Machinery
MW7.DE|Meidensha Corp |Industrial Goods|Diversified Machinery
MRO.L|Melrose PLC |Industrial Goods|Diversified Machinery
M6YA.DE|Meyer Burger Technology AG |Industrial Goods|Diversified Machinery
MIDD|Middleby Corp. |Industrial Goods|Diversified Machinery
MH4N.DE|Mikron Holding AG |Industrial Goods|Diversified Machinery
MIRCH.BO|Mirch Technologies Ltd |Industrial Goods|Diversified Machinery
MIH.DE|Mitsubishi Heavy Indus |Industrial Goods|Diversified Machinery
MLIN.L|Molins PLC |Industrial Goods|Diversified Machinery
MGCR.L|Morgan Advanced Materials PLC |Industrial Goods|Diversified Machinery
BC21.DE|Motor Sich JSC |Industrial Goods|Diversified Machinery
MPFSL.BO|MPF Systems Ltd |Industrial Goods|Diversified Machinery
MPILCORPL.BO|MPIL Corp Ltd |Industrial Goods|Diversified Machinery
JT5.DE|Mueller Water Products, Inc. |Industrial Goods|Diversified Machinery
MSI.AX|Multistack International Ltd |Industrial Goods|Diversified Machinery
3N8.DE|Nabtesco Corp |Industrial Goods|Diversified Machinery
NACG|NAC Global Technologies, Inc. |Industrial Goods|Diversified Machinery
NMAN.ST|Nederman Holding AB |Industrial Goods|Diversified Machinery
NELCAST.BO|Nelcast Ltd. |Industrial Goods|Diversified Machinery
NELCAST.NS|Nelcast Ltd. |Industrial Goods|Diversified Machinery
NEPCMICON.NS|NEPC India Ltd |Industrial Goods|Diversified Machinery
NEPIN.BO|NEPC India Ltd |Industrial Goods|Diversified Machinery
8068.HK|New Universe Int'l |Industrial Goods|Diversified Machinery
NEX.PA|Nexans |Industrial Goods|Diversified Machinery
NXS.DE|Nexans |Industrial Goods|Diversified Machinery
NGI.DE|NGK Insulators Ltd |Industrial Goods|Diversified Machinery
NICCO.NS|Nicco Corp Ltd |Industrial Goods|Diversified Machinery
NICCOC.BO|Nicco Corp Ltd |Industrial Goods|Diversified Machinery
NIB.DE|Nidec Corp |Industrial Goods|Diversified Machinery
NIB1.DE|Nidec Corp |Industrial Goods|Diversified Machinery
NKO.DE|Nikkiso Co., Ltd. |Industrial Goods|Diversified Machinery
NILE.BO|Nile Ltd |Industrial Goods|Diversified Machinery
NDX1.DE|Nordex AG |Industrial Goods|Diversified Machinery
MR7.SI|Nordic Group Ltd |Industrial Goods|Diversified Machinery
ND1.DE|Nordson Corp |Industrial Goods|Diversified Machinery
NDSN|Nordson Corporation |Industrial Goods|Diversified Machinery
NBI.L|Northbridge Indus Servs |Industrial Goods|Diversified Machinery
NE4H.DE|Northeast Electrical Dev |Industrial Goods|Diversified Machinery
NPS.TO|Northern Power Systems Corp |Industrial Goods|Diversified Machinery
59N.DE|NPC Inc |Industrial Goods|Diversified Machinery
NSGP.PA|NSC Groupe |Industrial Goods|Diversified Machinery
NTN.DE|NTN Corp |Industrial Goods|Diversified Machinery
NCO.V|Nuvolt Corp, Inc. |Industrial Goods|Diversified Machinery
OBH.DE|OC Oerlikon Corp Inc |Industrial Goods|Diversified Machinery
OCEL|Ocean Electric Inc |Industrial Goods|Diversified Machinery
RUOA.DE|Ocean Power Technologies |Industrial Goods|Diversified Machinery
OPTT|Ocean Power Technologies, Inc. |Industrial Goods|Diversified Machinery
OEM-B.ST|OEM International AB |Industrial Goods|Diversified Machinery
OKU.DE|Okuma Corp |Industrial Goods|Diversified Machinery
OTI.AX|Oriental Technologies Inv |Industrial Goods|Diversified Machinery
PAEL.BO|PAE Ltd |Industrial Goods|Diversified Machinery
PAEL.NS|PAE Ltd |Industrial Goods|Diversified Machinery
PA5.DE|Pall Corporation |Industrial Goods|Diversified Machinery
PLL|Pall Corporation |Industrial Goods|Diversified Machinery
PARA.ST|Parans Solar Lighting |Industrial Goods|Diversified Machinery
PAR.DE|Parker Hannifin Corp |Industrial Goods|Diversified Machinery
PNR.DE|Pentair PLC |Industrial Goods|Diversified Machinery
PRPI|Perpetual Industries Inc. |Industrial Goods|Diversified Machinery
PCG-H.V|PetroCorp Group Inc |Industrial Goods|Diversified Machinery
PFV.DE|Pfeiffer Vacuum Technology AG |Industrial Goods|Diversified Machinery
ALPHX.PA|Phenix Systems |Industrial Goods|Diversified Machinery
PXM.DE|Phoenix Mecano AG |Industrial Goods|Diversified Machinery
PIC.BR|Picanol |Industrial Goods|Diversified Machinery
PIT.DE|Pittler Maschinenfabrik AG |Industrial Goods|Diversified Machinery
POLYCHMP.BO|Polymechplast Machines Ltd |Industrial Goods|Diversified Machinery
QL2.DE|Polypore International Inc |Industrial Goods|Diversified Machinery
PPO|Polypore International Inc. |Industrial Goods|Diversified Machinery
POWL|Powell Industries, Inc. |Industrial Goods|Diversified Machinery
PSIX|Power Solutions International, |Industrial Goods|Diversified Machinery
PWB.TO|Power Tech Corporation Inc. |Industrial Goods|Diversified Machinery
MN2.DE|PowerSecure International Inc |Industrial Goods|Diversified Machinery
POWR|PowerSecure International, Inc |Industrial Goods|Diversified Machinery
PWON|Powin Corporation |Industrial Goods|Diversified Machinery
PREMIER.BO|Premier Ltd |Industrial Goods|Diversified Machinery
PREMIER.NS|Premier Ltd |Industrial Goods|Diversified Machinery
PPRW|Premier Power Renewable Energy |Industrial Goods|Diversified Machinery
PRES.L|Pressure Technologies PLC |Industrial Goods|Diversified Machinery
PA6.DE|Prima Industrie SPA |Industrial Goods|Diversified Machinery
PRI.MI|Prima Industrie SPA |Industrial Goods|Diversified Machinery
PSWS|PureSafe Water Systems, Inc. |Industrial Goods|Diversified Machinery
TPE.DE|PVA TePla AG |Industrial Goods|Diversified Machinery
RSL2.DE|R Stahl AG |Industrial Goods|Diversified Machinery
RSL1.DE|R. Stahl AG |Industrial Goods|Diversified Machinery
RAJOOENG.BO|Rajoo Engineers Ltd |Industrial Goods|Diversified Machinery
RASIELEC.BO|Rasi Electrodes Ltd |Industrial Goods|Diversified Machinery
RV1.DE|Raven Industries Inc |Industrial Goods|Diversified Machinery
RAVN|Raven Industries Inc. |Industrial Goods|Diversified Machinery
4532.TW|Rechi Precision Co Ltd |Industrial Goods|Diversified Machinery
BAUH552.SA|Recrusul SA |Industrial Goods|Diversified Machinery
BAUH553.SA|Recrusul SA |Industrial Goods|Diversified Machinery
RFT.AX|Rectifier Technologies Ltd |Industrial Goods|Diversified Machinery
RRE.V|Reg Technologies Inc |Industrial Goods|Diversified Machinery
RBC|Regal Beloit Corporation |Industrial Goods|Diversified Machinery
REK.V|Reko International Group |Industrial Goods|Diversified Machinery
REK.V|Reko International Group |Industrial Goods|Diversified Machinery
ZAR.DE|Renk AG |Industrial Goods|Diversified Machinery
RNO.L|Renold PLC |Industrial Goods|Diversified Machinery
RXN|Rexnord Corporation |Industrial Goods|Diversified Machinery
REXNORD.BO|Rexnord Electronics |Industrial Goods|Diversified Machinery
1515.TW|Rexon Industrial Corp Ltd |Industrial Goods|Diversified Machinery
RHM.DE|Rheinmetall AG |Industrial Goods|Diversified Machinery
RIHN.DE|Rieter Holding AG |Industrial Goods|Diversified Machinery
RWL.DE|Rockwell Automation Inc |Industrial Goods|Diversified Machinery
ROK|Rockwell Automation Inc. |Industrial Goods|Diversified Machinery
ROP.DE|Roper Technologies Inc |Industrial Goods|Diversified Machinery
ROP|Roper Technologies, Inc. |Industrial Goods|Diversified Machinery
ROTO.BO|Roto Pumps Ltd |Industrial Goods|Diversified Machinery
RO4.DE|Rotork PLC |Industrial Goods|Diversified Machinery
ROR.L|Rotork PLC |Industrial Goods|Diversified Machinery
1540.TW|Roundtop Machinery |Industrial Goods|Diversified Machinery
SMENER.BO|S M Energy Teknik |Industrial Goods|Diversified Machinery
SAB.MI|Sabaf |Industrial Goods|Diversified Machinery
SNT.L|Sabien Technology Group PLC |Industrial Goods|Diversified Machinery
SAND.ST|Sandvik AB |Industrial Goods|Diversified Machinery
SVKB.DE|Sandvik AB |Industrial Goods|Diversified Machinery
SIS.TO|Savaria Corp |Industrial Goods|Diversified Machinery
SHR.DE|Schindler Holding AG |Industrial Goods|Diversified Machinery
SHRQ.DE|Schindler Holding AG |Industrial Goods|Diversified Machinery
SCHNEIDER.NS|Schneider Electric Infr |Industrial Goods|Diversified Machinery
SND.DE|Schneider Electric SE |Industrial Goods|Diversified Machinery
SU.PA|Schneider Electric SE |Industrial Goods|Diversified Machinery
SUNV.PA|Schneider Electric SE |Industrial Goods|Diversified Machinery
SCU.DE|Schuler AG |Industrial Goods|Diversified Machinery
SCUN.DE|Schuler AG |Industrial Goods|Diversified Machinery
SCM.DE|Schumag AG |Industrial Goods|Diversified Machinery
SCT.NZ|Scott Technology Ltd |Industrial Goods|Diversified Machinery
8150.HK|Seamless Green China holdings |Industrial Goods|Diversified Machinery
SED.DE|Sedlbauer AG |Industrial Goods|Diversified Machinery
SERVOTEC.BO|Servotech Engineering |Industrial Goods|Diversified Machinery
F3C.DE|SFC Energy AG |Industrial Goods|Diversified Machinery
SHAKTIPU.BO|Shakti Pumps (India) Ltd |Industrial Goods|Diversified Machinery
2727.HK|Shanghai Electric Group |Industrial Goods|Diversified Machinery
USR.DE|Shanghai Electric Group Co Ltd |Industrial Goods|Diversified Machinery
2345.HK|Shanghai Prime Machinery |Industrial Goods|Diversified Machinery
8115.HK|Shanghai Qingpu |Industrial Goods|Diversified Machinery
S7N.DE|Shanghai Turbo Enterprises Ltd |Industrial Goods|Diversified Machinery
X27.SI|Shanghai Turbo Enterprises Ltd |Industrial Goods|Diversified Machinery
SHANTIGE.BO|Shanthi Gears Ltd |Industrial Goods|Diversified Machinery
SHANTIGEA.NS|Shanthi Gears Ltd |Industrial Goods|Diversified Machinery
JI8.DE|Shenji Group Kunming |Industrial Goods|Diversified Machinery
0300.HK|Shenji Group Kunming Mach |Industrial Goods|Diversified Machinery
1503.TW|Shihlin Electric & Engine |Industrial Goods|Diversified Machinery
SHILGRAVQ.BO|Shilp Gravures Ltd |Industrial Goods|Diversified Machinery
SIE.DE|Siemens AG |Industrial Goods|Diversified Machinery
SIE.L|Siemens AG |Industrial Goods|Diversified Machinery
SIE.MI|Siemens AG |Industrial Goods|Diversified Machinery
SIEB.DE|Siemens AG |Industrial Goods|Diversified Machinery
SI.V|Siemens Aktiengesellschaft |Industrial Goods|Diversified Machinery
SIEMENS.BO|Siemens Ltd |Industrial Goods|Diversified Machinery
SIEMENS.NS|Siemens Ltd |Industrial Goods|Diversified Machinery
GIRO.PA|Signaux Girod |Industrial Goods|Diversified Machinery
0716.HK|Singamas Container Holdin |Industrial Goods|Diversified Machinery
SINGER.BO|Singer India Ltd |Industrial Goods|Diversified Machinery
SKAKO.CO|SKAKO A/S |Industrial Goods|Diversified Machinery
SKF.BO|SKF India Ltd |Industrial Goods|Diversified Machinery
SKFINDIA.NS|SKF India Ltd |Industrial Goods|Diversified Machinery
AM3D.DE|SLM Solutions Group AG |Industrial Goods|Diversified Machinery
QMC.DE|SMC Corp |Industrial Goods|Diversified Machinery
QS2A.DE|Smiths Group PLC |Industrial Goods|Diversified Machinery
SMIN.L|Smiths Group PLC |Industrial Goods|Diversified Machinery
SNAK.L|SnackTime PLC |Industrial Goods|Diversified Machinery
SDW.V|Sofame Technologies Inc |Industrial Goods|Diversified Machinery
SPX.L|Spirax-Sarco Engineering PLC |Industrial Goods|Diversified Machinery
SPW.DE|SPX Corp |Industrial Goods|Diversified Machinery
SPW|SPX Corporation |Industrial Goods|Diversified Machinery
BWPL.BO|Sri KPR Industries Ltd |Industrial Goods|Diversified Machinery
STARLITE.BO|Starlite Components Ltd |Industrial Goods|Diversified Machinery
STEELCAS.BO|Steelcast Ltd. |Industrial Goods|Diversified Machinery
ST5.DE|STEICO AG |Industrial Goods|Diversified Machinery
SKS.AX|Stokes Ltd |Industrial Goods|Diversified Machinery
STOVACQ.BO|Stovec Industries Ltd |Industrial Goods|Diversified Machinery
STURDY.BO|Sturdy Industries Ltd |Industrial Goods|Diversified Machinery
SUL1.DE|Sulzer AG |Industrial Goods|Diversified Machinery
SSM1.DE|Sumitomo Heavy Industries Ltd |Industrial Goods|Diversified Machinery
2421.TW|Sunon |Industrial Goods|Diversified Machinery
5GD.SI|Sunpower Group Ltd |Industrial Goods|Diversified Machinery
5SZ1.DE|Suzlon Energy Ltd |Industrial Goods|Diversified Machinery
SUZLON.BO|Suzlon Energy Ltd |Industrial Goods|Diversified Machinery
SUZLON.NS|Suzlon Energy Ltd |Industrial Goods|Diversified Machinery
WSZ.DE|Swisslog Holding AG |Industrial Goods|Diversified Machinery
SYL.V|Symax Lift (Holding) Co Ltd |Industrial Goods|Diversified Machinery
1582.TW|Syncmold Enterprise Corp |Industrial Goods|Diversified Machinery
ZEN.L|Synety Group PLC |Industrial Goods|Diversified Machinery
TIGLOB.BO|T & I Global Ltd |Industrial Goods|Diversified Machinery
TARAPUR.NS|Tarapur Transformers Ltd |Industrial Goods|Diversified Machinery
TARAPURTL.BO|Tarapur Transformers Ltd |Industrial Goods|Diversified Machinery
TAYD|Taylor Devices Inc. |Industrial Goods|Diversified Machinery
TECPRO.NS|Tecpro Systems Ltd |Industrial Goods|Diversified Machinery
TECU|Tecumseh Products Company |Industrial Goods|Diversified Machinery
TNC|Tennant Company |Industrial Goods|Diversified Machinery
VULCANEN.BO|Terruzzi Fercalx India Ltd |Industrial Goods|Diversified Machinery
TES.MI|Tesmec |Industrial Goods|Diversified Machinery
BWC|The Babcock & Wilcox Company |Industrial Goods|Diversified Machinery
XONE|The ExOne Company |Industrial Goods|Diversified Machinery
J9R.DE|The Japan Steel Works Ltd |Industrial Goods|Diversified Machinery
MBY.DE|The Middleby Corp |Industrial Goods|Diversified Machinery
THERMAX.BO|Thermax Ltd |Industrial Goods|Diversified Machinery
THERMAX.NS|Thermax Ltd |Industrial Goods|Diversified Machinery
THER.PA|Thermocompact SA |Industrial Goods|Diversified Machinery
THR|Thermon Group Holdings, Inc. |Industrial Goods|Diversified Machinery
THTI|THT Heat Transfer Technology, |Industrial Goods|Diversified Machinery
TIL.BO|TIL Ltd |Industrial Goods|Diversified Machinery
TIL.NS|TIL Ltd |Industrial Goods|Diversified Machinery
TIMKEN.BO|Timken India Ltd |Industrial Goods|Diversified Machinery
TIMKEN.NS|Timken India Ltd |Industrial Goods|Diversified Machinery
TLA.V|Titan Logix Corp |Industrial Goods|Diversified Machinery
TVLY.PA|Tivoly |Industrial Goods|Diversified Machinery
4526.TW|Tong-Tai Machine Tool Co Ltd |Industrial Goods|Diversified Machinery
TPX.DE|Toppan Printing Co Ltd |Industrial Goods|Diversified Machinery
TNSN.DE|Tornos Holding AG |Industrial Goods|Diversified Machinery
TSE1.DE|Toshiba Corp |Industrial Goods|Diversified Machinery
TOA.DE|Toshiba Machine Co., Ltd. |Industrial Goods|Diversified Machinery
MLPSH.PA|TPSH |Industrial Goods|Diversified Machinery
TRIL.BO|Transformers & Rectifiers |Industrial Goods|Diversified Machinery
TRIL.NS|Transformers & Rectifiers |Industrial Goods|Diversified Machinery
TLLB.DE|Trelleborg AB |Industrial Goods|Diversified Machinery
TREL-B.ST|Trelleborg AB |Industrial Goods|Diversified Machinery
TRF.BO|TRF Ltd |Industrial Goods|Diversified Machinery
TRF.NS|TRF Ltd |Industrial Goods|Diversified Machinery
TCN.L|Tricorn Group PLC |Industrial Goods|Diversified Machinery
TSB.DE|Tsubakimoto Chain Co |Industrial Goods|Diversified Machinery
TTS.OL|TTS Group ASA |Industrial Goods|Diversified Machinery
TTEG|Turbine Truck Engines Inc. |Industrial Goods|Diversified Machinery
TPS.L|Turbo Power Systems Inc |Industrial Goods|Diversified Machinery
TWIN|Twin Disc, Incorporated |Industrial Goods|Diversified Machinery
0687.HK|Tysan Holdings Ltd. |Industrial Goods|Diversified Machinery
UTLTD.BO|U T Ltd |Industrial Goods|Diversified Machinery
UG.V|UGE International Ltd |Industrial Goods|Diversified Machinery
ULB.DE|Ultralife Corp |Industrial Goods|Diversified Machinery
UP7.DE|United Power Technology AG |Industrial Goods|Diversified Machinery
VDN.DE|VDN Vereinigte Dt |Industrial Goods|Diversified Machinery
VJLAXMIE.BO|Veejay Lakshmi |Industrial Goods|Diversified Machinery
VLN.TO|Velan Inc |Industrial Goods|Diversified Machinery
VELJAN.BO|Veljan Denison Ltd |Industrial Goods|Diversified Machinery
VENUSUNI.BO|Venus Universal Ltd |Industrial Goods|Diversified Machinery
VWS.CO|Vestas Wind Systems A/S |Industrial Goods|Diversified Machinery
VWS.DE|Vestas Wind Systems A/S |Industrial Goods|Diversified Machinery
VWSA.DE|Vestas Wind Systems A/S |Industrial Goods|Diversified Machinery
VESUVIUS.BO|Vesuvius India Ltd |Industrial Goods|Diversified Machinery
VESUVIUS.NS|Vesuvius India Ltd |Industrial Goods|Diversified Machinery
535.SI|VibroPower Corp Ltd |Industrial Goods|Diversified Machinery
MLVIS.PA|Visio Nerf SA |Industrial Goods|Diversified Machinery
8032.HK|Viva China Holdings Ltd. |Industrial Goods|Diversified Machinery
VOLTAMP.BO|Voltamp Transformers Ltd |Industrial Goods|Diversified Machinery
VOLTAMP.NS|Voltamp Transformers Ltd |Industrial Goods|Diversified Machinery
WAN.DE|Wanderer-Werke AG |Industrial Goods|Diversified Machinery
MTA.DE|Wartsila Corp |Industrial Goods|Diversified Machinery
WSU.DE|WashTec AG |Industrial Goods|Diversified Machinery
W3W.DE|Watts Water Technologies Inc |Industrial Goods|Diversified Machinery
BAZA763.SA|Weg SA |Industrial Goods|Diversified Machinery
WI4.DE|Weichai Power Co Ltd |Industrial Goods|Diversified Machinery
2338.HK|Weichai Power Co., Ltd. |Industrial Goods|Diversified Machinery
42W.DE|Weir Group PLC |Industrial Goods|Diversified Machinery
WEIR.L|Weir Group PLC |Industrial Goods|Diversified Machinery
WTL.NZ|Windflow Technology Ltd |Industrial Goods|Diversified Machinery
WINDSOR.BO|Windsor Machines Ltd |Industrial Goods|Diversified Machinery
B49.SI|World Precision Machinery Ltd |Industrial Goods|Diversified Machinery
WPIL.BO|WPIL Ltd |Industrial Goods|Diversified Machinery
WSCI|WSI Industries Inc. |Industrial Goods|Diversified Machinery
WUHN|Wuhan General Group (China) In |Industrial Goods|Diversified Machinery
XANO-B.ST|XANO Industri AB |Industrial Goods|Diversified Machinery
XB6.DE|Xebec Adsorption Inc |Industrial Goods|Diversified Machinery
XBC.V|Xebec Adsorption Inc |Industrial Goods|Diversified Machinery
XBC.V|Xebec Adsorption Inc |Industrial Goods|Diversified Machinery
TXRN.DE|Xerium Technologies Inc |Industrial Goods|Diversified Machinery
XRM|Xerium Technologies Inc. |Industrial Goods|Diversified Machinery
XSG.L|Xeros Technology Group PLC |Industrial Goods|Diversified Machinery
2208.HK|Xinjiang Goldwind Science |Industrial Goods|Diversified Machinery
CXGH.DE|Xinjiang Goldwind Science |Industrial Goods|Diversified Machinery
M9F.SI|XMH Holdings Ltd |Industrial Goods|Diversified Machinery
XRF.AX|XRF Scientific Ltd |Industrial Goods|Diversified Machinery
XYL|Xylem Inc. |Industrial Goods|Diversified Machinery
YKE.DE|Yokogawa Electric Corp |Industrial Goods|Diversified Machinery
YUKEN.BO|Yuken India Ltd |Industrial Goods|Diversified Machinery
1507.TW|Yungtay Engineering Co Ltd |Industrial Goods|Diversified Machinery
ZB3.DE|ZBB Energy Corp |Industrial Goods|Diversified Machinery
ZT1A.DE|Zebra Technologies Corp |Industrial Goods|Diversified Machinery
ZBRA|Zebra Technologies Corporation |Industrial Goods|Diversified Machinery
ZGL.AX|Zicom Group Ltd |Industrial Goods|Diversified Machinery
2GB.DE|2G energy AG |Industrial Goods|Diversified Machinery
MMM.BA|3M Co |Industrial Goods|Diversified Machinery
MMM.DE|3M Co |Industrial Goods|Diversified Machinery
MMM.MX|3M Co |Industrial Goods|Diversified Machinery
MMMC34.SA|3M Co |Industrial Goods|Diversified Machinery
MMM|3M Company |Industrial Goods|Diversified Machinery
