More Info|Industry: General Building Materials |Industrial Goods|General Building Materials
AAON|AAON Inc. |Industrial Goods|General Building Materials
ACC.BO|ACC Ltd |Industrial Goods|General Building Materials
ACC.NS|ACC Ltd |Industrial Goods|General Building Materials
ABC.AX|Adelaide Brighton Limited |Industrial Goods|General Building Materials
GHO.DE|Adelaide Brighton Limited |Industrial Goods|General Building Materials
ANGA.DE|AFG Arbonia-Forster-Holding AG |Industrial Goods|General Building Materials
AGTA.PA|Agta Record |Industrial Goods|General Building Materials
AKRIT.AT|Akritas SA |Industrial Goods|General Building Materials
ALFAICA.BO|Alfa Ica (India) Ltd |Industrial Goods|General Building Materials
APL.DE|Alpha Pro Tech Ltd |Industrial Goods|General Building Materials
APT|Alpha Pro Tech Ltd. |Industrial Goods|General Building Materials
ALU.L|Alumasc Group PLC |Industrial Goods|General Building Materials
ACL.BO|Ambuja Cements Ltd |Industrial Goods|General Building Materials
AMBUJACEM.NS|Ambuja Cements Ltd |Industrial Goods|General Building Materials
ANDHRCM.BO|Andhra Cements Ltd |Industrial Goods|General Building Materials
0914.HK|Anhui Conch Cement |Industrial Goods|General Building Materials
AQE.DE|Anhui Conch Cement Co Ltd |Industrial Goods|General Building Materials
ANJANI.BO|Anjani Synthetics Ltd. |Industrial Goods|General Building Materials
APOG|Apogee Enterprises, Inc. |Industrial Goods|General Building Materials
91A.DE|Armstrong World Industries Inc |Industrial Goods|General Building Materials
AWI|Armstrong World Industries, In |Industrial Goods|General Building Materials
AROGRANI.BO|Aro Granite Industries Ltd |Industrial Goods|General Building Materials
AROGRANIT.NS|Aro Granite Industries Ltd |Industrial Goods|General Building Materials
SHJ.DE|Asahi Glass Co Ltd |Industrial Goods|General Building Materials
0743.HK|Asia Cement (China) |Industrial Goods|General Building Materials
4OJ.DE|Asia Cement (China) Hldgs |Industrial Goods|General Building Materials
1102.TW|Asia Cement Corp |Industrial Goods|General Building Materials
ASCD.L|Asia Cement Corp |Industrial Goods|General Building Materials
ASIANTILE.NS|Asian Granito India Ltd |Industrial Goods|General Building Materials
ASIANTILES.BO|Asian Granito India Ltd |Industrial Goods|General Building Materials
ASPN|Aspen Aerogels, Inc. |Industrial Goods|General Building Materials
ALZB.DE|Assa Abloy AB |Industrial Goods|General Building Materials
ASSA-B.ST|Assa Abloy AB |Industrial Goods|General Building Materials
AXIH|Axion International Holdings, |Industrial Goods|General Building Materials
AXIH|Axion International Holdings, |Industrial Goods|General Building Materials
BVCL.BO|Barak Valley Cements Ltd |Industrial Goods|General Building Materials
BVCL.NS|Barak Valley Cements Ltd |Industrial Goods|General Building Materials
9BM.DE|BBMG Corp |Industrial Goods|General Building Materials
2009.HK|BBMG Corporation |Industrial Goods|General Building Materials
BECN|Beacon Roofing Supply, Inc. |Industrial Goods|General Building Materials
BEARDSELL.NS|Beardsell Ltd |Industrial Goods|General Building Materials
BHEEMACEM.BO|Bheema Cements Ltd |Industrial Goods|General Building Materials
BINANIIND.NS|Binani Industries Ltd |Industrial Goods|General Building Materials
BINANIZINC.BO|Binani Industries Ltd |Industrial Goods|General Building Materials
BIRLACORP.BO|Birla Corp Ltd |Industrial Goods|General Building Materials
BIRLACORP.NS|Birla Corp Ltd |Industrial Goods|General Building Materials
SHGRANI.BO|Blazon Marbles Ltd |Industrial Goods|General Building Materials
BLD.AX|Boral Ltd |Industrial Goods|General Building Materials
HQK.DE|Boral Ltd |Industrial Goods|General Building Materials
BMSA.DE|Braas Monier Building |Industrial Goods|General Building Materials
BBL-A.TO|Brampton Brick Ltd |Industrial Goods|General Building Materials
MMAT.L|Breedon Aggregates Ltd |Industrial Goods|General Building Materials
BKW.AX|Brickworks Ltd |Industrial Goods|General Building Materials
BRUSHMAN.BO|Brushman (India) Ltd |Industrial Goods|General Building Materials
B1F.DE|Builders FirstSource Inc |Industrial Goods|General Building Materials
BLDR|Builders FirstSource, Inc. |Industrial Goods|General Building Materials
BURNPUR.BO|Burnpur Cement Ltd |Industrial Goods|General Building Materials
BURNPUR.NS|Burnpur Cement Ltd |Industrial Goods|General Building Materials
BZU.MI|Buzzi Unicem |Industrial Goods|General Building Materials
BZUR.MI|Buzzi Unicem |Industrial Goods|General Building Materials
UCM.DE|Buzzi Unicem |Industrial Goods|General Building Materials
UCM1.DE|Buzzi Unicem |Industrial Goods|General Building Materials
BMA.OL|Byggma ASA |Industrial Goods|General Building Materials
CSTE|CaesarStone Sdot-Yam Ltd. |Industrial Goods|General Building Materials
CWX.TO|CanWel Building Materials |Industrial Goods|General Building Materials
CATA|Catalyst Resource Group, Inc. |Industrial Goods|General Building Materials
3KH.DE|Catur Sentosa Adiprana Tbk |Industrial Goods|General Building Materials
CCOM|CCOM Group, Inc. |Industrial Goods|General Building Materials
CVX.V|Cematrix Corp |Industrial Goods|General Building Materials
CEM.MI|Cementir Holding SPA |Industrial Goods|General Building Materials
PLZ.DE|Cementos Portland |Industrial Goods|General Building Materials
CEMEXCPO.MX|Cemex SAB de CV |Industrial Goods|General Building Materials
CEXA.DE|Cemex SAB de CV |Industrial Goods|General Building Materials
CEXB.DE|Cemex SAB de CV |Industrial Goods|General Building Materials
CENTURYTE.NS|Century Textiles & Indus |Industrial Goods|General Building Materials
CENTURYTEX.BO|Century Textiles & Indus |Industrial Goods|General Building Materials
CERA.NS|Cera Sanitaryware Ltd |Industrial Goods|General Building Materials
CERASAN.BO|Cera Sanitaryware Ltd |Industrial Goods|General Building Materials
BAZA85.SA|Ceramica Chiarelli SA |Industrial Goods|General Building Materials
BAZA86.SA|Ceramica Chiarelli SA |Industrial Goods|General Building Materials
RIC.MI|Ceramiche Ricchetti |Industrial Goods|General Building Materials
1806.TW|Champion Building |Industrial Goods|General Building Materials
9930.TW|CHC Resources Corp |Industrial Goods|General Building Materials
1103.TW|Chia Hsin Cement Corp |Industrial Goods|General Building Materials
V39.DE|China Adv Construction |Industrial Goods|General Building Materials
CADC|China Advanced Construction Ma |Industrial Goods|General Building Materials
CCCL|China Ceramics Co., Ltd. |Industrial Goods|General Building Materials
1809.TW|China Glaze Co Ltd |Industrial Goods|General Building Materials
D50.SI|China Great Land Holdings Ltd |Industrial Goods|General Building Materials
3323.HK|China National Building |Industrial Goods|General Building Materials
D1Y.DE|China National Building |Industrial Goods|General Building Materials
5CM.DE|China National Materials |Industrial Goods|General Building Materials
1313.HK|China Resources Cement |Industrial Goods|General Building Materials
C44.DE|China Resources Cement Ho |Industrial Goods|General Building Materials
0691.HK|China Shanshui Cement |Industrial Goods|General Building Materials
C95.DE|China Shanshui Cement Gr |Industrial Goods|General Building Materials
0385.HK|Chinney Alliance Group Ltd. |Industrial Goods|General Building Materials
CPV.DE|Cimpor - Cimentos de Portugal |Industrial Goods|General Building Materials
CWS.ST|Comfort Window System AB |Industrial Goods|General Building Materials
C02.SI|Compact Metal Industries |Industrial Goods|General Building Materials
T4E.SI|Compact Metal Industries Ltd |Industrial Goods|General Building Materials
COD.L|Compagnie de Saint-Gobain |Industrial Goods|General Building Materials
SGO.PA|Compagnie de Saint-Gobain |Industrial Goods|General Building Materials
SGONV.PA|Compagnie de Saint-Gobain |Industrial Goods|General Building Materials
CLEV|Concrete Leveling Systems, Inc |Industrial Goods|General Building Materials
CBPX|Continental Building Products, |Industrial Goods|General Building Materials
CMOCTEZ.MX|Corporacion Moctezuma |Industrial Goods|General Building Materials
CRN3.DE|Creaton AG |Industrial Goods|General Building Materials
CRH.L|CRH PLC |Industrial Goods|General Building Materials
CSR.DE|CSR Ltd |Industrial Goods|General Building Materials
CSRCD.AX|CSR Ltd |Industrial Goods|General Building Materials
DKI.DE|Daikin Industries Ltd |Industrial Goods|General Building Materials
DALMIABHA.NS|Dalmia Bharat Ltd |Industrial Goods|General Building Materials
DANTH.CO|Dantherm A/S |Industrial Goods|General Building Materials
DECCANCE.BO|Deccan Cements Ltd |Industrial Goods|General Building Materials
DECCANCE.NS|Deccan Cements Ltd |Industrial Goods|General Building Materials
DECB.BR|Deceuninck |Industrial Goods|General Building Materials
DECOLIGHT.BO|Decolight Ceramics Ltd |Industrial Goods|General Building Materials
DECOLIGHT.NS|Decolight Ceramics Ltd |Industrial Goods|General Building Materials
D11.SI|Design Studio Group Ltd |Industrial Goods|General Building Materials
DHOOTIND.BO|Dhoot Industries Ltd |Industrial Goods|General Building Materials
D3I.DE|Dist & Warehousing |Industrial Goods|General Building Materials
DIVSHKT.BO|Divyashakti Granites Ltd |Industrial Goods|General Building Materials
DLX.AX|DuluxGroup Ltd |Industrial Goods|General Building Materials
EBN.DE|E Bon Holdings Ltd |Industrial Goods|General Building Materials
ECOBOAR.BO|Ecoboard Industries Ltd |Industrial Goods|General Building Materials
ELECTCAST.NS|Electrosteel Castings Ltd |Industrial Goods|General Building Materials
ELECTROST.BO|Electrosteel Castings Ltd |Industrial Goods|General Building Materials
ELEMARB.BO|Elegant Marbles |Industrial Goods|General Building Materials
S44.SI|EnGro Corp Ltd |Industrial Goods|General Building Materials
ESR.L|Ensor Holdings PLC |Industrial Goods|General Building Materials
EPWN.L|Epwin Group PLC |Industrial Goods|General Building Materials
BAUH239.SA|Eternit SA |Industrial Goods|General Building Materials
BAUH241.SA|Eucatex Industria |Industrial Goods|General Building Materials
BAZA240.SA|Eucatex Industria |Industrial Goods|General Building Materials
EUROCERA.BO|Euro Ceramics Ltd |Industrial Goods|General Building Materials
EUROCERA.NS|Euro Ceramics Ltd |Industrial Goods|General Building Materials
EVEREST.BO|Everest Industries Ltd |Industrial Goods|General Building Materials
EVERESTIN.NS|Everest Industries Ltd |Industrial Goods|General Building Materials
FBF.V|Fab-Form Industries Ltd |Industrial Goods|General Building Materials
FERR.BA|Ferrum de Ceramica |Industrial Goods|General Building Materials
FBR-H.V|Fibre-Crown Manufacturing Inc |Industrial Goods|General Building Materials
FGI.AX|Flat Glass Industries Ltd |Industrial Goods|General Building Materials
FBU.AX|Fletcher Building Ltd |Industrial Goods|General Building Materials
FBU.NZ|Fletcher Building Ltd |Industrial Goods|General Building Materials
FOZN.DE|Forbo Holding AG |Industrial Goods|General Building Materials
GBRA.DE|Geberit AG |Industrial Goods|General Building Materials
GGGRAN.BO|Gee Gee Granites Ltd |Industrial Goods|General Building Materials
GLITTEKG.BO|Glittek Granites Ltd |Industrial Goods|General Building Materials
2504.TW|Goldsun Development |Industrial Goods|General Building Materials
GFTU.L|Grafton Group PLC |Industrial Goods|General Building Materials
GREENPLY.BO|Greenply Industries Ltd |Industrial Goods|General Building Materials
GREENPLY.NS|Greenply Industries Ltd |Industrial Goods|General Building Materials
GFF|Griffon Corporation |Industrial Goods|General Building Materials
GRINDWELL.NS|Grindwell Norton Ltd |Industrial Goods|General Building Materials
GRINDWELNOR.BO|Grindwell Norton Ltd |Industrial Goods|General Building Materials
GCC.MX|Grupo Cementos |Industrial Goods|General Building Materials
GISSAA.MX|Grupo Industrial Saltillo |Industrial Goods|General Building Materials
LAMOSA.MX|Grupo Lamosa SAB de CV |Industrial Goods|General Building Materials
GUJBOROS.BO|Gujarat Borosil Ltd |Industrial Goods|General Building Materials
GUJNFLY.BO|Gujarat Narmada Flyash Co Ltd |Industrial Goods|General Building Materials
GUJSIDHCE.NS|Gujarat Sidhee Cement Ltd. |Industrial Goods|General Building Materials
GUJSIDHEE.BO|Gujarat Sidhee Cement Ltd. |Industrial Goods|General Building Materials
HH.CO|H+H International A/S |Industrial Goods|General Building Materials
5PP.SI|Hafary Holdings Ltd |Industrial Goods|General Building Materials
5VS.SI|Hafary Holdings Ltd |Industrial Goods|General Building Materials
BAZA309.SA|Haga SA Industria E Comercio |Industrial Goods|General Building Materials
BAZA310.SA|Haga SA Industria E Comercio |Industrial Goods|General Building Materials
CV6.DE|Headwaters Inc |Industrial Goods|General Building Materials
HW|Headwaters Incorporated |Industrial Goods|General Building Materials
HSM.L|Heath (Samuel) & Sons PLC |Industrial Goods|General Building Materials
HEI.DE|HeidelbergCement AG |Industrial Goods|General Building Materials
HEIDELBER.NS|HeidelbergCement India Ltd |Industrial Goods|General Building Materials
HEIDELCEM.BO|HeidelbergCement India Ltd |Industrial Goods|General Building Materials
HRAK.AT|Heracles General Cement Co SA |Industrial Goods|General Building Materials
HTIG.L|Hightex Group PLC |Industrial Goods|General Building Materials
HYDIND.BO|HIL Ltd |Industrial Goods|General Building Materials
HYDRBADIN.NS|HIL Ltd |Industrial Goods|General Building Materials
HIL.AX|Hills Ltd |Industrial Goods|General Building Materials
HIMGRANI.BO|Himalaya Granites Ltd |Industrial Goods|General Building Materials
JMIN.BA|Holcim (Argentina) SA |Industrial Goods|General Building Materials
RU6.DE|Holcim Indonesia Tbk |Industrial Goods|General Building Materials
0QKY.L|Holcim Ltd |Industrial Goods|General Building Materials
HLBN.DE|Holcim Ltd |Industrial Goods|General Building Materials
HSIL.BO|HSIL Ltd |Industrial Goods|General Building Materials
HSIL.NS|HSIL Ltd |Industrial Goods|General Building Materials
1109.TW|Hsing Ta Cement Co Ltd |Industrial Goods|General Building Materials
2545.TW|Huang Hsiang Construction Corp |Industrial Goods|General Building Materials
IFGLREF.BO|IFGL Refractories Ltd |Industrial Goods|General Building Materials
IFGLREFRA.NS|IFGL Refractories Ltd |Industrial Goods|General Building Materials
IKTIN.AT|Iktinos Hellas |Industrial Goods|General Building Materials
IY4.DE|Imerys |Industrial Goods|General Building Materials
NK.PA|Imerys |Industrial Goods|General Building Materials
INANI.BO|Inani Marbles & Industries Ltd |Industrial Goods|General Building Materials
INDIACEM.BO|India Cements Ltd |Industrial Goods|General Building Materials
INDIACEM.NS|India Cements Ltd |Industrial Goods|General Building Materials
ITP.DE|Indocement Tunggal |Industrial Goods|General Building Materials
INH.DE|Indus Holding AG |Industrial Goods|General Building Materials
TSS.DE|Innotec Tss AG |Industrial Goods|General Building Materials
IBP|Installed Building Products, I |Industrial Goods|General Building Materials
STAL.PA|Installux |Industrial Goods|General Building Materials
CERAMICB.MX|Internacional de Ceramica |Industrial Goods|General Building Materials
CERAMICD.MX|Internacional de Ceramica |Industrial Goods|General Building Materials
IBH.V|International Barrier |Industrial Goods|General Building Materials
IT.MI|Italcementi SpA |Industrial Goods|General Building Materials
ITA.DE|Italcementi SpA |Industrial Goods|General Building Materials
ITM.MI|Italmobiliare SpA |Industrial Goods|General Building Materials
ITMR.MI|Italmobiliare SpA |Industrial Goods|General Building Materials
JAIMATAG.BO|Jai Mata Glass Ltd |Industrial Goods|General Building Materials
JHD.L|James Halstead PLC |Industrial Goods|General Building Materials
JHA.DE|James Hardie Industries PLC |Industrial Goods|General Building Materials
JHX.AX|James Hardie Industries PLC |Industrial Goods|General Building Materials
JENSONIC.BO|Jenson & Nicholson India Ltd |Industrial Goods|General Building Materials
JENSONICO.NS|Jenson & Nicholson India Ltd |Industrial Goods|General Building Materials
JKCEM.BO|JK Cement Ltd |Industrial Goods|General Building Materials
JKCEMENT.NS|JK Cement Ltd |Industrial Goods|General Building Materials
JKLAKSHMI.BO|JK Lakshmi Cement Ltd |Industrial Goods|General Building Materials
JKLAKSHMI.NS|JK Lakshmi Cement Ltd |Industrial Goods|General Building Materials
KAJARIAC.BO|Kajaria Ceramics Ltd |Industrial Goods|General Building Materials
KAJARIACE.NS|Kajaria Ceramics Ltd |Industrial Goods|General Building Materials
KAKATCEM.NS|Kakatiya Cement Sugar |Industrial Goods|General Building Materials
KAKCEM.BO|Kakatiya Cement Sugar |Industrial Goods|General Building Materials
KLYNCEM.BO|Kalyanpur Cements Ltd |Industrial Goods|General Building Materials
KATWAUD.BO|Katwa Udyog Ltd |Industrial Goods|General Building Materials
KEERTHI.BO|Keerthi Industries Ltd |Industrial Goods|General Building Materials
KGP.L|Kingspan Group PLC |Industrial Goods|General Building Materials
1805.TW|Kpt Industries Ltd |Industrial Goods|General Building Materials
CIL.DE|Lafarge SA |Industrial Goods|General Building Materials
LG.PA|Lafarge SA |Industrial Goods|General Building Materials
LGNV.PA|Lafarge SA |Industrial Goods|General Building Materials
LEG.DE|Lecico Egypt SAE |Industrial Goods|General Building Materials
L08.SI|Lion Asiapac Ltd |Industrial Goods|General Building Materials
TJS.DE|Lixil Group Corp |Industrial Goods|General Building Materials
LP3.DE|Louisiana-Pacific Corp |Industrial Goods|General Building Materials
1108.TW|Lucky Cement Co |Industrial Goods|General Building Materials
0366.HK|Luks Group |Industrial Goods|General Building Materials
LU4.DE|Luks Group |Industrial Goods|General Building Materials
1108.HK|Luoyang Glass Company Limited |Industrial Goods|General Building Materials
LRL.V|Luxor Industrial Corp |Industrial Goods|General Building Materials
MADHAV.NS|Madhav Marbles |Industrial Goods|General Building Materials
MADHAVMA.BO|Madhav Marbles |Industrial Goods|General Building Materials
BAZA409.SA|Magnesita Refratarios SA |Industrial Goods|General Building Materials
MANGALC.BO|Mangalam Cement Ltd |Industrial Goods|General Building Materials
MANGLMCEM.NS|Mangalam Cement Ltd |Industrial Goods|General Building Materials
MARATHR.BO|Marathwada Refractories Ltd |Industrial Goods|General Building Materials
MSLH.L|Marshalls PLC |Industrial Goods|General Building Materials
MMX.DE|Martin Marietta Materials Inc |Industrial Goods|General Building Materials
MLM|Martin Marietta Materials Inc. |Industrial Goods|General Building Materials
MSQ.DE|Masco Corp |Industrial Goods|General Building Materials
MAS|Masco Corporation |Industrial Goods|General Building Materials
DOOR|Masonite International Corpora |Industrial Goods|General Building Materials
MATHIO.AT|MATHIOS REFRACTORY SA |Industrial Goods|General Building Materials
MBD.AX|MBD Corp Ltd |Industrial Goods|General Building Materials
MRE.DE|MDU Resources Group Inc |Industrial Goods|General Building Materials
MDU|MDU Resources Group Inc. |Industrial Goods|General Building Materials
MPG.NZ|Metro Performance Glass Ltd |Industrial Goods|General Building Materials
MPP.AX|Metro Performance Glass Ltd |Industrial Goods|General Building Materials
MBH.L|Michelmersh Brick Holdings PLC |Industrial Goods|General Building Materials
MPO.DE|Michelmersh Brick Holdings PLC |Industrial Goods|General Building Materials
MURLIIND.NS|Murli Industries Ltd |Industrial Goods|General Building Materials
MURLIINDU.BO|Murli Industries Ltd |Industrial Goods|General Building Materials
MURUDCER.BO|Murudeshwar Ceramics Ltd |Industrial Goods|General Building Materials
MURUDCERA.NS|Murudeshwar Ceramics Ltd |Industrial Goods|General Building Materials
CTLE|Nano Labs Corp. |Industrial Goods|General Building Materials
CTLE|Nano Labs Corp. |Industrial Goods|General Building Materials
N02.SI|NatSteel Ltd |Industrial Goods|General Building Materials
N7E.DE|Natural Cool Holdings Ltd |Industrial Goods|General Building Materials
NAVBLDR.BO|Navkar Builders Ltd |Industrial Goods|General Building Materials
NCUN.DE|NCI Building Systems Inc |Industrial Goods|General Building Materials
NCS|NCI Building Systems Inc. |Industrial Goods|General Building Materials
NCLIND.BO|NCL Industries Ltd |Industrial Goods|General Building Materials
NCLIND.NS|NCL Industries Ltd |Industrial Goods|General Building Materials
NEELKAN.BO|Neelkanth Rock Minerals Ltd |Industrial Goods|General Building Materials
NERG.PA|Nergeco |Industrial Goods|General Building Materials
NJBB.DE|NIBE Industrier AB |Industrial Goods|General Building Materials
NIDHGRN.BO|Nidhi Granites Ltd |Industrial Goods|General Building Materials
NI9.DE|Nippon Sheet Glass Co Ltd |Industrial Goods|General Building Materials
NITCO.BO|Nitco Ltd |Industrial Goods|General Building Materials
NITCO.NS|Nitco Ltd |Industrial Goods|General Building Materials
NB5.DE|Nitto Boseki Co Ltd |Industrial Goods|General Building Materials
NXR.L|Norcros PLC |Industrial Goods|General Building Materials
NTK|Nortek Inc. |Industrial Goods|General Building Materials
NTBR.L|Northern Bear PLC |Industrial Goods|General Building Materials
OKJ.AX|Oakajee Corp Ltd |Industrial Goods|General Building Materials
ALOBR.PA|Ober SA |Industrial Goods|General Building Materials
OCL.BO|OCL India Ltd |Industrial Goods|General Building Materials
OCL.NS|OCL India Ltd |Industrial Goods|General Building Materials
OLH.AX|Oldfields Holdings Ltd |Industrial Goods|General Building Materials
ORIENTCE.BO|Orient Bell Ltd |Industrial Goods|General Building Materials
ORIENTCER.NS|Orient Bell Ltd |Industrial Goods|General Building Materials
ORIENTAL.BO|Oriental Trimex Ltd |Industrial Goods|General Building Materials
ORIENTALT.NS|Oriental Trimex Ltd |Industrial Goods|General Building Materials
OC|Owens Corning |Industrial Goods|General Building Materials
O5Q.DE|Owens-Corning Inc |Industrial Goods|General Building Materials
PACIFICI.BO|Pacific Industries Ltd |Industrial Goods|General Building Materials
P52.SI|Pan-United Corp Ltd |Industrial Goods|General Building Materials
PAN.MI|Panariagroup Industrie |Industrial Goods|General Building Materials
PANCM.BO|Panyam Cements & Mineral |Industrial Goods|General Building Materials
PFB.TO|PFB Corp |Industrial Goods|General Building Materials
PGTI|PGT, Inc. |Industrial Goods|General Building Materials
MLPLC.PA|Placoplatre |Industrial Goods|General Building Materials
PGEM|Ply Gem Holdings, Inc |Industrial Goods|General Building Materials
POKARNA.BO|Pokarna Ltd |Industrial Goods|General Building Materials
4PM.DE|Polaris Materials Corp |Industrial Goods|General Building Materials
PLS.TO|Polaris Materials Corp |Industrial Goods|General Building Materials
BAUH539.SA|Portobello SA |Industrial Goods|General Building Materials
POUJ.PA|Poujoulat SA |Industrial Goods|General Building Materials
OZV2.DE|PPC Ltd |Industrial Goods|General Building Materials
PRISMCEM.BO|Prism Cement Ltd |Industrial Goods|General Building Materials
PRISMCEM.NS|Prism Cement Ltd |Industrial Goods|General Building Materials
0803.HK|Prosperity Int'l |Industrial Goods|General Building Materials
NX|Quanex Building Products Corpo |Industrial Goods|General Building Materials
RASSIREF.BO|Raasi Refractories Ltd |Industrial Goods|General Building Materials
RAINCOM.NS|Rain Commodities Limited |Industrial Goods|General Building Materials
RAIN.BO|Rain Industries Ltd |Industrial Goods|General Building Materials
MADRASCEM.BO|Ramco Cements Ltd |Industrial Goods|General Building Materials
MADRASCEM.NS|Ramco Cements Ltd |Industrial Goods|General Building Materials
RAMCOIND.BO|Ramco Industries Ltd |Industrial Goods|General Building Materials
RAMCOIND.NS|Ramco Industries Ltd |Industrial Goods|General Building Materials
RGSE|Real Goods Solar, Inc. |Industrial Goods|General Building Materials
REGENCERA.NS|Regency Ceramics Ltd |Industrial Goods|General Building Materials
REGENCY.BO|Regency Ceramics Ltd |Industrial Goods|General Building Materials
RESTILE.BO|Restile Ceramics Ltd |Industrial Goods|General Building Materials
RAD.DE|RHI AG |Industrial Goods|General Building Materials
RILB.DE|Rinol AG |Industrial Goods|General Building Materials
R90.DE|Rockwool International A/S |Industrial Goods|General Building Materials
RGR.PA|Rougier |Industrial Goods|General Building Materials
SAGARCE.BO|Sagar Cements Ltd |Industrial Goods|General Building Materials
SAGCEM.NS|Sagar Cements Ltd |Industrial Goods|General Building Materials
SAHYADRI.BO|Sahyadri Industries Ltd |Industrial Goods|General Building Materials
S46.SI|San Teh Ltd |Industrial Goods|General Building Materials
SANDPLAST.BO|Sand Plast (India) Ltd |Industrial Goods|General Building Materials
SANGHIIN.BO|Sanghi Industries Ltd |Industrial Goods|General Building Materials
SANGHIIND.NS|Sanghi Industries Ltd |Industrial Goods|General Building Materials
XST.DE|Sanwa Holdings Corporation |Industrial Goods|General Building Materials
SAURASHCEM.BO|Saurashtra Cement Ltd |Industrial Goods|General Building Materials
SCHABLON.BO|Schablona India Ltd |Industrial Goods|General Building Materials
SCHD.BR|Scheerders |Industrial Goods|General Building Materials
JAIMU.BO|Scope Industries (India) Ltd |Industrial Goods|General Building Materials
SMS2.DE|Semen Indonesia |Industrial Goods|General Building Materials
SEFER.PA|SergeFerrari Group SA |Industrial Goods|General Building Materials
SHIVACEM.BO|Shiva Cement Ltd |Industrial Goods|General Building Materials
5S2.DE|Sho-Bond Holdings Co., Ltd. |Industrial Goods|General Building Materials
SHREECEM.BO|Shree Cements Ltd |Industrial Goods|General Building Materials
SHREECEM.NS|Shree Cements Ltd |Industrial Goods|General Building Materials
SHREDIGC.BO|Shree Digvijay Cement Co Ltd |Industrial Goods|General Building Materials
SICAGEN.BO|Sicagen India Ltd |Industrial Goods|General Building Materials
SICAGEN.NS|Sicagen India Ltd |Industrial Goods|General Building Materials
SINTEX.BO|Sintex Industries Ltd |Industrial Goods|General Building Materials
SOLIDSTON.BO|Solid Stone Co Ltd |Industrial Goods|General Building Materials
6SC.DE|Sonae Capital SGPS SA |Industrial Goods|General Building Materials
1110.TW|Southeast Cement Co Ltd |Industrial Goods|General Building Materials
SRIVAJRA.BO|Sri Vajra Granites Ltd |Industrial Goods|General Building Materials
ST9.DE|Steppe Cement Ltd |Industrial Goods|General Building Materials
STCM.L|Steppe Cement Ltd |Industrial Goods|General Building Materials
STO3.DE|Sto AG |Industrial Goods|General Building Materials
STCK|Stock Building Supply Holdings |Industrial Goods|General Building Materials
SZCD.L|Suez Cement Co SAE |Industrial Goods|General Building Materials
SU2.DE|Sumitomo Osaka Cement Co Ltd |Industrial Goods|General Building Materials
SUM|Summit Materials, Inc. |Industrial Goods|General Building Materials
SPGH.L|Superglass Holdings PLC |Industrial Goods|General Building Materials
SMS.V|Sustainco Inc |Industrial Goods|General Building Materials
SVED-B.ST|Svedbergs i Dalstorp AB |Industrial Goods|General Building Materials
SWP.L|SWP Group PLC |Industrial Goods|General Building Materials
52S.DE|Systemair AB |Industrial Goods|General Building Materials
SYSR.ST|Systemair AB |Industrial Goods|General Building Materials
TIE.DE|Taiheiyo Cement Corp |Industrial Goods|General Building Materials
1101.TW|Taiwan Cement Corp |Industrial Goods|General Building Materials
TKTT.PA|Tarkett SA |Industrial Goods|General Building Materials
1136.HK|TCC International |Industrial Goods|General Building Materials
TH7.DE|TCC International Holdings Ltd |Industrial Goods|General Building Materials
TGLS|Tecnoglass Inc. |Industrial Goods|General Building Materials
NVP5.DE|Tipco Asphalt PLC |Industrial Goods|General Building Materials
TPY.DE|Tipco Asphalt PLC |Industrial Goods|General Building Materials
TIC.DE|Titan Cement Co SA |Industrial Goods|General Building Materials
TITK.AT|Titan Cement Co SA |Industrial Goods|General Building Materials
TITP.AT|Titan Cement Co SA |Industrial Goods|General Building Materials
TON.L|Titon Holdings PLC |Industrial Goods|General Building Materials
7TC.DE|Tokai Carbon Co Ltd |Industrial Goods|General Building Materials
TO4.DE|Toto Ltd |Industrial Goods|General Building Materials
NVP6.DE|Tpi Polene PLC |Industrial Goods|General Building Materials
570.SI|Transit-Mixed Concrete Ltd |Industrial Goods|General Building Materials
LFP.DE|Travis Perkins PLC |Industrial Goods|General Building Materials
TPK.L|Travis Perkins PLC |Industrial Goods|General Building Materials
TRR.DE|Trex Co Inc |Industrial Goods|General Building Materials
TREX|Trex Co. Inc. |Industrial Goods|General Building Materials
INDOZIN-B.BO|Trinetra Cement Ltd |Industrial Goods|General Building Materials
TRIVENIGQ.BO|Triveni Glass Ltd |Industrial Goods|General Building Materials
LUP.L|Tyman PLC |Industrial Goods|General Building Materials
USCR|U.S. Concrete, Inc. |Industrial Goods|General Building Materials
ULTRACEMC.NS|UltraTech Cement Ltd |Industrial Goods|General Building Materials
ULTRATECH.BO|UltraTech Cement Ltd |Industrial Goods|General Building Materials
USLM|United States Lime & Minerals, |Industrial Goods|General Building Materials
1104.TW|Universal Cement Corp |Industrial Goods|General Building Materials
MLUSG.PA|Universal System Group SA |Industrial Goods|General Building Materials
UPN.DE|Uponor Oyj |Industrial Goods|General Building Materials
US2.DE|USG Corp |Industrial Goods|General Building Materials
USG|USG Corporation |Industrial Goods|General Building Materials
VAICC.BO|Vaishno Cement Co Ltd |Industrial Goods|General Building Materials
LAMANSG.BO|Vertical Industries Ltd |Industrial Goods|General Building Materials
VIN.MI|Vianini Industria |Industrial Goods|General Building Materials
4HM.DE|Vicat |Industrial Goods|General Building Materials
VCT.PA|Vicat |Industrial Goods|General Building Materials
VIC.TO|Vicwest Inc |Industrial Goods|General Building Materials
VISAKA.BO|Visaka Industries Ltd |Industrial Goods|General Building Materials
VISAKAIND.NS|Visaka Industries Ltd |Industrial Goods|General Building Materials
VMMA.PA|VM Materiaux SA |Industrial Goods|General Building Materials
FAN.L|Volution Group PLC |Industrial Goods|General Building Materials
VMC.DE|Vulcan Materials Co |Industrial Goods|General Building Materials
VMC|Vulcan Materials Company |Industrial Goods|General Building Materials
2233.HK|West China Cement Ltd. |Industrial Goods|General Building Materials
WMK.V|Whitemud Resources Inc |Industrial Goods|General Building Materials
WIB.DE|Wienerberger AG |Industrial Goods|General Building Materials
WOS.L|Wolseley PLC |Industrial Goods|General Building Materials
XI9.DE|Xinyi Glass Holdings Ltd |Industrial Goods|General Building Materials
