More Info|Industry: Textile Industrial |Industrial Goods|Textile Industrial
AICHAMP.NS|A I Champdany Industries Ltd |Industrial Goods|Textile Industrial
AICHAMPD.BO|A I Champdany Industries Ltd |Industrial Goods|Textile Industrial
AARVEED.BO|Aarvee Denims & Exports Ltd |Industrial Goods|Textile Industrial
AARVEEDEN.NS|Aarvee Denims & Exports Ltd |Industrial Goods|Textile Industrial
ABHICOR.BO|Abhishek Corp Ltd |Industrial Goods|Textile Industrial
1466.TW|Acelon |Industrial Goods|Textile Industrial
ACIL.BO|Acil Cotton Industries Ltd |Industrial Goods|Textile Industrial
3344.HK|Addchance Holdings Ltd. |Industrial Goods|Textile Industrial
ADDIND.BO|Addi Industries Ltd |Industrial Goods|Textile Industrial
ADINATH.BO|Adinath Textiles Ltd |Industrial Goods|Textile Industrial
1131.HK|Agritrade Resources Ltd. |Industrial Goods|Textile Industrial
AIEA.L|AIREA PLC |Industrial Goods|Textile Industrial
AIN|Albany International Corp. |Industrial Goods|Textile Industrial
ALCHCORP.BO|Alchemist Corp Ltd |Industrial Goods|Textile Industrial
ALKA.BO|Alka India Ltd |Industrial Goods|Textile Industrial
ALOKIND.BO|Alok Industries Ltd |Industrial Goods|Textile Industrial
ALOKTEXT.NS|Alok Industries Ltd |Industrial Goods|Textile Industrial
ALPSIND.BO|Alps Industries Ltd |Industrial Goods|Textile Industrial
ALPSINDUS.NS|Alps Industries Ltd |Industrial Goods|Textile Industrial
AMANITRA.BO|Amani Trading & Exports Ltd |Industrial Goods|Textile Industrial
AMARJOSP.BO|Amarjothi Spinning Mills Ltd |Industrial Goods|Textile Industrial
AMARJOTHI.NS|Amarjothi Spinning Mills Ltd |Industrial Goods|Textile Industrial
AMBIKCO.BO|Ambika Cotton Mills Ltd |Industrial Goods|Textile Industrial
AMBIKCO.NS|Ambika Cotton Mills Ltd |Industrial Goods|Textile Industrial
AMITINT.BO|Amit International Ltd |Industrial Goods|Textile Industrial
AMITSPG.BO|Amit Spinning Industries Ltd |Industrial Goods|Textile Industrial
ASIL.NS|Amit Spinning Industries Ltd |Industrial Goods|Textile Industrial
ANJANIFA.BO|Anjani Dham Industries Ltd |Industrial Goods|Textile Industrial
APCL.BO|Anjani Synthetics Ltd |Industrial Goods|Textile Industrial
APMIN.BO|APM Industries Ltd |Industrial Goods|Textile Industrial
AREXMIS.BO|Arex Industries Ltd |Industrial Goods|Textile Industrial
ARORAFIB.BO|Arora Fibres Ltd |Industrial Goods|Textile Industrial
ARROWTEX.BO|Arrow Textiles Ltd |Industrial Goods|Textile Industrial
ARROWTEX.NS|Arrow Textiles Ltd |Industrial Goods|Textile Industrial
0565.HK|Art Textile Technology |Industrial Goods|Textile Industrial
ARVINDIN.BO|Arvind International Ltd |Industrial Goods|Textile Industrial
ARVIND.BO|Arvind Ltd |Industrial Goods|Textile Industrial
ARVIND.NS|Arvind Ltd |Industrial Goods|Textile Industrial
ASHIFIR.BO|Asahi Industries Ltd |Industrial Goods|Textile Industrial
ASHIMA.BO|Ashima Ltd |Industrial Goods|Textile Industrial
ASHIMASYN.NS|Ashima Ltd |Industrial Goods|Textile Industrial
ASHNOOR.BO|Ashnoor Textile Mills Ltd |Industrial Goods|Textile Industrial
GH3.SI|Asia Fashion Holdings Ltd |Industrial Goods|Textile Industrial
AUNDEFAZE.BO|AUNDE India Ltd |Industrial Goods|Textile Industrial
BALATECIN.BO|Bala Techno Industries Ltd |Industrial Goods|Textile Industrial
BANNARI.BO|Bannari Amman Spinning |Industrial Goods|Textile Industrial
BASML.NS|Bannari Amman Spinning |Industrial Goods|Textile Industrial
BANSWRAS.BO|Banswara Syntex Ltd |Industrial Goods|Textile Industrial
BANSWRAS.NS|Banswara Syntex Ltd |Industrial Goods|Textile Industrial
BHILSPIN.BO|Bhilwara Spinners Ltd |Industrial Goods|Textile Industrial
BTTL.BO|Bhilwara Technical |Industrial Goods|Textile Industrial
ZBINTXPP.BO|Binayak Tex Processors Ltd |Industrial Goods|Textile Industrial
BINNY.BO|Binny Ltd |Industrial Goods|Textile Industrial
BIOKA.AT|Biokarpet SA |Industrial Goods|Textile Industrial
BIRLACOT.BO|Birla Cotsyn (India) Ltd |Industrial Goods|Textile Industrial
BIRLACOT.NS|Birla Cotsyn (India) Ltd |Industrial Goods|Textile Industrial
BLUECHIPT.BO|Blue Chip Tex Industries Ltd |Industrial Goods|Textile Industrial
BOMBAYDY.BO|Bombay Dyeing |Industrial Goods|Textile Industrial
BOMDYEING.NS|Bombay Dyeing |Industrial Goods|Textile Industrial
BRFL.BO|Bombay Rayon Fashions Ltd |Industrial Goods|Textile Industrial
BRFL.NS|Bombay Rayon Fashions Ltd |Industrial Goods|Textile Industrial
BONINDL.BO|Bonanza Industries Ltd |Industrial Goods|Textile Industrial
BO.MI|Borgosesia |Industrial Goods|Textile Industrial
BOR.MI|Borgosesia |Industrial Goods|Textile Industrial
BSL.BO|BSL Ltd |Industrial Goods|Textile Industrial
BSL.NS|BSL Ltd |Industrial Goods|Textile Industrial
CLF.MI|Caleffi |Industrial Goods|Textile Industrial
CAV.NZ|Cavalier Corp Ltd |Industrial Goods|Textile Industrial
BAUH95.SA|Cedro Textil |Industrial Goods|Textile Industrial
BAZA95.SA|Cedro Textil |Industrial Goods|Textile Industrial
CENTENKA.BO|Century Enka Ltd |Industrial Goods|Textile Industrial
CENTENKA.NS|Century Enka Ltd |Industrial Goods|Textile Industrial
1468.TW|Chang Ho Fibre Corp |Industrial Goods|Textile Industrial
CRI.PA|Chargeurs SA |Industrial Goods|Textile Industrial
CHESLINTE.NS|Cheslind Textiles Ltd |Industrial Goods|Textile Industrial
CHESLITE.BO|Cheslind Textiles Ltd |Industrial Goods|Textile Industrial
CHEVIOT.BO|Cheviot Co Ltd |Industrial Goods|Textile Industrial
1449.TW|Chia Her Industrial Co Ltd |Industrial Goods|Textile Industrial
F6D.SI|China Fibretech Ltd |Industrial Goods|Textile Industrial
I4U.SI|China Gaoxian |Industrial Goods|Textile Industrial
C0Z.SI|China Hongcheng Holdings Ltd |Industrial Goods|Textile Industrial
J18.SI|China Jishan Holdings Ltd |Industrial Goods|Textile Industrial
911611.TW|China Taisan Technology |Industrial Goods|Textile Industrial
C84.DE|China Taisan Technology |Industrial Goods|Textile Industrial
F2X.SI|China Taisan Technology |Industrial Goods|Textile Industrial
CHITRTX.BO|Chitradurga Spintex Ltd |Industrial Goods|Textile Industrial
1439.TW|Chuwa Wool Industry |Industrial Goods|Textile Industrial
1463.TW|Chyang Sheng Dyeing |Industrial Goods|Textile Industrial
BAUH177.SA|CIA Tecidos Santanense |Industrial Goods|Textile Industrial
BAZA178.SA|CIA Tecidos Santanense |Industrial Goods|Textile Industrial
0707.HK|Co-Prosperity Holdings Ltd. |Industrial Goods|Textile Industrial
CGW.AX|Coats Group PLC |Industrial Goods|Textile Industrial
CWP.V|ComWest Enterprise Corp |Industrial Goods|Textile Industrial
2228.HK|Costin New Materials |Industrial Goods|Textile Industrial
BAZA172.SA|Coteminas |Industrial Goods|Textile Industrial
BAZA173.SA|Coteminas |Industrial Goods|Textile Industrial
CFI|Culp, Inc. |Industrial Goods|Textile Industrial
DAMOTH.BO|Damodar Industries Ltd |Industrial Goods|Textile Industrial
DCM.BO|DCM Ltd |Industrial Goods|Textile Industrial
DCM.NS|DCM Ltd |Industrial Goods|Textile Industrial
1464.TW|De Licacy Industrial Co Ltd |Industrial Goods|Textile Industrial
DEEPAKSP.BO|Deepak Spinners Ltd |Industrial Goods|Textile Industrial
DHANFAB.BO|Dhanlaxmi Fabrics Ltd |Industrial Goods|Textile Industrial
DIE.DE|Dierig Holding AG |Industrial Goods|Textile Industrial
DIGJAM.BO|Digjam Ltd |Industrial Goods|Textile Industrial
DIGJAM.NS|Digjam Ltd |Industrial Goods|Textile Industrial
BAUH195.SA|Dohler SA |Industrial Goods|Textile Industrial
BAUH196.SA|Dohler SA |Industrial Goods|Textile Industrial
DONEAR.BO|Donear Industries Ltd |Industrial Goods|Textile Industrial
DONEAR.NS|Donear Industries Ltd |Industrial Goods|Textile Industrial
EASTSILK.BO|Eastern Silk Industries Ltd |Industrial Goods|Textile Industrial
EASTSILK.NS|Eastern Silk Industries Ltd |Industrial Goods|Textile Industrial
0616.HK|Easyknit Enterprises Hold |Industrial Goods|Textile Industrial
1476.TW|Eclat Textile Co Ltd |Industrial Goods|Textile Industrial
BAZA210.SA|Empresa Nacional |Industrial Goods|Textile Industrial
ENTRINT.BO|Enterprise International Ltd |Industrial Goods|Textile Industrial
ESKAY.BO|Eskay Knit India Ltd |Industrial Goods|Textile Industrial
EUROTEXIN.NS|Eurotex Industries |Industrial Goods|Textile Industrial
EUROTXIN.BO|Eurotex Industries |Industrial Goods|Textile Industrial
1460.TW|Everest Texttile Co Ltd |Industrial Goods|Textile Industrial
EVERLON.BO|Everlon Synthetics Limited |Industrial Goods|Textile Industrial
1470.TW|Evertex Dyeing |Industrial Goods|Textile Industrial
FAIRDSY.BO|Fairdeal Filaments Ltd |Industrial Goods|Textile Industrial
1402.TW|Far Eastern New Century Corp |Industrial Goods|Textile Industrial
FETD.L|Far Eastern New Century Corp |Industrial Goods|Textile Industrial
FAZE3Q.BO|Faze Three Ltd |Industrial Goods|Textile Industrial
FIER.AT|Fieratex |Industrial Goods|Textile Industrial
FILATFASH.BO|Filatex Fashions Ltd |Industrial Goods|Textile Industrial
FILATEX.BO|Filatex India Ltd |Industrial Goods|Textile Industrial
FILATEX.NS|Filatex India Ltd |Industrial Goods|Textile Industrial
FIRSTWIN.BO|First Winner Industries Ltd |Industrial Goods|Textile Industrial
FIRSTWIN.NS|First Winner Industries Ltd |Industrial Goods|Textile Industrial
FLORATX.BO|Flora Textiles Ltd |Industrial Goods|Textile Industrial
B0I.SI|Foreland Fabrictech |Industrial Goods|Textile Industrial
1434.TW|Formosa Taffeta Co Ltd |Industrial Goods|Textile Industrial
FOV.DE|Fountain Set (Holdings) Ltd |Industrial Goods|Textile Industrial
0420.HK|Fountain Set holdings |Industrial Goods|Textile Industrial
3FU.DE|Fuxing China Group Ltd |Industrial Goods|Textile Industrial
DC9.SI|Fuxing China Group Ltd |Industrial Goods|Textile Industrial
GABR.CO|Gabriel Holding A/S |Industrial Goods|Textile Industrial
GAP.AX|Gale Pacific Ltd |Industrial Goods|Textile Industrial
GANGOTEXQ.BO|Gangotri Textiles Ltd |Industrial Goods|Textile Industrial
GANGOTRI.NS|Gangotri Textiles Ltd |Industrial Goods|Textile Industrial
GARDENSIL.NS|Garden Silk Mills Ltd |Industrial Goods|Textile Industrial
GARDENSILK.BO|Garden Silk Mills Ltd |Industrial Goods|Textile Industrial
GARNETINT.BO|Garnet International Ltd |Industrial Goods|Textile Industrial
GARWAMAR.BO|Garware Marine Industries Ltd |Industrial Goods|Textile Industrial
GARWSYN.BO|Garware Synthetics Ltd |Industrial Goods|Textile Industrial
GARWALLRO.NS|Garware Wall Ropes Ltd |Industrial Goods|Textile Industrial
GARWALLROP.BO|Garware Wall Ropes Ltd |Industrial Goods|Textile Industrial
GELWOOL.BO|Gee El Woollens Ltd |Industrial Goods|Textile Industrial
GEMSPIN.BO|Gem Spinners India Ltd |Industrial Goods|Textile Industrial
GILLANDER.BO|Gillanders Arbuthnot & |Industrial Goods|Textile Industrial
GILLANDER.NS|Gillanders Arbuthnot & |Industrial Goods|Textile Industrial
GINISILK.BO|Gini Silk Mills Ltd |Industrial Goods|Textile Industrial
GINNIF.BO|Ginni Filaments Ltd |Industrial Goods|Textile Industrial
GINNIFILA.NS|Ginni Filaments Ltd |Industrial Goods|Textile Industrial
GLOSTERJU.BO|Gloster Ltd |Industrial Goods|Textile Industrial
GOKAKTEX.BO|Gokak Textiles Ltd |Industrial Goods|Textile Industrial
GOLCA.BO|Golden Carpets Ltd |Industrial Goods|Textile Industrial
GRASIM.BO|Grasim Industries Ltd |Industrial Goods|Textile Industrial
GRASIM.NS|Grasim Industries Ltd |Industrial Goods|Textile Industrial
GRAVITY.BO|Gravity (India) Ltd |Industrial Goods|Textile Industrial
GSLNOVA.BO|GSL Nova Petrochemicals Ltd |Industrial Goods|Textile Industrial
GSLNOVA.NS|GSL Nova Petrochemicals Ltd |Industrial Goods|Textile Industrial
GTNIND.NS|GTN Industries Ltd |Industrial Goods|Textile Industrial
GTNINDS.BO|GTN Industries Ltd |Industrial Goods|Textile Industrial
GTNTEX.BO|GTN Textiles Ltd |Industrial Goods|Textile Industrial
GTNTEX.NS|GTN Textiles Ltd |Industrial Goods|Textile Industrial
GUJCOTEX.BO|Gujarat Cotex Ltd |Industrial Goods|Textile Industrial
GUJCRAFT.BO|Gujarat Craft Industries Ltd |Industrial Goods|Textile Industrial
GUPTSYN.BO|Gupta Synthetics Ltd |Industrial Goods|Textile Industrial
HPCOTTON.BO|H P Cotton Textile Mills Ltd |Industrial Goods|Textile Industrial
HANUNG.BO|Hanung Toys & Textiles Ltd |Industrial Goods|Textile Industrial
HANUNG.NS|Hanung Toys & Textiles Ltd |Industrial Goods|Textile Industrial
HIMFIBP.BO|Himachal Fibres Ltd |Industrial Goods|Textile Industrial
HIMATSEID.NS|Himatsingka Seide Ltd |Industrial Goods|Textile Industrial
HIMATSEIDE.BO|Himatsingka Seide Ltd |Industrial Goods|Textile Industrial
HINDSYNT.BO|Hind Syntex Ltd |Industrial Goods|Textile Industrial
HINDSYNTE.NS|Hind Syntex Ltd |Industrial Goods|Textile Industrial
SIRCG.BO|Hindoostan Mills Ltd |Industrial Goods|Textile Industrial
HISARSP.BO|Hisar Spinning Mills Ltd |Industrial Goods|Textile Industrial
1446.TW|Hong Ho Precision Textile |Industrial Goods|Textile Industrial
1452.TW|Hong Yi Fiber Industry Co Ltd |Industrial Goods|Textile Industrial
1474.TW|Honmyue Enterprise Co Ltd |Industrial Goods|Textile Industrial
0969.HK|Hua Lien International |Industrial Goods|Textile Industrial
0364.HK|Huafeng Group Holdings Ltd |Industrial Goods|Textile Industrial
1413.TW|Hung Chou Chemical Ind Co Ltd |Industrial Goods|Textile Industrial
1456.TW|I-Hwa Indusstrial Co Ltd |Industrial Goods|Textile Industrial
INDACRY.BO|Indian Acrylics Ltd |Industrial Goods|Textile Industrial
INDIANCA.BO|Indian Card Clothing Co Ltd |Industrial Goods|Textile Industrial
INDIANCAR.NS|Indian Card Clothing Co Ltd |Industrial Goods|Textile Industrial
ICIL.NS|Indo Count Industries Ltd |Industrial Goods|Textile Industrial
INDOCOUIN.BO|Indo Count Industries Ltd |Industrial Goods|Textile Industrial
INDORAMA.NS|Indo Rama Synthetics |Industrial Goods|Textile Industrial
INDORAMASYN.BO|Indo Rama Synthetics |Industrial Goods|Textile Industrial
INDUSFILA.BO|Indus Fila Ltd |Industrial Goods|Textile Industrial
INDUSFILA.NS|Indus Fila Ltd |Industrial Goods|Textile Industrial
IVDN|Innovative Designs Inc. |Industrial Goods|Textile Industrial
IF6A.DE|Interface Inc |Industrial Goods|Textile Industrial
TILE|Interface Inc. |Industrial Goods|Textile Industrial
TILE|Interface Inc. |Industrial Goods|Textile Industrial
0873.HK|International Taifeng |Industrial Goods|Textile Industrial
JJEXPO.BO|J J Exporters Limited |Industrial Goods|Textile Industrial
JAGJANANI.BO|Jagjanani Textiles Ltd |Industrial Goods|Textile Industrial
JAIHINDS.BO|Jaihind Synthetics Ltd |Industrial Goods|Textile Industrial
JAMSHRI.BO|Jamshri Ranjitsinghji |Industrial Goods|Textile Industrial
JAYTEX.BO|Jaybharat Textiles |Industrial Goods|Textile Industrial
JBFIND.BO|JBF Industries Ltd |Industrial Goods|Textile Industrial
JBFIND.NS|JBF Industries Ltd |Industrial Goods|Textile Industrial
JCTLTD.BO|JCT Ltd |Industrial Goods|Textile Industrial
JINDALCOT.BO|Jindal Cotex Ltd |Industrial Goods|Textile Industrial
JINDCOT.NS|Jindal Cotex Ltd |Industrial Goods|Textile Industrial
JINDWORL.BO|Jindal Worldwide Ltd |Industrial Goods|Textile Industrial
JINDWORLD.NS|Jindal Worldwide Ltd |Industrial Goods|Textile Industrial
JYOTIOVR.BO|Jyoti Overseas Ltd |Industrial Goods|Textile Industrial
KAKTEX.BO|Kakatiya Textiles Ltd |Industrial Goods|Textile Industrial
KALLAM.BO|Kallam Spinning Mills Ltd |Industrial Goods|Textile Industrial
2307.HK|Kam Hing International |Industrial Goods|Textile Industrial
SRFPOLY.BO|Kama Holdings Ltd |Industrial Goods|Textile Industrial
KANCOENT.BO|Kanco Enterprises Ltd |Industrial Goods|Textile Industrial
KANDAGIRI.NS|Kandagiri Spinning Mills Ltd |Industrial Goods|Textile Industrial
KANDAGSPQ.BO|Kandagiri Spinning Mills Ltd |Industrial Goods|Textile Industrial
KAPILCO.BO|Kapil Cotex Ltd |Industrial Goods|Textile Industrial
KARTZ.AT|Karatzis-Hellasnet SA |Industrial Goods|Textile Industrial
BAZA169.SA|Karsten SA |Industrial Goods|Textile Industrial
BAZA170.SA|Karsten SA |Industrial Goods|Textile Industrial
KATRSPG.BO|Katare Spinning Mills Ltd |Industrial Goods|Textile Industrial
KGPETRO.BO|KG Petrochem Ltd |Industrial Goods|Textile Industrial
KHTRFIB.BO|Khator Fibre & Fabrics Ltd |Industrial Goods|Textile Industrial
K7A.DE|Kingdom Holdings Ltd |Industrial Goods|Textile Industrial
0528.HK|Kingdom Holdings Ltd. |Industrial Goods|Textile Industrial
KONARKSY.BO|Konark Synthetics Ltd |Industrial Goods|Textile Industrial
KSLIND.BO|KSL and Industries Ltd |Industrial Goods|Textile Industrial
KUN1.DE|Kunert AG |Industrial Goods|Textile Industrial
1416.TW|Kwong Fong Industries Corp |Industrial Goods|Textile Industrial
LAHOTIOV.BO|Lahoti Overseas Ltd |Industrial Goods|Textile Industrial
LAKSHMILQ.BO|Lakshmi Mills Co Ltd |Industrial Goods|Textile Industrial
LAKSHMIMI.NS|Lakshmi Mills Co Ltd |Industrial Goods|Textile Industrial
LAMBODHARA.BO|Lambodhara Textiles Ltd |Industrial Goods|Textile Industrial
1459.TW|Lan FA Textile Co Ltd |Industrial Goods|Textile Industrial
LANAC.AT|Lanakam |Industrial Goods|Textile Industrial
1444.TW|Lealea Enterprise Co Ltd |Industrial Goods|Textile Industrial
LDSG.L|Leeds Group PLC |Industrial Goods|Textile Industrial
E9A.SI|Li Heng Chemical Fibre |Industrial Goods|Textile Industrial
1447.TW|Li Peng Enterprise Co Ltd |Industrial Goods|Textile Industrial
1469.TW|Lilontex Corp |Industrial Goods|Textile Industrial
1443.TW|Lily Textile Co Ltd |Industrial Goods|Textile Industrial
LNPOL.BO|LN Industries India Ltd |Industrial Goods|Textile Industrial
LOYALTEX.BO|Loyal Textile Mills Ltd |Industrial Goods|Textile Industrial
LUDLOWJUT.BO|Ludlow Jute & Specialities Ltd |Industrial Goods|Textile Industrial
MLLB.PA|Luigi Botto |Industrial Goods|Textile Industrial
MKEXIM.BO|M K Exim (India) Ltd |Industrial Goods|Textile Industrial
MAFATIND.BO|Mafatlal Industries Ltd |Industrial Goods|Textile Industrial
MHLXMIRU.BO|Mahalaxmi Rubtech Ltd |Industrial Goods|Textile Industrial
MAILI.BO|Maharashtra Corp Ltd |Industrial Goods|Textile Industrial
MALWA.BO|Malwa Cotton Spinning |Industrial Goods|Textile Industrial
MALWACOTT.NS|Malwa Cotton Spinning |Industrial Goods|Textile Industrial
MARAL.BO|Maral Overseas Ltd |Industrial Goods|Textile Industrial
MARALOVER.NS|Maral Overseas Ltd |Industrial Goods|Textile Industrial
MAXWEL.BO|Maxwell Industries Ltd |Industrial Goods|Textile Industrial
MAXWELL.NS|Maxwell Industries Ltd |Industrial Goods|Textile Industrial
MAYURUN.BO|Mayur Uniquoters Ltd |Industrial Goods|Textile Industrial
BIOGREEN.BO|Meuse Kara & Sungrace |Industrial Goods|Textile Industrial
MINAXI.BO|Minaxi Textiles Ltd |Industrial Goods|Textile Industrial
MIN.AT|Minerva Knitwear SA |Industrial Goods|Textile Industrial
MODWOOL.BO|Modella Woollens Ltd |Industrial Goods|Textile Industrial
MPVC|Modern PVC Inc. |Industrial Goods|Textile Industrial
MOHITIND.BO|Mohit Industries Ltd |Industrial Goods|Textile Industrial
MORARJETE.NS|Morarjee Textiles Ltd. |Industrial Goods|Textile Industrial
MORARJTEX.BO|Morarjee Textiles Ltd. |Industrial Goods|Textile Industrial
MUDRA.BO|Mudra Lifestyle Ltd |Industrial Goods|Textile Industrial
MUDRA.NS|Mudra Lifestyle Ltd |Industrial Goods|Textile Industrial
NAYP.AT|Nafpaktos Textile Ind G |Industrial Goods|Textile Industrial
NAGREEKA.BO|Nagreeka Exports Ltd |Industrial Goods|Textile Industrial
NAGREEKEX.NS|Nagreeka Exports Ltd |Industrial Goods|Textile Industrial
NAHARIND.BO|Nahar Industrial |Industrial Goods|Textile Industrial
NAHARINDU.NS|Nahar Industrial |Industrial Goods|Textile Industrial
NAHARSPG.BO|Nahar Spinning Mills Ltd |Industrial Goods|Textile Industrial
NAHARSPIN.NS|Nahar Spinning Mills Ltd |Industrial Goods|Textile Industrial
1410.TW|Nan Yang Dyeing |Industrial Goods|Textile Industrial
NANDAN.BO|Nandan Exim Ltd. |Industrial Goods|Textile Industrial
NANDAN.NS|Nandan Exim Ltd. |Industrial Goods|Textile Industrial
1451.TW|Nien Hsing Textile Co Ltd |Industrial Goods|Textile Industrial
NITINSPIN.BO|Nitin Spinners Ltd |Industrial Goods|Textile Industrial
NITINSPIN.NS|Nitin Spinners Ltd |Industrial Goods|Textile Industrial
NRC.BO|NRC Ltd |Industrial Goods|Textile Industrial
NUTECGLOB.BO|Nutech Global Ltd |Industrial Goods|Textile Industrial
OMKAR.BO|Omkar Overseas Ltd |Industrial Goods|Textile Industrial
OMNITEX.BO|Omnitex Industries (India) Ltd |Industrial Goods|Textile Industrial
ORBTEXP.BO|Orbit Exports Ltd |Industrial Goods|Textile Industrial
OSSWM.BO|Oswal Spinning & Weaving |Industrial Goods|Textile Industrial
OSWAYRN.BO|Oswal Yarns Ltd |Industrial Goods|Textile Industrial
OXFORDIN.BO|Oxford Industries Ltd |Industrial Goods|Textile Industrial
WHE.DE|Pacific Textiles Holdings Ltd |Industrial Goods|Textile Industrial
1382.HK|Pacific Textiles Holdings Ltd. |Industrial Goods|Textile Industrial
PADAMCO.BO|Padam Cotton Yarns Ltd |Industrial Goods|Textile Industrial
PARASPET.BO|Paras Petrofils Ltd |Industrial Goods|Textile Industrial
PASARI.BO|Pasari Spinning Mills Ltd |Industrial Goods|Textile Industrial
PASUPTAC.BO|Pasupati Acrylon Ltd |Industrial Goods|Textile Industrial
PATSPIN.BO|Patspin India Ltd |Industrial Goods|Textile Industrial
PATSPINLT.NS|Patspin India Ltd |Industrial Goods|Textile Industrial
PBMPOLY.BO|PBM Polytex Ltd |Industrial Goods|Textile Industrial
PEETISEC.BO|Peeti Securities Ltd |Industrial Goods|Textile Industrial
PD5.DE|Pegas Nonwoven |Industrial Goods|Textile Industrial
BAUH540.SA|Pettenati SA Industria Textil |Industrial Goods|Textile Industrial
BAZA539.SA|Pettenati SA Industria Textil |Industrial Goods|Textile Industrial
PIONEERE.BO|Pioneer Embroideries Ltd |Industrial Goods|Textile Industrial
P2I.DE|Polychem Indonesia Tbk |Industrial Goods|Textile Industrial
POLTC.BO|Polygenta Technologies Ltd |Industrial Goods|Textile Industrial
PRADIP.BO|Pradip Overseas Ltd |Industrial Goods|Textile Industrial
PRADIP.NS|Pradip Overseas Ltd |Industrial Goods|Textile Industrial
PRAGBOS.BO|Prag Bosimi Synthetics Ltd |Industrial Goods|Textile Industrial
PRWOLEN.BO|Prakash Woollen Mills Ltd |Industrial Goods|Textile Industrial
PRANAVSP.BO|Pranavaditya Spinning Mil |Industrial Goods|Textile Industrial
PRECOT.NS|Precot Meridian Ltd |Industrial Goods|Textile Industrial
PRIMTEX.BO|Prime Urban Development |Industrial Goods|Textile Industrial
PRIYADSP.BO|Priyadarsini Ltd |Industrial Goods|Textile Industrial
PUGE|Puget Technologies,Inc |Industrial Goods|Textile Industrial
PUGE|Puget Technologies,Inc |Industrial Goods|Textile Industrial
PUNWOOLC.BO|Punjab Woolcombers Ltd |Industrial Goods|Textile Industrial
RMMOHIT.BO|R M Mohite Industries Ltd |Industrial Goods|Textile Industrial
RAGHUSYN.BO|Raghuvir Synthetics Ltd |Industrial Goods|Textile Industrial
RAHME.BO|Rahul Merchandising Ltd |Industrial Goods|Textile Industrial
RAINBOWDQ.BO|Rainbow Denim Ltd |Industrial Goods|Textile Industrial
RAJRAYON.NS|Raj Rayon Ltd. |Industrial Goods|Textile Industrial
RAJRAYONQ.BO|Raj Rayon Ltd. |Industrial Goods|Textile Industrial
RAJAPAMIL.BO|Rajapalayam Mills Ltd |Industrial Goods|Textile Industrial
RAJPALAYA.NS|Rajapalayam Mills Ltd |Industrial Goods|Textile Industrial
RAJKSYN.BO|Rajkamal Synthetics Ltd |Industrial Goods|Textile Industrial
RAJVIR.BO|Rajvir Industries Ltd |Industrial Goods|Textile Industrial
RAJVIR.NS|Rajvir Industries Ltd |Industrial Goods|Textile Industrial
RAT.MI|Ratti |Industrial Goods|Textile Industrial
RAYMOND.BO|Raymond Ltd |Industrial Goods|Textile Industrial
RAYMOND.NS|Raymond Ltd |Industrial Goods|Textile Industrial
RELCHEMQ.BO|Reliance Chemotex |Industrial Goods|Textile Industrial
1423.TW|Reward Wool Industry Corp |Industrial Goods|Textile Industrial
RIBATEX.BO|Riba Textiles Ltd |Industrial Goods|Textile Industrial
RICHAIND.BO|Richa Industries Ltd |Industrial Goods|Textile Industrial
RLF.BO|RLF Ltd |Industrial Goods|Textile Industrial
KTG1.DE|Royal Ten Cate |Industrial Goods|Textile Industrial
RSWM.NS|RSWM Ltd |Industrial Goods|Textile Industrial
RSWMLTD.BO|RSWM Ltd |Industrial Goods|Textile Industrial
RUBY.BO|Ruby Mills Ltd. |Industrial Goods|Textile Industrial
RUBYMILLS.NS|Ruby Mills Ltd. |Industrial Goods|Textile Industrial
2915.TW|Ruentex Industries Ltd |Industrial Goods|Textile Industrial
SKUMARN.BO|S Kumars Nationwide Ltd |Industrial Goods|Textile Industrial
SKUMARSYN.NS|S Kumars Nationwide Ltd |Industrial Goods|Textile Industrial
STIIN.BO|S T I India Ltd |Industrial Goods|Textile Industrial
SALONA.BO|Salona Cotspin Ltd |Industrial Goods|Textile Industrial
SALONACOT.NS|Salona Cotspin Ltd |Industrial Goods|Textile Industrial
SAMBANDAM.NS|Sambandam Spinning Mills Ltd |Industrial Goods|Textile Industrial
SAMBNDSPQ.BO|Sambandam Spinning Mills Ltd |Industrial Goods|Textile Industrial
1307.TW|San Fang Chemical Industr |Industrial Goods|Textile Industrial
SANGAM.BO|Sangam (India) Ltd |Industrial Goods|Textile Industrial
SANGAMIND.NS|Sangam (India) Ltd |Industrial Goods|Textile Industrial
SANTASPN.BO|Santaram Spinners Ltd |Industrial Goods|Textile Industrial
SANTOSHF.BO|Santosh Fine Fab Ltd |Industrial Goods|Textile Industrial
SARLAPERF.BO|Sarla Performance Fibers Ltd |Industrial Goods|Textile Industrial
SARLAPOLY.NS|Sarla Performance Fibers Ltd |Industrial Goods|Textile Industrial
SCDU.PA|Schaeffer Dufour |Industrial Goods|Textile Industrial
SEASONST.BO|Seasons Textiles Ltd |Industrial Goods|Textile Industrial
EPIL.AT|Selected Textile |Industrial Goods|Textile Industrial
SHARDFI.BO|Sharad Fibres |Industrial Goods|Textile Industrial
SHU.AX|Shenhua International Ltd |Industrial Goods|Textile Industrial
2313.HK|Shenzhou International |Industrial Goods|Textile Industrial
9944.TW|Shinih Enterprise Co Ltd |Industrial Goods|Textile Industrial
1409.TW|Shinkong Synthetic Fiber Corp |Industrial Goods|Textile Industrial
SHIVATEX.BO|Shiva Texyarn Ltd |Industrial Goods|Textile Industrial
SHIVTEX.NS|Shiva Texyarn Ltd |Industrial Goods|Textile Industrial
SHRMFGC.BO|Shree Manufacturing Co Ltd |Industrial Goods|Textile Industrial
SHRAJSYNQ.BO|Shree Rajasthan Syntex Ltd |Industrial Goods|Textile Industrial
RANGE.BO|Shreeyash Industries Ltd |Industrial Goods|Textile Industrial
SHRIDINE.BO|Shri Dinesh Mills Ltd |Industrial Goods|Textile Industrial
SHLAKSHMI.BO|Shri Lakshmi Cotsyn Ltd |Industrial Goods|Textile Industrial
SHLAKSHMI.NS|Shri Lakshmi Cotsyn Ltd |Industrial Goods|Textile Industrial
PACIF.BO|Silverton Spinners Ltd |Industrial Goods|Textile Industrial
SIMPLXMIL.BO|Simplex Mills Co Ltd |Industrial Goods|Textile Industrial
SIOE.BR|Sioen Industries |Industrial Goods|Textile Industrial
SIYARAM.BO|Siyaram Silk Mills Ltd |Industrial Goods|Textile Industrial
SIYSIL.NS|Siyaram Silk Mills Ltd |Industrial Goods|Textile Industrial
SKYIND.BO|Sky Industries Ltd |Industrial Goods|Textile Industrial
SNSTEXTIL.BO|SNS Textiles Ltd |Industrial Goods|Textile Industrial
SOMATEX.BO|Soma Textiles & Industries Ltd |Industrial Goods|Textile Industrial
SOMATEX.NS|Soma Textiles & Industries Ltd |Industrial Goods|Textile Industrial
SOMANY.BO|Somany Ceramics Ltd |Industrial Goods|Textile Industrial
SPENTEX.BO|Spentex Industries Ltd |Industrial Goods|Textile Industrial
SPENTEX.NS|Spentex Industries Ltd |Industrial Goods|Textile Industrial
BAZA600.SA|Springs Global |Industrial Goods|Textile Industrial
SREEJAYA.BO|Sree Jayalakshmi Autospin Ltd |Industrial Goods|Textile Industrial
SRF.NS|SRF Ltd |Industrial Goods|Textile Industrial
SRFLTD.BO|SRF Ltd |Industrial Goods|Textile Industrial
SLSTLQ.BO|Sri Lakshmi Saraswathi |Industrial Goods|Textile Industrial
SRINACHA.BO|Sri Nachammai Cotton Mills Ltd |Industrial Goods|Textile Industrial
SRMCL.BO|Sri Ramakrishna Mills |Industrial Goods|Textile Industrial
SIL.NS|Standard Industries Ltd |Industrial Goods|Textile Industrial
STANDARDIN.BO|Standard Industries Ltd |Industrial Goods|Textile Industrial
SGL.NS|STL Global Ltd |Industrial Goods|Textile Industrial
STLGLOBAL.BO|STL Global Ltd |Industrial Goods|Textile Industrial
STR.DE|Stoehr & Co AG |Industrial Goods|Textile Industrial
SUBSM.BO|Subhash Silk Mills Ltd |Industrial Goods|Textile Industrial
SUDTIND-B.BO|Suditi Industries Ltd |Industrial Goods|Textile Industrial
1475.TW|Sumagh High Tech Corp |Industrial Goods|Textile Industrial
SUMEETIN.BO|Sumeet Industries Ltd |Industrial Goods|Textile Industrial
SUNCITYSY.BO|Suncity Synthetics Ltd |Industrial Goods|Textile Industrial
SUNDYEX.BO|Sunday Export Ltd |Industrial Goods|Textile Industrial
SUPER.NS|Super Sales India Ltd |Industrial Goods|Textile Industrial
SUPERSALE.BO|Super Sales India Ltd |Industrial Goods|Textile Industrial
SUPERSPG.BO|Super Spinning Mills Ltd |Industrial Goods|Textile Industrial
SUPERSPIN.NS|Super Spinning Mills Ltd |Industrial Goods|Textile Industrial
SUPERTEX.BO|Supertex Industries Ltd. |Industrial Goods|Textile Industrial
SUPREMETE.NS|Supreme Tex Mart Ltd |Industrial Goods|Textile Industrial
SUPREMTEX.BO|Supreme Tex Mart Ltd |Industrial Goods|Textile Industrial
SURATEX.BO|Surat Textile Mills Ltd |Industrial Goods|Textile Industrial
SURYAAMBA.BO|Suryaamba Spinning Mills Ltd |Industrial Goods|Textile Industrial
SURYAJOTS.BO|Suryajyoti Spinning Mills Ltd |Industrial Goods|Textile Industrial
SURYAJYOT.NS|Suryajyoti Spinning Mills Ltd |Industrial Goods|Textile Industrial
SURYALAXM.NS|Suryalakshmi Cotton Mills Ltd |Industrial Goods|Textile Industrial
SURYCOTM.BO|Suryalakshmi Cotton Mills Ltd |Industrial Goods|Textile Industrial
SURYALA.BO|Suryalata Spinning Mills Ltd |Industrial Goods|Textile Industrial
SURYVANSP.BO|Suryavanshi Spinning Mills Ltd |Industrial Goods|Textile Industrial
SUTLEJTEX.BO|Sutlej Textiles |Industrial Goods|Textile Industrial
SUTLEJTEX.NS|Sutlej Textiles |Industrial Goods|Textile Industrial
SWANMIL.BO|Swan Energy Ltd. |Industrial Goods|Textile Industrial
SWASTIVI.BO|Swasti Vinayaka Synthetics Ltd |Industrial Goods|Textile Industrial
SYBLY.BO|Sybly Industries Ltd. |Industrial Goods|Textile Industrial
TTL.BO|T T Ltd |Industrial Goods|Textile Industrial
TTL.NS|T T Ltd |Industrial Goods|Textile Industrial
1453.TW|Ta Jiang Development Corp |Industrial Goods|Textile Industrial
1441.TW|Tah Tong Textile Co Ltd |Industrial Goods|Textile Industrial
0146.HK|Tai Ping Carpets |Industrial Goods|Textile Industrial
1440.TW|Tainan Spinning Co Ltd |Industrial Goods|Textile Industrial
9938.TW|Taiwan Paiho Ltd |Industrial Goods|Textile Industrial
1454.TW|Taiwan Taffeta Fabric Co Ltd |Industrial Goods|Textile Industrial
TAMJAIM.BO|Tamilnadu Jai Bharath |Industrial Goods|Textile Industrial
1432.TW|Taroko Textile Corp |Industrial Goods|Textile Industrial
TATIAGLOB.BO|Tatia Global Vennture Ltd |Industrial Goods|Textile Industrial
TCIIND.BO|TCI Industries Ltd |Industrial Goods|Textile Industrial
BAUH716.SA|Tecblu TecelAGem Blumenau SA |Industrial Goods|Textile Industrial
BAZA717.SA|Tecblu TecelAGem Blumenau SA |Industrial Goods|Textile Industrial
BAUH710.SA|Teka-Tecelagem Kuehnrich SA |Industrial Goods|Textile Industrial
BAZA709.SA|Teka-Tecelagem Kuehnrich SA |Industrial Goods|Textile Industrial
2678.HK|Texhong Textile Group Ltd. |Industrial Goods|Textile Industrial
BAUH743.SA|Textil Renauxview SA |Industrial Goods|Textile Industrial
BAZA741.SA|Textil Renauxview SA |Industrial Goods|Textile Industrial
TXW.DE|Texwinca Holdings Ltd |Industrial Goods|Textile Industrial
0321.HK|Texwinca Holdings Ltd. |Industrial Goods|Textile Industrial
THAMBBI.BO|Thambbi Modern Spinning M |Industrial Goods|Textile Industrial
DXYN|The Dixie Group, Inc. |Industrial Goods|Textile Industrial
RAIREKMOH.NS|The Rai Saheb |Industrial Goods|Textile Industrial
RAISHRCK.BO|The Rai Saheb |Industrial Goods|Textile Industrial
TBR.DE|Tintbright AG |Industrial Goods|Textile Industrial
1418.TW|Tong-Hwa Synthetic Fiber |Industrial Goods|Textile Industrial
TOR1.DE|Toray Industries Inc |Industrial Goods|Textile Industrial
1472.TW|Tri Ocean Textile Co Ltd |Industrial Goods|Textile Industrial
ABHIIND.BO|Trident Ltd |Industrial Goods|Textile Industrial
ABSHEKIND.NS|Trident Ltd |Industrial Goods|Textile Industrial
1414.TW|Tung Ho Textile Co Ltd |Industrial Goods|Textile Industrial
TUNITEX.BO|Tuni Textile Mills Ltd |Industrial Goods|Textile Industrial
UFI|Unifi Inc. |Industrial Goods|Textile Industrial
UNIMININ.BO|Unimin India Ltd |Industrial Goods|Textile Industrial
UNIROYAL.BO|Uniroyal Industries Ltd |Industrial Goods|Textile Industrial
UNITEDTE.BO|United Textiles Ltd |Industrial Goods|Textile Industrial
UTN.DE|Unitika Ltd |Industrial Goods|Textile Industrial
1325.TW|Universal Incorporation |Industrial Goods|Textile Industrial
1445.TW|Universal Textile Co Ltd |Industrial Goods|Textile Industrial
UNIWORTH.BO|Uniworth Ltd |Industrial Goods|Textile Industrial
VALSONQ.BO|Valson Industries Ltd |Industrial Goods|Textile Industrial
VARDHACRL.NS|Vardhman Acrylics Ltd |Industrial Goods|Textile Industrial
VARDHMNPOLY.BO|Vardhman Polytex Ltd |Industrial Goods|Textile Industrial
VARDMNPOL.NS|Vardhman Polytex Ltd |Industrial Goods|Textile Industrial
VARDHTEXT.BO|Vardhman Textiles Ltd |Industrial Goods|Textile Industrial
VTL.NS|Vardhman Textiles Ltd |Industrial Goods|Textile Industrial
VARNH.AT|Varvaressos SA European |Industrial Goods|Textile Industrial
VERTEXSPG.BO|Vertex Spinning Ltd |Industrial Goods|Textile Industrial
0539.HK|Victory City Int'l |Industrial Goods|Textile Industrial
VI3.DE|Victory City Intl |Industrial Goods|Textile Industrial
VIJAYTX.BO|Vijay Textiles Limited |Industrial Goods|Textile Industrial
VIPPYSP.BO|Vippy Spinpro Ltd |Industrial Goods|Textile Industrial
VIVIDHA.BO|Visagar Polytex Ltd |Industrial Goods|Textile Industrial
VOLTM.BO|Volant Textile Mills Ltd |Industrial Goods|Textile Industrial
VTM.BO|VTM Limited |Industrial Goods|Textile Industrial
VIJAYTEX.NS|VTX Industries Ltd |Industrial Goods|Textile Industrial
VTX.BO|VTX Industries Ltd |Industrial Goods|Textile Industrial
VYAPAR.BO|Vyapar Industries Ltd |Industrial Goods|Textile Industrial
WEZ.DE|Weiqiao Textile Co Ltd |Industrial Goods|Textile Industrial
2698.HK|Weiqiao Textile Co., Ltd. |Industrial Goods|Textile Industrial
WEIZMAN.BO|Weizmann Ltd |Industrial Goods|Textile Industrial
WEIZMANIN.NS|Weizmann Ltd |Industrial Goods|Textile Industrial
WELSPUNIN.NS|Welspun India Ltd |Industrial Goods|Textile Industrial
WELSPUNIND.BO|Welspun India Ltd |Industrial Goods|Textile Industrial
WELSPSY.BO|Welspun Syntex Ltd |Industrial Goods|Textile Industrial
WINSOMTX.BO|Winsome Textile |Industrial Goods|Textile Industrial
WINSOMY.BO|Winsome Yarns Ltd |Industrial Goods|Textile Industrial
WINSOMYAR.NS|Winsome Yarns Ltd |Industrial Goods|Textile Industrial
WIREFABR.BO|Wires And Fabriks (SA) Ltd |Industrial Goods|Textile Industrial
1465.TW|Wisher Industrial Co Ltd |Industrial Goods|Textile Industrial
AAAK.AT|Wool Industry Tria Alfa SA |Industrial Goods|Textile Industrial
AAAP.AT|Wool Industry Tria Alfa SA |Industrial Goods|Textile Industrial
YARNSYN.BO|Yarn Syndicate Ltd |Industrial Goods|Textile Industrial
1457.TW|Yi Jinn Industrial Co Ltd |Industrial Goods|Textile Industrial
1438.TW|Yu Foong International Corp |Industrial Goods|Textile Industrial
ZENITHEX.BO|Zenith Exports Ltd |Industrial Goods|Textile Industrial
ZENITHEXP.NS|Zenith Exports Ltd |Industrial Goods|Textile Industrial
ZENIFIB.BO|Zenith Fibres Ltd |Industrial Goods|Textile Industrial
1455.TW|Zig Sheng Ind Co Ltd |Industrial Goods|Textile Industrial
I9T.SI|Ziwo Holdings Ltd. |Industrial Goods|Textile Industrial
ZUC.MI|Zucchi Spa |Industrial Goods|Textile Industrial
ZUCR.MI|Zucchi Spa |Industrial Goods|Textile Industrial
