More Info|Industry: Biotechnology |Healthcare|Biotechnology
AREYDRG.BO|Aarey Drugs |Healthcare|Biotechnology
ABC.L|Abcam PLC |Healthcare|Biotechnology
ABLBIO.BO|ABL Bio Technologies Ltd |Healthcare|Biotechnology
4AY.DE|Ablynx NV |Healthcare|Biotechnology
ABLX.BR|Ablynx NV |Healthcare|Biotechnology
4133.TW|Abnova (Taiwan) Corp |Healthcare|Biotechnology
ABZA.L|Abzena PLC |Healthcare|Biotechnology
DR6.DE|ACADIA Pharmaceuticals Inc |Healthcare|Biotechnology
ACAD|ACADIA Pharmaceuticals Inc. |Healthcare|Biotechnology
APO.V|Acasti Pharma Inc |Healthcare|Biotechnology
XLRN|Acceleron Pharma, Inc. |Healthcare|Biotechnology
AKAO|Achaogen, Inc. |Healthcare|Biotechnology
ADA.DE|Achillion Pharmaceuticals Inc |Healthcare|Biotechnology
ACHN|Achillion Pharmaceuticals, Inc |Healthcare|Biotechnology
CDG.DE|Acorda Therapeutics Inc |Healthcare|Biotechnology
ACOR|Acorda Therapeutics, Inc. |Healthcare|Biotechnology
ACR.AX|Acrux Ltd |Healthcare|Biotechnology
ACT.DE|Actelion Ltd |Healthcare|Biotechnology
ATNM|Actinium Pharmaceuticals, Inc. |Healthcare|Biotechnology
3AC.DE|Actinogen Ltd |Healthcare|Biotechnology
ACW.AX|Actinogen Ltd |Healthcare|Biotechnology
ACTI.ST|Active Biotech AB |Healthcare|Biotechnology
BTPC.DE|Active Biotech AB |Healthcare|Biotechnology
ACU.AX|Acuvax Ltd |Healthcare|Biotechnology
CBS.DE|Acuvax Ltd |Healthcare|Biotechnology
ADAP|Adaptimmune Therapeutics plc |Healthcare|Biotechnology
APE.DE|Addex Therapeutics Ltd |Healthcare|Biotechnology
AHX.TO|Adherex Technologies, Inc. |Healthcare|Biotechnology
ADINATHBI.BO|Adinath Bio-Labs Ltd |Healthcare|Biotechnology
ADMA|ADMA Biologics, Inc. |Healthcare|Biotechnology
AHZ.AX|Admedus Ltd |Healthcare|Biotechnology
BOD.AX|Admedus Ltd |Healthcare|Biotechnology
ADOC.PA|Adocia |Healthcare|Biotechnology
ADRO|Aduro BioTech, Inc. |Healthcare|Biotechnology
ADLS|Advanced Life Sciences Holding |Healthcare|Biotechnology
APC.V|Advanced Proteome Therpt |Healthcare|Biotechnology
ADXS|Advaxis, Inc. |Healthcare|Biotechnology
ADXS|Advaxis, Inc. |Healthcare|Biotechnology
AEGR|Aegerion Pharmaceuticals, Inc. |Healthcare|Biotechnology
ACST|Aerocast Inc. |Healthcare|Biotechnology
ACST|Aerocast Inc. |Healthcare|Biotechnology
ET8.DE|AEterna Zentaris Inc |Healthcare|Biotechnology
AEZ.TO|AEterna Zentaris, Inc. |Healthcare|Biotechnology
AFMD|Affimed N.V. |Healthcare|Biotechnology
AFFY|Affymax, Inc. |Healthcare|Biotechnology
AGX.AX|Agenix Ltd |Healthcare|Biotechnology
AGX.DE|Agennix AG |Healthcare|Biotechnology
AGEN|Agenus Inc. |Healthcare|Biotechnology
AGEN|Agenus Inc. |Healthcare|Biotechnology
AGIO|Agios Pharmaceuticals, Inc. |Healthcare|Biotechnology
AJAC|Aja Cannafacturing, Inc. |Healthcare|Biotechnology
AKBA|Akebia Therapeutics, Inc. |Healthcare|Biotechnology
AYM.DE|Albany Molecular Research Inc |Healthcare|Biotechnology
AMRI|Albany Molecular Research Inc. |Healthcare|Biotechnology
ACL.AX|Alchemia Ltd |Healthcare|Biotechnology
QA9.DE|Alchemia Ltd |Healthcare|Biotechnology
ADHD|Alcobra Ltd. |Healthcare|Biotechnology
ALDR|Alder Biopharmaceuticals Inc. |Healthcare|Biotechnology
ALDX|Aldeyra Therapeutics, Inc. |Healthcare|Biotechnology
AXP.DE|Alexion Pharmaceuticals Inc |Healthcare|Biotechnology
ALXN|Alexion Pharmaceuticals, Inc. |Healthcare|Biotechnology
4AJ.DE|Alk-Abello A/S |Healthcare|Biotechnology
LMED.ST|Allenex AB |Healthcare|Biotechnology
NPC.TO|Allon Therapeutics Inc |Healthcare|Biotechnology
DUL.DE|Alnylam Pharmaceuticals Inc |Healthcare|Biotechnology
ALNY|Alnylam Pharmaceuticals, Inc. |Healthcare|Biotechnology
ALSE|Alseres Pharmaceuticals, Inc. |Healthcare|Biotechnology
ALSE|Alseres Pharmaceuticals, Inc. |Healthcare|Biotechnology
AMU.DE|AMAG Pharmaceuticals Inc |Healthcare|Biotechnology
AMBS|Amarantus Bioscience Holdings, |Healthcare|Biotechnology
AMAR|Amarillo Biosciences Inc. |Healthcare|Biotechnology
CRYO|American Cryostem Corporation |Healthcare|Biotechnology
4332.HK|Amgen Inc |Healthcare|Biotechnology
AMG.DE|Amgen Inc |Healthcare|Biotechnology
AMGN.BA|Amgen Inc |Healthcare|Biotechnology
AMGN.MX|Amgen Inc |Healthcare|Biotechnology
AMGN34.SA|Amgen Inc |Healthcare|Biotechnology
AMGN|Amgen Inc. |Healthcare|Biotechnology
AM6.DE|Amicus Therapeutics Inc |Healthcare|Biotechnology
FOLD|Amicus Therapeutics, Inc. |Healthcare|Biotechnology
AMPE|Ampio Pharmaceuticals, Inc. |Healthcare|Biotechnology
ANAC|Anacor Pharmaceuticals, Inc. |Healthcare|Biotechnology
ANR.AX|Anatara Lifesciences Ltd |Healthcare|Biotechnology
AVXL|Anavex Life Sciences Corp. |Healthcare|Biotechnology
ANDN|Andain, Inc. |Healthcare|Biotechnology
ANDN|Andain, Inc. |Healthcare|Biotechnology
AJW.DE|AnGes MG Inc |Healthcare|Biotechnology
ANIP|ANI Pharmaceuticals, Inc. |Healthcare|Biotechnology
AKP.DE|Anika Therapeutics Inc |Healthcare|Biotechnology
ANIK|Anika Therapeutics Inc. |Healthcare|Biotechnology
ANTH|Anthera Pharmaceuticals, Inc. |Healthcare|Biotechnology
ATE.V|Antibe Therapeutics Inc |Healthcare|Biotechnology
ANTB|AntriaBio, Inc. |Healthcare|Biotechnology
AOHA.DE|AorTech International PLC |Healthcare|Biotechnology
AOR.L|AorTech International PLC |Healthcare|Biotechnology
1733.TW|Apex Biotechnology Corp |Healthcare|Biotechnology
APH.V|Aphria Inc |Healthcare|Biotechnology
AGTC|Applied Genetic Technologies C |Healthcare|Biotechnology
ABTU.L|Aqua Bounty Technologies Inc |Healthcare|Biotechnology
ABTX.L|Aqua Bounty Technologies Inc |Healthcare|Biotechnology
PETX|Aratana Therapeutics, Inc. |Healthcare|Biotechnology
HQ12.DE|ARCA biopharma Inc |Healthcare|Biotechnology
ABIO|ARCA biopharma, Inc. |Healthcare|Biotechnology
ARDX|Ardelyx, Inc. |Healthcare|Biotechnology
RN3.DE|Arena Pharmaceuticals Inc |Healthcare|Biotechnology
ARNA|Arena Pharmaceuticals, Inc. |Healthcare|Biotechnology
ARGX.BR|arGEN-X NV |Healthcare|Biotechnology
APS.DE|ARIAD Pharmaceuticals Inc |Healthcare|Biotechnology
ARIA|Ariad Pharmaceuticals Inc. |Healthcare|Biotechnology
ARNI|Arno Therapeutics, Inc. |Healthcare|Biotechnology
AQL.DE|Arqule Inc |Healthcare|Biotechnology
ARQL|ArQule Inc. |Healthcare|Biotechnology
AR2.DE|Array BioPharma Inc |Healthcare|Biotechnology
ARRY|Array BioPharma, Inc. |Healthcare|Biotechnology
ARWR|Arrowhead Research Corp. |Healthcare|Biotechnology
ARWR|Arrowhead Research Corp. |Healthcare|Biotechnology
ASND|Ascendis Pharma A/S |Healthcare|Biotechnology
AST|Asterias Biotherapeutics, Inc. |Healthcare|Biotechnology
4LS.DE|Athersys Inc |Healthcare|Biotechnology
ATHX|Athersys, Inc. |Healthcare|Biotechnology
IKAN.DE|Aurinia Pharmaceuticals Inc |Healthcare|Biotechnology
AAVL|Avalanche Biotechnologies, Inc |Healthcare|Biotechnology
VPA.DE|AVEO Pharmaceuticals Inc |Healthcare|Biotechnology
AVEO|AVEO Pharmaceuticals, Inc. |Healthcare|Biotechnology
AVX.AX|Avexa Ltd |Healthcare|Biotechnology
UV7.DE|Avexa Ltd |Healthcare|Biotechnology
AB3.DE|AVI BioPharma, Inc. |Healthcare|Biotechnology
PK5.DE|Basilea Pharmaceutica AG |Healthcare|Biotechnology
BAVA.CO|Bavarian Nordic AS |Healthcare|Biotechnology
BV3.DE|Bavarian Nordic AS |Healthcare|Biotechnology
BB.MI|BB Biotech AG |Healthcare|Biotechnology
BBZA.DE|BB Biotech AG |Healthcare|Biotechnology
BED.V|Bedrocan Cannabis Corp |Healthcare|Biotechnology
BLPH|Bellerophon Therapeutics LLC |Healthcare|Biotechnology
BLCM|Bellicum Pharmaceuticals, Inc. |Healthcare|Biotechnology
BLU.TO|BELLUS Health, Inc. |Healthcare|Biotechnology
NEI.DE|BELLUS Health, Inc. |Healthcare|Biotechnology
BIBCL.BO|Bharat Immunologies |Healthcare|Biotechnology
BIND|BIND Therapeutics, Inc. |Healthcare|Biotechnology
ORPN|Bio Blast Pharma Ltd. |Healthcare|Biotechnology
BMSN|Bio-Matrix Scientific Group, I |Healthcare|Biotechnology
TE1.DE|Bio-Techne Corp |Healthcare|Biotechnology
TECH|Bio-Techne Corp. |Healthcare|Biotechnology
BTI.V|biOasis Technologies Inc |Healthcare|Biotechnology
BIOCON.BO|Biocon Ltd |Healthcare|Biotechnology
BIOCON.NS|Biocon Ltd |Healthcare|Biotechnology
BO1.DE|Biocryst Pharmaceuticals Inc |Healthcare|Biotechnology
BCRX|BioCryst Pharmaceuticals, Inc. |Healthcare|Biotechnology
BDQ.DE|Biodel, Inc. |Healthcare|Biotechnology
BD5.DE|BioDelivery Sciences |Healthcare|Biotechnology
BDSI|BioDelivery Sciences Internati |Healthcare|Biotechnology
B8F.DE|Biofrontera AG |Healthcare|Biotechnology
B8F.L|Biofrontera AG |Healthcare|Biotechnology
IDP.DE|Biogen Idec Inc |Healthcare|Biotechnology
BIIB|Biogen Inc. |Healthcare|Biotechnology
BHRT|Bioheart, Inc. |Healthcare|Biotechnology
BINV.ST|BioInvent International AB |Healthcare|Biotechnology
BIX.DE|BioInvent International AB |Healthcare|Biotechnology
BM8.DE|Biomarin Pharmaceutical Inc |Healthcare|Biotechnology
BMRN|BioMarin Pharmaceutical Inc. |Healthcare|Biotechnology
BNC.TO|Bioniche Life Sciences Inc |Healthcare|Biotechnology
B1N.DE|Bionomics Ltd |Healthcare|Biotechnology
BNO.AX|Bionomics Ltd |Healthcare|Biotechnology
BIONOR.OL|Bionor Pharma ASA |Healthcare|Biotechnology
NU5.DE|Bionor Pharma ASA |Healthcare|Biotechnology
BNVIQ|Bionovo, Inc. |Healthcare|Biotechnology
BPMX|BioPharmX Corporation |Healthcare|Biotechnology
BIOPOR.CO|Bioporto A/S |Healthcare|Biotechnology
BPO.AX|BioProspect Ltd |Healthcare|Biotechnology
8247.HK|Biosino Bio-Tech. & Scien |Healthcare|Biotechnology
BSTC|BioSpecifics Technologies Corp |Healthcare|Biotechnology
BOTA|Biota Pharmaceuticals, Inc. |Healthcare|Biotechnology
B4V.DE|Biotec Pharmacon ASA |Healthcare|Biotechnology
BIOTEC.OL|Biotec Pharmacon ASA |Healthcare|Biotechnology
BTC.AX|BioTech Capital Ltd |Healthcare|Biotechnology
BIO.DE|Biotest AG |Healthcare|Biotechnology
BIO3.DE|Biotest AG |Healthcare|Biotechnology
BT3.DE|BioTime Inc |Healthcare|Biotechnology
BTX|BioTime, Inc. |Healthcare|Biotechnology
BIT.AX|Biotron Ltd |Healthcare|Biotechnology
BXN.AX|Bioxyne Ltd |Healthcare|Biotechnology
BLT.NZ|BLIS Technologies Ltd |Healthcare|Biotechnology
BLUE|bluebird bio, Inc. |Healthcare|Biotechnology
BPMC|Blueprint Medicines Corporatio |Healthcare|Biotechnology
BNE.AX|Bone Medical Ltd |Healthcare|Biotechnology
BTHE|Boston Therapeutics, Inc. |Healthcare|Biotechnology
BPH.AX|BPH Energy Ltd |Healthcare|Biotechnology
BCLI|Brainstorm Cell Therapeutics I |Healthcare|Biotechnology
BCLI|Brainstorm Cell Therapeutics I |Healthcare|Biotechnology
BCT.V|BriaCell Therapeutics Inc |Healthcare|Biotechnology
BGC.L|BTG PLC |Healthcare|Biotechnology
BNE.DE|Burcon NutraScience Corp |Healthcare|Biotechnology
BU.TO|Burcon NutraScience Corp |Healthcare|Biotechnology
C4XD.L|C4X Discovery Holdings PLC |Healthcare|Biotechnology
KDUS|Cadus Corp. |Healthcare|Biotechnology
CALA|Calithera Biosciences, Inc. |Healthcare|Biotechnology
CYX.V|Calyx Bio-Ventures Inc |Healthcare|Biotechnology
CZD.AX|Calzada Ltd |Healthcare|Biotechnology
XBX.DE|Cambrex Corp |Healthcare|Biotechnology
CBM|Cambrex Corporation. |Healthcare|Biotechnology
CANF|Can-Fite BioPharma Ltd. |Healthcare|Biotechnology
CCAN|Canadian Cannabis Corp. |Healthcare|Biotechnology
CAPR|Capricor Therapeutics, Inc. |Healthcare|Biotechnology
CAPS|Capstone Therapeutics Corp. |Healthcare|Biotechnology
CARA|Cara Therapeutics Inc. |Healthcare|Biotechnology
CDXI|Cardax, Inc. |Healthcare|Biotechnology
CARD.BR|Cardio3 Biosciences SA |Healthcare|Biotechnology
CKO.DE|Cardiome Pharma Corp |Healthcare|Biotechnology
COM.TO|Cardiome Pharma Corporation |Healthcare|Biotechnology
CRXM|Cardium Therapeutics Inc. |Healthcare|Biotechnology
ENMN.DE|CASI Pharmaceuticals Inc |Healthcare|Biotechnology
CASI|CASI Pharmaceuticals, Inc. |Healthcare|Biotechnology
CZO.V|Ceapro Inc |Healthcare|Biotechnology
LSR.DE|CEL-SCI Corp |Healthcare|Biotechnology
CVM|CEL-SCI Corporation |Healthcare|Biotechnology
CELESTIAL.BO|Celestial Biolabs Ltd |Healthcare|Biotechnology
CELESTIAL.NS|Celestial Biolabs Ltd |Healthcare|Biotechnology
CG3.DE|Celgene Corp |Healthcare|Biotechnology
CELG|Celgene Corporation |Healthcare|Biotechnology
CLCS|Cell Source, Inc. |Healthcare|Biotechnology
CTIC.MI|Cell Therapeutics, Inc. |Healthcare|Biotechnology
CTIC|Cell Therapeutics, Inc. |Healthcare|Biotechnology
CLDN|Celladon Corporation |Healthcare|Biotechnology
CTIX|Cellceutix Corporation |Healthcare|Biotechnology
CCYG|Cellcyte Genetics Corporation |Healthcare|Biotechnology
TCE1.DE|Celldex Therapeutics Inc |Healthcare|Biotechnology
CLDX|Celldex Therapeutics, Inc. |Healthcare|Biotechnology
CLRB|Cellectar Biosciences, Inc. |Healthcare|Biotechnology
ALCLS.PA|Cellectis SA |Healthcare|Biotechnology
ZVA.DE|Cellectis SA |Healthcare|Biotechnology
CDY.AX|Cellmid Ltd |Healthcare|Biotechnology
ICEL|Cellular Dynamics Internationa |Healthcare|Biotechnology
CLSN|Celsion Corp. |Healthcare|Biotechnology
CLTX|Celsus Therapeutics Plc |Healthcare|Biotechnology
CEMP|Cempra, Inc. |Healthcare|Biotechnology
CBBT|Cerebain Biotech Corp. |Healthcare|Biotechnology
CERU|Cerulean Pharma Inc. |Healthcare|Biotechnology
CU2.DE|Cerus Corp |Healthcare|Biotechnology
CERS|Cerus Corporation |Healthcare|Biotechnology
CSBR|Champions Oncology, Inc. |Healthcare|Biotechnology
CCXI|ChemoCentryx, Inc. |Healthcare|Biotechnology
CMRX|Chimerix, Inc. |Healthcare|Biotechnology
8158.HK|China Bio-Med |Healthcare|Biotechnology
CBPO|China Biologic Products, Inc. |Healthcare|Biotechnology
1701.TW|China Chemical |Healthcare|Biotechnology
0673.HK|China HealthCare Holdings Ltd. |Healthcare|Biotechnology
CTEC.ST|ChronTech Pharma AB |Healthcare|Biotechnology
CDTX|Cidara Therapeutics, Inc. |Healthcare|Biotechnology
CIR.L|Circassia Pharmaceuticals PLC |Healthcare|Biotechnology
0775.HK|CK Life Sciences |Healthcare|Biotechnology
LSI.DE|CK Life Sciences |Healthcare|Biotechnology
CBLI|Cleveland BioLabs, Inc. |Healthcare|Biotechnology
CUV.AX|Clinuvel Pharmaceuticals Ltd |Healthcare|Biotechnology
UR9.DE|Clinuvel Pharmaceuticals Ltd |Healthcare|Biotechnology
CLVS|Clovis Oncology, Inc. |Healthcare|Biotechnology
CNWK.DE|co don AG |Healthcare|Biotechnology
CNW.DE|co.don AG |Healthcare|Biotechnology
4QK.DE|Codexis Inc |Healthcare|Biotechnology
CDXS|Codexis, Inc. |Healthcare|Biotechnology
CHRS|Coherus Biosciences, Inc. |Healthcare|Biotechnology
COS.L|Collagen Solutions PLC |Healthcare|Biotechnology
CLCD|CoLucid Pharmaceuticals, Inc. |Healthcare|Biotechnology
CW9.DE|Compugen Ltd |Healthcare|Biotechnology
CGEN|Compugen Ltd. |Healthcare|Biotechnology
CNAT|Conatus Pharmaceuticals Inc. |Healthcare|Biotechnology
CNAT|Conatus Pharmaceuticals Inc. |Healthcare|Biotechnology
CNCE|Concert Pharmaceuticals, Inc. |Healthcare|Biotechnology
CXR.TO|Concordia Healthcare Corp |Healthcare|Biotechnology
CFRX|ContraFect Corporation |Healthcare|Biotechnology
CTRV|ContraVir Pharmaceuticals, Inc |Healthcare|Biotechnology
CRBP|Corbus Pharmaceuticals Holding |Healthcare|Biotechnology
HTD.DE|Corcept Therapeutics Inc |Healthcare|Biotechnology
CORT|Corcept Therapeutics Incorpora |Healthcare|Biotechnology
CORI|Corium International, Inc. |Healthcare|Biotechnology
CRMD|CorMedix, Inc. |Healthcare|Biotechnology
CNDO|Coronado Biosciences, Inc. |Healthcare|Biotechnology
COV.V|Covalon Technologies Ltd. |Healthcare|Biotechnology
COT.V|Critical Outcome |Healthcare|Biotechnology
CSJ.DE|CSL Ltd |Healthcare|Biotechnology
CSL.AX|CSL Ltd |Healthcare|Biotechnology
CTIC|CTI BioPharma Corp. |Healthcare|Biotechnology
CUR.DE|curasan AG |Healthcare|Biotechnology
CUS.DE|Curis Inc |Healthcare|Biotechnology
CRIS|Curis, Inc. |Healthcare|Biotechnology
CYAN|Cyanotech Corp. |Healthcare|Biotechnology
CYCC|Cyclacel Pharmaceuticals, Inc. |Healthcare|Biotechnology
UXI1.DE|Cyclacel Pharmaceuticals, Inc. |Healthcare|Biotechnology
CRX.L|Cyprotex PLC |Healthcare|Biotechnology
KK3.DE|Cytokinetics Inc |Healthcare|Biotechnology
CYTK|Cytokinetics, Incorporated |Healthcare|Biotechnology
XMPA.DE|Cytori Therapeutics Inc |Healthcare|Biotechnology
CYTX|Cytori Therapeutics, Inc. |Healthcare|Biotechnology
YTS.DE|Cytos Biotechnology AG |Healthcare|Biotechnology
CX5.DE|CytRx Corporation |Healthcare|Biotechnology
CYTR|CytRx Corporation |Healthcare|Biotechnology
DDRT|DanDrit Biotech USA, Inc. |Healthcare|Biotechnology
PJUE.DE|DARA Biosciences Inc |Healthcare|Biotechnology
DARA|DARA BioSciences, Inc |Healthcare|Biotechnology
DBV.PA|DBV Technologies SA |Healthcare|Biotechnology
DMPI|Del Mar Pharmaceuticals Inc. |Healthcare|Biotechnology
DNR.DE|Dendreon Corp |Healthcare|Biotechnology
DNDNQ|Dendreon Corp. |Healthcare|Biotechnology
DERM|Dermira, Inc. |Healthcare|Biotechnology
CUR.TO|Diagnocure Inc |Healthcare|Biotechnology
DMA.V|Diamedica Inc |Healthcare|Biotechnology
ALEHT.PA|Diaxonhit |Healthcare|Biotechnology
DRNA|Dicerna Pharmaceuticals, Inc. |Healthcare|Biotechnology
DPRX|Dipexium Pharmaceuticals, Inc. |Healthcare|Biotechnology
DSCO|Discovery Laboratories Inc. |Healthcare|Biotechnology
DSCO|Discovery Laboratories Inc. |Healthcare|Biotechnology
DISHMAN.BO|Dishman Pharmaceuticals |Healthcare|Biotechnology
DISHMAN.NS|Dishman Pharmaceuticals |Healthcare|Biotechnology
DVL.AX|DorsaVi Ltd |Healthcare|Biotechnology
DGJI|Dragon Jade International Ltd. |Healthcare|Biotechnology
DY8.DE|Dyax Corp |Healthcare|Biotechnology
DYAX|Dyax Corp. |Healthcare|Biotechnology
DYF.DE|Dynavax Technologies Corp |Healthcare|Biotechnology
DVAX|Dynavax Technologies Corporati |Healthcare|Biotechnology
ETX.L|e-Therapeutics PLC |Healthcare|Biotechnology
EGLT|Egalet Corporation |Healthcare|Biotechnology
EBIO|Eleven Biotherapeutics, Inc. |Healthcare|Biotechnology
ER4.DE|Emergent BioSolutions Inc |Healthcare|Biotechnology
EBS|Emergent BioSolutions, Inc. |Healthcare|Biotechnology
EMIS|Emisphere Technologies, Inc. |Healthcare|Biotechnology
ENTA|Enanta Pharmaceuticals, Inc. |Healthcare|Biotechnology
ECYT|Endocyte, Inc. |Healthcare|Biotechnology
ERGO|Entia Biosciences, Inc |Healthcare|Biotechnology
ENUM|Enumeral Biomedical Holdings, |Healthcare|Biotechnology
EZ1.DE|Enzon Pharmaceuticals Inc |Healthcare|Biotechnology
ENZN|Enzon Pharmaceuticals Inc. |Healthcare|Biotechnology
ENZY|Enzymotec Ltd. |Healthcare|Biotechnology
EPA.AX|Ephraim Resources Ltd |Healthcare|Biotechnology
EPRS|EPIRUS Biopharmaceuticals, Inc |Healthcare|Biotechnology
EHP.L|Epistem Holdings PLC |Healthcare|Biotechnology
EPZM|Epizyme, Inc. |Healthcare|Biotechnology
EPZM|Epizyme, Inc. |Healthcare|Biotechnology
ERGO.L|Ergomed PLC |Healthcare|Biotechnology
ERYP.PA|Erytech Pharma |Healthcare|Biotechnology
ESPR|Esperion Therapeutics, Inc. |Healthcare|Biotechnology
EB5.DE|Essex Bio-Technology Ltd |Healthcare|Biotechnology
8151.HK|Essex Bio-Technology Ltd. |Healthcare|Biotechnology
EUCI.ST|Eurocine Vaccines AB |Healthcare|Biotechnology
EURI-B.ST|European Institute |Healthcare|Biotechnology
EVGN|Evogene Ltd. |Healthcare|Biotechnology
ADF.DE|Evolva Holding SA |Healthcare|Biotechnology
EX9.DE|Exelixis Inc |Healthcare|Biotechnology
EXEL|Exelixis, Inc. |Healthcare|Biotechnology
EXQ.CO|Exiqon A/S |Healthcare|Biotechnology
EYEG|Eyegate Pharmaceuticals, Inc. |Healthcare|Biotechnology
FATE|Fate Therapeutics, Inc. |Healthcare|Biotechnology
FALG.PA|Fermentalg SA |Healthcare|Biotechnology
FCSC|Fibrocell Science, Inc. |Healthcare|Biotechnology
FGEN|FibroGen, Inc. |Healthcare|Biotechnology
TUB.BR|Financière de Tubize |Healthcare|Biotechnology
FPRX|Five Prime Therapeutics, Inc. |Healthcare|Biotechnology
FL3.DE|Flamel Technologies |Healthcare|Biotechnology
FLKS|Flex Pharma, Inc. |Healthcare|Biotechnology
FPMI|FluoroPharma Medical, Inc. |Healthcare|Biotechnology
FOMX|Foamix Pharmaceuticals Ltd. |Healthcare|Biotechnology
FYB.DE|Formycon AG |Healthcare|Biotechnology
FBIO|Fortress Biotech, Inc. |Healthcare|Biotechnology
FWP|Forward Pharma A/S |Healthcare|Biotechnology
GLPG.BR|Galapagos NV |Healthcare|Biotechnology
GXE.DE|Galapagos NV |Healthcare|Biotechnology
GALE|Galena Biopharma, Inc. |Healthcare|Biotechnology
GLMD|Galmed Pharmaceuticals Ltd. |Healthcare|Biotechnology
GBI.AX|Genera Biosystems Ltd |Healthcare|Biotechnology
GTHR|GeneThera Inc. |Healthcare|Biotechnology
GTHR|GeneThera Inc. |Healthcare|Biotechnology
ALGFT.PA|Genfit SA |Healthcare|Biotechnology
GE9.DE|Genmab A/S |Healthcare|Biotechnology
GEN.CO|Genmab A/S |Healthcare|Biotechnology
3164.TW|GenMont Biotech Inc |Healthcare|Biotechnology
GNCA|Genocea Biosciences, Inc. |Healthcare|Biotechnology
GENO.ST|Genovis AB |Healthcare|Biotechnology
ALGEN.PA|Genoway SA |Healthcare|Biotechnology
JEH.DE|Genoway SA |Healthcare|Biotechnology
GTCL.PA|Genticel SA |Healthcare|Biotechnology
GFOO|Genufood Energy Enzymes Corpor |Healthcare|Biotechnology
GFOO|Genufood Energy Enzymes Corpor |Healthcare|Biotechnology
GNS.L|Genus PLC |Healthcare|Biotechnology
GNVC|GenVec, Inc. |Healthcare|Biotechnology
GNVC|GenVec, Inc. |Healthcare|Biotechnology
GOVX|GeoVax Labs, Inc. |Healthcare|Biotechnology
GON.DE|Geron Corp |Healthcare|Biotechnology
GERN|Geron Corporation |Healthcare|Biotechnology
GILD.MX|Gilead Sciences Inc |Healthcare|Biotechnology
GIS.DE|Gilead Sciences Inc |Healthcare|Biotechnology
GILD|Gilead Sciences Inc. |Healthcare|Biotechnology
GIR.DE|Girindus AG iL |Healthcare|Biotechnology
GBIM|GlobeImmune Inc. |Healthcare|Biotechnology
GTU.DE|GTx Inc |Healthcare|Biotechnology
GTXI|GTX Inc. |Healthcare|Biotechnology
RV7.DE|Halozyme Therapeutics Inc |Healthcare|Biotechnology
HALO|Halozyme Therapeutics, Inc. |Healthcare|Biotechnology
HMED.ST|Hansa Medical AB |Healthcare|Biotechnology
HDVY|Health Discovery Corporation |Healthcare|Biotechnology
HTX.AX|Healthlinx Ltd |Healthcare|Biotechnology
HTBX|Heat Biologics, Inc. |Healthcare|Biotechnology
HBP.DE|Helix BioPharma Corp |Healthcare|Biotechnology
HBP.TO|Helix BioPharma Corp |Healthcare|Biotechnology
HMGN|Hemagen Diagnostics Inc. |Healthcare|Biotechnology
HXB.DE|Hemispherx Biopharma Inc |Healthcare|Biotechnology
HEB|Hemispherx Biopharma, Inc. |Healthcare|Biotechnology
HSKA|Heska Corp. |Healthcare|Biotechnology
HINDBIO.BO|Hindustan Bio Sciences Ltd |Healthcare|Biotechnology
HSGX|Histogenics Corporation |Healthcare|Biotechnology
HCT.AX|Holista CollTech Ltd |Healthcare|Biotechnology
HZD.L|Horizon Discovery Group PLC |Healthcare|Biotechnology
HUI.DE|Hua Han |Healthcare|Biotechnology
3HB.DE|Hybrigenics SA |Healthcare|Biotechnology
ALHYG.PA|Hybrigenics SA |Healthcare|Biotechnology
HPTX|Hyperion Therapeutics, Inc. |Healthcare|Biotechnology
IBT.DE|Ibex Technologies Inc |Healthcare|Biotechnology
IBT.V|Ibex Technologies Inc |Healthcare|Biotechnology
IBIO|iBio, Inc. |Healthcare|Biotechnology
ICO.V|ICO Therapeutics Inc |Healthcare|Biotechnology
IDRA|Idera Pharmaceuticals, Inc. |Healthcare|Biotechnology
IG|IGI Laboratories, Inc. |Healthcare|Biotechnology
RXDX|Ignyta, Inc. |Healthcare|Biotechnology
ILMN|Illumina Inc. |Healthcare|Biotechnology
ICCC|ImmuCell Corp. |Healthcare|Biotechnology
IMDZ|Immune Design Corp. |Healthcare|Biotechnology
IMUC|ImmunoCellular Therapeutics, L |Healthcare|Biotechnology
IMCL|ImmunoClin Corporation |Healthcare|Biotechnology
IMCL|ImmunoClin Corporation |Healthcare|Biotechnology
IMU.DE|Immunogen Inc |Healthcare|Biotechnology
IMGN|ImmunoGen, Inc. |Healthcare|Biotechnology
IM3.DE|Immunomedics Inc |Healthcare|Biotechnology
IMMU|Immunomedics Inc. |Healthcare|Biotechnology
IMYN|Immunosyn Corporation |Healthcare|Biotechnology
IMV.TO|Immunovaccine Inc |Healthcare|Biotechnology
IMM.L|ImmuPharma PLC |Healthcare|Biotechnology
IMC.AX|Immuron Ltd |Healthcare|Biotechnology
IMMY|Imprimis Pharmaceuticals, Inc. |Healthcare|Biotechnology
IMU.AX|Imugene Ltd |Healthcare|Biotechnology
ICY.DE|Incyte Corp |Healthcare|Biotechnology
INCY|Incyte Corporation |Healthcare|Biotechnology
MWG2.DE|InMed Pharmaceuticals Inc |Healthcare|Biotechnology
IDD.DE|Innate Pharma SA |Healthcare|Biotechnology
IPH.PA|Innate Pharma SA |Healthcare|Biotechnology
IOT.V|Innovotech Inc |Healthcare|Biotechnology
ITEK|Inotek Pharmaceuticals Corpora |Healthcare|Biotechnology
GBMA.DE|Inovio Pharmaceuticals Inc |Healthcare|Biotechnology
INO|Inovio Pharmaceuticals, Inc. |Healthcare|Biotechnology
INSM|Insmed Incorporated |Healthcare|Biotechnology
INSM|Insmed Incorporated |Healthcare|Biotechnology
INSY|INSYS Therapeutics, Inc. |Healthcare|Biotechnology
ALINT.PA|Integragen |Healthcare|Biotechnology
IGX.V|Intelgenx Technologies Corp. |Healthcare|Biotechnology
ILNS|Intellect Neurosciences, Inc. |Healthcare|Biotechnology
I.TO|IntelliPharmaCeutics |Healthcare|Biotechnology
ICPT|Intercept Pharmaceuticals, Inc |Healthcare|Biotechnology
ISCO|International Stem Cell Corpor |Healthcare|Biotechnology
ITCI|Intra-Cellular Therapies, Inc. |Healthcare|Biotechnology
XON|Intrexon Corporation |Healthcare|Biotechnology
NVIV|InVivo Therapeutics Holdings C |Healthcare|Biotechnology
ISI.DE|ISIS Pharmaceuticals Inc |Healthcare|Biotechnology
ISLT|Islet Sciences, Inc. |Healthcare|Biotechnology
ISA.TO|Isotechnika Pharma Inc |Healthcare|Biotechnology
IXI.L|IXICO PLC |Healthcare|Biotechnology
JAZZ|Jazz Pharmaceuticals Public Li |Healthcare|Biotechnology
JEN.V|Jenex Corp |Healthcare|Biotechnology
JSHY|Jishanye, Inc. |Healthcare|Biotechnology
JUNO|Juno Therapeutics Inc. |Healthcare|Biotechnology
KBIO|KaloBios Pharmaceuticals, Inc. |Healthcare|Biotechnology
KNE.V|Kane Biotech Inc |Healthcare|Biotechnology
KARO.ST|Karo Bio AB |Healthcare|Biotechnology
KDLBIO.BO|KDL Biotech Ltd |Healthcare|Biotechnology
KMPH|KemPharm, Inc. |Healthcare|Biotechnology
KYX.DE|Keryx Biopharmaceuticals Inc |Healthcare|Biotechnology
KERX|Keryx Biopharmaceuticals Inc. |Healthcare|Biotechnology
KIN|Kindred Biosciences, Inc. |Healthcare|Biotechnology
KITE|Kite Pharma, Inc. |Healthcare|Biotechnology
LJPC|La Jolla Pharmaceutical Co. |Healthcare|Biotechnology
LJPC|La Jolla Pharmaceutical Co. |Healthcare|Biotechnology
41L.DE|Laboratorios |Healthcare|Biotechnology
E2Z.DE|Laboratorios Almirall SA |Healthcare|Biotechnology
FLS.AX|Lamboo Resources Ltd |Healthcare|Biotechnology
AQL.AX|Leaf Energy Ltd |Healthcare|Biotechnology
LER.AX|Leaf Resources Ltd |Healthcare|Biotechnology
LX3.DE|Lexicon Pharmaceuticals Inc |Healthcare|Biotechnology
LXRX|Lexicon Pharmaceuticals, Inc. |Healthcare|Biotechnology
LIFS|Life Stem Genetics Inc. |Healthcare|Biotechnology
LGND|Ligand Pharmaceuticals Inc. |Healthcare|Biotechnology
LGND|Ligand Pharmaceuticals Incorpo |Healthcare|Biotechnology
LBIO|Lion Biotechnologies, Inc. |Healthcare|Biotechnology
LCT.AX|Living Cell Technologies Ltd |Healthcare|Biotechnology
LOR.TO|Lorus Therapeutics Inc |Healthcare|Biotechnology
LOXO|Loxo Oncology, Inc. |Healthcare|Biotechnology
HQ8.DE|Lpath Inc |Healthcare|Biotechnology
LPTN|Lpath Inc. |Healthcare|Biotechnology
LPTN|Lpath Inc. |Healthcare|Biotechnology
LYKALAB.BO|Lyka Labs Ltd |Healthcare|Biotechnology
LYKALABS.NS|Lyka Labs Ltd |Healthcare|Biotechnology
T3F.DE|M Pharmaceutical Inc |Healthcare|Biotechnology
MCUR|Macrocure Ltd. |Healthcare|Biotechnology
MGNX|MacroGenics, Inc. |Healthcare|Biotechnology
NNF1.DE|MannKind Corp |Healthcare|Biotechnology
MNKD|MannKind Corp. |Healthcare|Biotechnology
MRNA|Marina Biotech, Inc. |Healthcare|Biotechnology
MRNA|Marina Biotech, Inc. |Healthcare|Biotechnology
MRNS|Marinus Pharmaceuticals, Inc. |Healthcare|Biotechnology
YB4N.DE|Mast Therapeutics Inc |Healthcare|Biotechnology
MSTX|Mast Therapeutics, Inc. |Healthcare|Biotechnology
MAVENSBIO.BO|Mavens Biotech Ltd |Healthcare|Biotechnology
MDXH.BR|MDxHealth SA |Healthcare|Biotechnology
MDGN|Medgenics, Inc. |Healthcare|Biotechnology
MEB.AX|Medibio Ltd |Healthcare|Biotechnology
MBW.DE|Medical & Biological Lab |Healthcare|Biotechnology
MNOV|MediciNova Inc. |Healthcare|Biotechnology
MPH.V|Medicure Inc |Healthcare|Biotechnology
NGQ.DE|Medicure Inc |Healthcare|Biotechnology
MPH-H.V|Medicure, Inc. |Healthcare|Biotechnology
MFS.V|Medifocus Incorporated |Healthcare|Biotechnology
MDG.DE|Medigene AG |Healthcare|Biotechnology
MDG1.DE|Medigene AG |Healthcare|Biotechnology
MTR.AX|Meditech Research Ltd |Healthcare|Biotechnology
WMD.DE|Medivation Inc |Healthcare|Biotechnology
MDVN|Medivation, Inc. |Healthcare|Biotechnology
MVIR-B.ST|Medivir AB |Healthcare|Biotechnology
MVR.DE|Medivir AB |Healthcare|Biotechnology
MDWD|MediWound Ltd. |Healthcare|Biotechnology
47M.DE|MedMira Inc |Healthcare|Biotechnology
MIR.V|MedMira Inc |Healthcare|Biotechnology
MACK|Merrimack Pharmaceuticals, Inc |Healthcare|Biotechnology
MSL.TO|Merus Labs International Inc |Healthcare|Biotechnology
LWB.DE|Mesoblast Ltd |Healthcare|Biotechnology
MSB.AX|Mesoblast Ltd |Healthcare|Biotechnology
MBX.TO|Microbix Biosystems Inc |Healthcare|Biotechnology
MTPH.L|Midatech Pharma PLC |Healthcare|Biotechnology
NERV|Minerva Neurosciences, Inc. |Healthcare|Biotechnology
MRTX|Mirati Therapeutics, Inc. |Healthcare|Biotechnology
4HW.DE|Molmed |Healthcare|Biotechnology
MLM.MI|Molmed |Healthcare|Biotechnology
MGN.DE|Mologen AG |Healthcare|Biotechnology
MVF.AX|Monash IVF Group Ltd |Healthcare|Biotechnology
MOR.DE|MorphoSys AG |Healthcare|Biotechnology
MCET|MultiCell Technologies, Inc. |Healthcare|Biotechnology
3NQ.DE|NanoCarrier Co Ltd |Healthcare|Biotechnology
NSTG|NanoString Technologies, Inc. |Healthcare|Biotechnology
NLS.AX|Narhex Life Sciences Ltd |Healthcare|Biotechnology
NAVB|Navidea Biopharmaceuticals, In |Healthcare|Biotechnology
NKTR|Nektar Therapeutics |Healthcare|Biotechnology
ITH.DE|Nektar Therapeutics Inc |Healthcare|Biotechnology
NMUS|Nemus Bioscience Inc. |Healthcare|Biotechnology
NBS|Neostem, Inc. |Healthcare|Biotechnology
NEOT|Neothetics, Inc. |Healthcare|Biotechnology
ALNEV.PA|Neovacs SA |Healthcare|Biotechnology
NTB.TO|Neptune Technologies |Healthcare|Biotechnology
NTB.TO|Neptune Technologies |Healthcare|Biotechnology
NSCI.L|NetScientific PLC |Healthcare|Biotechnology
CUR|Neuralstem, Inc. |Healthcare|Biotechnology
NEU.AX|Neuren Pharmaceuticals Ltd |Healthcare|Biotechnology
NDRM|NeuroDerm Ltd. |Healthcare|Biotechnology
NEUKF|Neurokine Pharmaceuticals Inc. |Healthcare|Biotechnology
NEUR.CO|Neurosearch A/S |Healthcare|Biotechnology
NRS.DE|Neurosearch A/S |Healthcare|Biotechnology
NLNK|NewLink Genetics Corporation |Healthcare|Biotechnology
NVET|Nexvet Biopharma Public Limite |Healthcare|Biotechnology
COX.PA|Nicox |Healthcare|Biotechnology
NXO.DE|Nicox |Healthcare|Biotechnology
NWBO|Northwest Biotherapeutics, Inc |Healthcare|Biotechnology
NBY|NovaBay Pharmaceuticals, Inc. |Healthcare|Biotechnology
ALNOV.PA|Novacyt |Healthcare|Biotechnology
NVV.DE|Novavax Inc |Healthcare|Biotechnology
NVAX|Novavax, Inc. |Healthcare|Biotechnology
NOVA.DE|Novo Nordisk A/S |Healthcare|Biotechnology
NOVB.DE|Novo Nordisk A/S |Healthcare|Biotechnology
NSP.AX|NuSep Holdings Ltd |Healthcare|Biotechnology
NPHC|Nutra Pharma Corporation |Healthcare|Biotechnology
NRI.TO|Nuvo Research, Inc. |Healthcare|Biotechnology
NY2.DE|Nymox Pharmaceutical Corp |Healthcare|Biotechnology
OCAT|Ocata Therapeutics, Inc. |Healthcare|Biotechnology
OCRX|Ocera Therapeutics, Inc. |Healthcare|Biotechnology
OCUL|Ocular Therapeutix, Inc. |Healthcare|Biotechnology
OHRP|Ohr Pharmaceutical, Inc. |Healthcare|Biotechnology
OHRP|Ohr Pharmaceutical, Inc. |Healthcare|Biotechnology
ADJ.SI|OLS Enterprise Ltd |Healthcare|Biotechnology
E15.SI|OLS Enterprise Ltd |Healthcare|Biotechnology
3O8.DE|Omeros Corp |Healthcare|Biotechnology
OMER|Omeros Corporation |Healthcare|Biotechnology
OMBP|Omni Bio Pharmaceutical, Inc. |Healthcare|Biotechnology
OMBP|Omni Bio Pharmaceutical, Inc. |Healthcare|Biotechnology
OMMH|Omnimmune Holdings, Inc. |Healthcare|Biotechnology
ALONC.PA|Oncodesign SA |Healthcare|Biotechnology
OGXI|OncoGenex Pharmaceuticals, Inc |Healthcare|Biotechnology
ONC.TO|Oncolytics Biotech Inc |Healthcare|Biotechnology
ONY.DE|Oncolytics Biotech Inc |Healthcare|Biotechnology
OMED|OncoMed Pharmaceuticals, Inc. |Healthcare|Biotechnology
ONTX|Onconova Therapeutics, Inc. |Healthcare|Biotechnology
ONCS|OncoSec Medical Incorporated |Healthcare|Biotechnology
ONCS|OncoSec Medical Incorporated |Healthcare|Biotechnology
3O6.DE|Oncothyreon Inc |Healthcare|Biotechnology
ONTY|Oncothyreon Inc |Healthcare|Biotechnology
ONBI|ONE Bio Corp. |Healthcare|Biotechnology
BIO.PA|Onxeo SA |Healthcare|Biotechnology
OPXA|Opexa Therapeutics, Inc. |Healthcare|Biotechnology
OPLI|OphthaliX Inc. |Healthcare|Biotechnology
OPHT|Ophthotech Corporation |Healthcare|Biotechnology
OPK|Opko Health, Inc. |Healthcare|Biotechnology
OGEN|Oragenics Inc. |Healthcare|Biotechnology
OJU.DE|Oramed Pharmaceuticals Inc |Healthcare|Biotechnology
ORMP|Oramed Pharmaceuticals Inc. |Healthcare|Biotechnology
OGI.V|OrganiGram Holdings Inc |Healthcare|Biotechnology
OCC.AX|Orthocell Ltd |Healthcare|Biotechnology
L3Q.DE|Osiris Therapeutics Inc |Healthcare|Biotechnology
OSIR|Osiris Therapeutics, Inc. |Healthcare|Biotechnology
OLGXF|Osteologix, Inc. |Healthcare|Biotechnology
OFSA3.SA|Ouro Fino Saude Animal |Healthcare|Biotechnology
OVAS|OvaScience, Inc. |Healthcare|Biotechnology
OXB.L|Oxford BioMedica PLC |Healthcare|Biotechnology
OXO.DE|Oxford BioMedica PLC |Healthcare|Biotechnology
ONG.L|Oxford Pharmascience Group PLC |Healthcare|Biotechnology
OXGN|Oxigene Inc. |Healthcare|Biotechnology
OXGN|OXiGENE, Inc. |Healthcare|Biotechnology
PGA.V|Pacgen Life Science Corp |Healthcare|Biotechnology
PACB|Pacific Biosciences of Califor |Healthcare|Biotechnology
PX9.DE|Pain Therapeutics Inc |Healthcare|Biotechnology
PTIE|Pain Therapeutics Inc. |Healthcare|Biotechnology
PA8.DE|Paion Ag |Healthcare|Biotechnology
PANACEABI.NS|Panacea Biotec Ltd |Healthcare|Biotechnology
PANACEABIO.BO|Panacea Biotec Ltd |Healthcare|Biotechnology
PANG|Panacea Global, Inc. |Healthcare|Biotechnology
PANCHOR.BO|Panchsheel Organics Ltd |Healthcare|Biotechnology
PRTK|Paratek Pharmaceuticals, Inc. |Healthcare|Biotechnology
PAB.AX|Patrys Ltd |Healthcare|Biotechnology
PDL.DE|PDL BioPharma Inc |Healthcare|Biotechnology
PDLI|PDL BioPharma, Inc. |Healthcare|Biotechnology
PDP.V|Pediapharm Inc |Healthcare|Biotechnology
TEHN.DE|Peregrine Pharmaceuticals Inc |Healthcare|Biotechnology
PPHM|Peregrine Pharmaceuticals, Inc |Healthcare|Biotechnology
PFNX|Pfenex Inc. |Healthcare|Biotechnology
MJN.V|PharmaCan Capital Corp |Healthcare|Biotechnology
PY2.DE|Pharmacyclics Inc |Healthcare|Biotechnology
PCYC|Pharmacyclics Inc. |Healthcare|Biotechnology
PIP|PharmAthene, Inc. |Healthcare|Biotechnology
PHG.DE|Pharming Group |Healthcare|Biotechnology
POH.AX|Phosphagenics Ltd |Healthcare|Biotechnology
PH7.DE|Phylogica Ltd |Healthcare|Biotechnology
PYC.AX|Phylogica Ltd |Healthcare|Biotechnology
PYC.L|Physiomics PLC |Healthcare|Biotechnology
PIRS|Pieris Pharmaceuticals, Inc. |Healthcare|Biotechnology
PIRAMLIFE.BO|Piramal Phytocare Ltd |Healthcare|Biotechnology
PIRLIFE.NS|Piramal Phytocare Ltd |Healthcare|Biotechnology
PLPL|Plandai Biotechnology, Inc. |Healthcare|Biotechnology
PLPL|Plandai Biotechnology, Inc. |Healthcare|Biotechnology
MLPAT.PA|Plant Advanced |Healthcare|Biotechnology
PJTA.DE|Pluristem Therapeutics Inc |Healthcare|Biotechnology
PSTI|Pluristem Therapeutics, Inc. |Healthcare|Biotechnology
PYMXQ|PolyMedix, Inc. |Healthcare|Biotechnology
PYMXQ|PolyMedix, Inc. |Healthcare|Biotechnology
PYMXQ|PolyMedix, Inc. |Healthcare|Biotechnology
PYMXQ|PolyMedix, Inc. |Healthcare|Biotechnology
PNV.AX|Polynovo Ltd |Healthcare|Biotechnology
PARD|Poniard Pharmaceuticals, Inc. |Healthcare|Biotechnology
PARD|Poniard Pharmaceuticals, Inc. |Healthcare|Biotechnology
PEBI.L|Port Erin Biopharma Inv |Healthcare|Biotechnology
PTLA|Portola Pharmaceuticals, Inc. |Healthcare|Biotechnology
PBN.DE|Prana Biotechnology Ltd |Healthcare|Biotechnology
PBT.AX|Prana Biotechnology Ltd |Healthcare|Biotechnology
BIEI|Premier Biomedical, Inc. |Healthcare|Biotechnology
UDD.DE|Prescient Therapeutics Ltd |Healthcare|Biotechnology
PRR.AX|Prima Biomed Ltd |Healthcare|Biotechnology
PBMD|Prima Biomed Ltd. |Healthcare|Biotechnology
PROB.ST|Probi AB |Healthcare|Biotechnology
PG1.DE|Progen Pharmaceuticals Ltd |Healthcare|Biotechnology
PGL.AX|Progen Pharmaceuticals Ltd |Healthcare|Biotechnology
PGP.DE|Progenics Pharmaceuticals Inc |Healthcare|Biotechnology
PGNX|Progenics Pharmaceuticals, Inc |Healthcare|Biotechnology
PJ2.DE|ProMetic Life Sciences Inc |Healthcare|Biotechnology
PLI.TO|ProMetic Life Sciences Inc |Healthcare|Biotechnology
PRQR|ProQR Therapeutics N.V. |Healthcare|Biotechnology
PBD.DE|Protalix BioTherapeutics Inc |Healthcare|Biotechnology
PLX|Protalix BioTherapeutics, Inc. |Healthcare|Biotechnology
PRGB|Protea Biosciences Group, Inc |Healthcare|Biotechnology
PTEO|Proteo Inc. |Healthcare|Biotechnology
PIQ.AX|Proteomics International |Healthcare|Biotechnology
PRTO|Proteon Therapeutics Inc |Healthcare|Biotechnology
PRTA|Prothena Corporation plc |Healthcare|Biotechnology
PV3.DE|pSivida Corp |Healthcare|Biotechnology
PTCT|PTC Therapeutics, Inc. |Healthcare|Biotechnology
PBYI|Puma Biotechnology, Inc. |Healthcare|Biotechnology
QLT.DE|QLT Inc |Healthcare|Biotechnology
QLT.TO|QLT Inc |Healthcare|Biotechnology
QLTI|QLT Inc. |Healthcare|Biotechnology
MLQGC.PA|Quantum Genomics |Healthcare|Biotechnology
QGCNR.PA|Quantum Genomics |Healthcare|Biotechnology
QPT.V|Quest PharmaTech Inc |Healthcare|Biotechnology
QPH.DE|Questcor Pharmaceuticals Inc |Healthcare|Biotechnology
QMDT|Quick-Med Technologies Inc. |Healthcare|Biotechnology
XYXR.DE|Raptor Pharmaceutical Corp |Healthcare|Biotechnology
RPTP|Raptor Pharmaceuticals Corp. |Healthcare|Biotechnology
RAYLA.BO|Raymed Laboratories Ltd |Healthcare|Biotechnology
RCPT|Receptos, Inc. |Healthcare|Biotechnology
REPH|Recro Pharma, Inc. |Healthcare|Biotechnology
TBRA|Regado Biosciences, Inc. |Healthcare|Biotechnology
RGBP|Regen BioPharma Inc. |Healthcare|Biotechnology
RGO.DE|Regeneron Pharmaceuticals Inc |Healthcare|Biotechnology
REGN|Regeneron Pharmaceuticals, Inc |Healthcare|Biotechnology
RGS.AX|Regeneus Ltd |Healthcare|Biotechnology
RGIN|Regenicin, Inc. |Healthcare|Biotechnology
RGLS|Regulus Therapeutics Inc. |Healthcare|Biotechnology
RGLS|Regulus Therapeutics Inc. |Healthcare|Biotechnology
RELISH.BO|Relish Pharmaceuticals Ltd |Healthcare|Biotechnology
RLYP|Relypsa, Inc. |Healthcare|Biotechnology
RENE.L|ReNeuron Group PLC |Healthcare|Biotechnology
RCAR|RenovaCare, Inc. |Healthcare|Biotechnology
RGN.DE|Repligen Corp |Healthcare|Biotechnology
RGEN|Repligen Corporation |Healthcare|Biotechnology
RHS.AX|Reproductive Health |Healthcare|Biotechnology
RPRX|Repros Therapeutics Inc. |Healthcare|Biotechnology
RPRX|Repros Therapeutics Inc. |Healthcare|Biotechnology
RVX.TO|Resverlogix Corp |Healthcare|Biotechnology
RVG.L|Retroscreen Virology Group PLC |Healthcare|Biotechnology
RVNC|Revance Therapeutics, Inc. |Healthcare|Biotechnology
RNN|Rexahn Pharmaceuticals, Inc. |Healthcare|Biotechnology
RCHA|Rich Pharmaceuticals, Inc. |Healthcare|Biotechnology
RHO5.DE|Roche Holding AG |Healthcare|Biotechnology
RHO6.DE|Roche Holding AG |Healthcare|Biotechnology
TA9.DE|Rock Creek Pharmaceuticals Inc |Healthcare|Biotechnology
RCPI|Rock Creek Pharmaceuticals, In |Healthcare|Biotechnology
RTGN|Ruthigen, Inc. |Healthcare|Biotechnology
RXII|RXi Pharmaceuticals Corporatio |Healthcare|Biotechnology
SAAMYABIO.BO|Saamya Biotech (India) Ltd |Healthcare|Biotechnology
SAGE|Sage Therapeutics, Inc. |Healthcare|Biotechnology
GBY.DE|Sangamo BioSciences Inc |Healthcare|Biotechnology
SGMO|Sangamo Biosciences Inc. |Healthcare|Biotechnology
S3F.DE|Santhera Pharmaceuticals |Healthcare|Biotechnology
AB3A.DE|Sarepta Therapeutics Inc |Healthcare|Biotechnology
SRPT|Sarepta Therapeutics, Inc. |Healthcare|Biotechnology
SCLP.L|Scancell Holdings PLC |Healthcare|Biotechnology
SIE.AX|SciGen Ltd |Healthcare|Biotechnology
SGT.DE|Seattle Genetics Inc |Healthcare|Biotechnology
SGEN|Seattle Genetics, Inc. |Healthcare|Biotechnology
QNMA.DE|Sequenom Inc |Healthcare|Biotechnology
SQNM|Sequenom Inc. |Healthcare|Biotechnology
SVON|Sevion Therapeutics, Inc. |Healthcare|Biotechnology
S7E.DE|Shire PLC |Healthcare|Biotechnology
SHP.L|Shire PLC |Healthcare|Biotechnology
SP2.DE|Shire PLC |Healthcare|Biotechnology
SIGAQ|SIGA Technologies, Inc. |Healthcare|Biotechnology
SLN.L|Silence Therapeutics PLC |Healthcare|Biotechnology
XRP.DE|Silence Therapeutics PLC |Healthcare|Biotechnology
SMZ1.DE|Sino Biopharmaceutical Ltd |Healthcare|Biotechnology
1177.HK|Sino Biopharmaceutical Ltd. |Healthcare|Biotechnology
SVQ.DE|Sinovac Biotech Ltd |Healthcare|Biotechnology
SVA|Sinovac Biotech Ltd. |Healthcare|Biotechnology
1734.TW|Sinphar Pharmaceutical Co Ltd |Healthcare|Biotechnology
SBM.V|Sirona Biochem Corp |Healthcare|Biotechnology
ZSB.DE|Sirona Biochem Corp |Healthcare|Biotechnology
SQX.DE|Sirtex Medical Ltd |Healthcare|Biotechnology
SRX.AX|Sirtex Medical Ltd |Healthcare|Biotechnology
SNGX|Soligenix, Inc. |Healthcare|Biotechnology
SRNE|Sorrento Therapeutics, Inc. |Healthcare|Biotechnology
SBS.L|Source BioScience PLC |Healthcare|Biotechnology
ONCE|Spark Therapeutics, Inc. |Healthcare|Biotechnology
NTR.DE|Spectrum Pharmaceuticals Inc |Healthcare|Biotechnology
SPPI|Spectrum Pharmaceuticals, Inc. |Healthcare|Biotechnology
5S6.DE|Stallergènes SA |Healthcare|Biotechnology
GENP.PA|Stallergènes SA |Healthcare|Biotechnology
1720.TW|Standard Chemical |Healthcare|Biotechnology
PQ6.DE|Starpharma Holdings Ltd |Healthcare|Biotechnology
SPL.AX|Starpharma Holdings Ltd |Healthcare|Biotechnology
KLH.V|Stellar Biotechnologies Inc |Healthcare|Biotechnology
STEM|StemCells Inc. |Healthcare|Biotechnology
STEM|StemCells Inc. |Healthcare|Biotechnology
STML|Stemline Therapeutics, Inc. |Healthcare|Biotechnology
STERLINBI.NS|Sterling Biotech Ltd |Healthcare|Biotechnology
STERLINBIO.BO|Sterling Biotech Ltd |Healthcare|Biotechnology
E4N.DE|Suda Ltd |Healthcare|Biotechnology
EMS.AX|Suda Ltd |Healthcare|Biotechnology
SUD.AX|Suda Ltd |Healthcare|Biotechnology
SUNPHARMA.NS|Sun Pharmaceuticals Ind. |Healthcare|Biotechnology
SNSS|Sunesis Pharmaceuticals Inc. |Healthcare|Biotechnology
SNSS|Sunesis Pharmaceuticals, Inc. |Healthcare|Biotechnology
GEVA|Synageva BioPharma Corp. |Healthcare|Biotechnology
SNG.L|Synairgen PLC |Healthcare|Biotechnology
SNTA|Synta Pharmaceuticals Corp. |Healthcare|Biotechnology
YDO.DE|Synta Pharmaceuticals Inc |Healthcare|Biotechnology
SYN|Synthetic Biologics Inc. |Healthcare|Biotechnology
TAIH.L|Taihua PLC |Healthcare|Biotechnology
TPIV|TapImmune, Inc. |Healthcare|Biotechnology
TPIV|TapImmune, Inc. |Healthcare|Biotechnology
TRGT|Targacept, Inc. |Healthcare|Biotechnology
TKM.TO|Tekmira Pharmaceuticals Corp |Healthcare|Biotechnology
TKMR|Tekmira Pharmaceuticals Corpor |Healthcare|Biotechnology
BJF.DE|Telesta Therapeutics Inc |Healthcare|Biotechnology
TST.TO|Telesta Therapeutics Inc |Healthcare|Biotechnology
YBON.DE|Tenax Therapeutics Inc |Healthcare|Biotechnology
TENX|Tenax Therapeutics, Inc. |Healthcare|Biotechnology
TNGNQ|Tengion, Inc. |Healthcare|Biotechnology
TSRO|Tesaro, Inc. |Healthcare|Biotechnology
TLOG|TetraLogic Pharmaceuticals Cor |Healthcare|Biotechnology
TGTX|TG Therapeutics, Inc. |Healthcare|Biotechnology
TH.TO|Theratechnologies Inc |Healthcare|Biotechnology
TQ8.DE|Theratechnologies Inc |Healthcare|Biotechnology
THERF|Theratechnologies Inc. |Healthcare|Biotechnology
TBPH|Theravance Biopharma, Inc. |Healthcare|Biotechnology
HVE.DE|Theravance Inc |Healthcare|Biotechnology
THRX|Theravance Inc. |Healthcare|Biotechnology
NZW1.DE|Threshold Pharmaceuticals Inc |Healthcare|Biotechnology
THLD|Threshold Pharmaceuticals Inc. |Healthcare|Biotechnology
TG4.DE|ThromboGenics NV |Healthcare|Biotechnology
THR.BR|ThromboGenics NV |Healthcare|Biotechnology
8189.HK|Tianjin TEDA Biomedical |Healthcare|Biotechnology
TIG.BR|TiGenix NV |Healthcare|Biotechnology
TRX.L|Tissue Regenix Group PLC |Healthcare|Biotechnology
1TT.DE|Tissue Therapies Ltd |Healthcare|Biotechnology
TIS.AX|Tissue Therapies Ltd |Healthcare|Biotechnology
TITANBIO.BO|Titan Bio-Tech Ltd |Healthcare|Biotechnology
TTNP|Titan Pharmaceuticals Inc. |Healthcare|Biotechnology
TTNP|Titan Pharmaceuticals Inc. |Healthcare|Biotechnology
TILS.L|Tiziana Life Sciences PLC |Healthcare|Biotechnology
TBRA|Tobira Therapeutics, Inc. |Healthcare|Biotechnology
TKAI|Tokai Pharmaceuticals, Inc. |Healthcare|Biotechnology
TCON|TRACON Pharmaceuticals, Inc. |Healthcare|Biotechnology
TNG.PA|Transgene |Healthcare|Biotechnology
TRABI.BO|Transgene Biotek Ltd |Healthcare|Biotechnology
TGNA.DE|Transgene SA |Healthcare|Biotechnology
RFYA.DE|Transition Therapeutics Inc |Healthcare|Biotechnology
TTH.TO|Transition Therapeutics Inc |Healthcare|Biotechnology
TTHI|Transition Therapeutics Inc. |Healthcare|Biotechnology
TRVN|Trevena, Inc. |Healthcare|Biotechnology
R5W.DE|Trillium Therapeutics Inc |Healthcare|Biotechnology
TRIPR.BO|Triochem Products Ltd |Healthcare|Biotechnology
XE7.DE|TrovaGene Inc |Healthcare|Biotechnology
TROV|TrovaGene, Inc. |Healthcare|Biotechnology
TXCL.PA|TxCell SA |Healthcare|Biotechnology
TYCHE.BO|Tyche Industries Ltd |Healthcare|Biotechnology
TDX.AX|Tyrian Diagnostics Ltd |Healthcare|Biotechnology
UCB.BR|UCB SA |Healthcare|Biotechnology
UNC.DE|UCB SA |Healthcare|Biotechnology
RARE|Ultragenyx Pharmaceutical Inc. |Healthcare|Biotechnology
QURE|uniQure N.V. |Healthcare|Biotechnology
UTH.DE|United Therapeutics Corp |Healthcare|Biotechnology
VAL.L|Valirx PLC |Healthcare|Biotechnology
AYJ.DE|Valneva SE |Healthcare|Biotechnology
VLAP.PA|Valneva SE |Healthcare|Biotechnology
VLS.PA|Valneva SE |Healthcare|Biotechnology
VM4.DE|Vanda Pharmaceuticals Inc |Healthcare|Biotechnology
VNDA|Vanda Pharmaceuticals, Inc. |Healthcare|Biotechnology
VBIV|VBI Vaccines Inc |Healthcare|Biotechnology
NIYATI.BO|Veerhealth Care Ltd |Healthcare|Biotechnology
VCYT|Veracyte, Inc. |Healthcare|Biotechnology
VSTM|Verastem, Inc. |Healthcare|Biotechnology
VCEL|Vericel Corporation |Healthcare|Biotechnology
BBP2.DE|Vernalis PLC |Healthcare|Biotechnology
VER.L|Vernalis PLC |Healthcare|Biotechnology
VRP.L|Verona Pharma PLC |Healthcare|Biotechnology
VX1.DE|Vertex Pharmaceuticals Inc |Healthcare|Biotechnology
VRTX|Vertex Pharmaceuticals Incorpo |Healthcare|Biotechnology
VCC.DE|Vical Inc |Healthcare|Biotechnology
VICL|Vical Incorporated |Healthcare|Biotechnology
VKTX|Viking Therapeutics, Inc. |Healthcare|Biotechnology
VLA.AX|Viralytics Ltd |Healthcare|Biotechnology
VHL.AX|Virax Holdings Ltd |Healthcare|Biotechnology
VSTA|VistaGen Therapeutics, Inc. |Healthcare|Biotechnology
V3V.DE|Vita 34 AG |Healthcare|Biotechnology
VTAE|Vitae Pharmaceuticals, Inc. |Healthcare|Biotechnology
VTL|Vital Therapies, Inc. |Healthcare|Biotechnology
36V.DE|Vitality Products Inc |Healthcare|Biotechnology
VPI.V|Vitality Products Inc |Healthcare|Biotechnology
1178.HK|Vitop Bioenergy Holdings Ltd. |Healthcare|Biotechnology
VODG|Vitro Diagnostics, Inc. |Healthcare|Biotechnology
VITR.ST|Vitrolife AB |Healthcare|Biotechnology
VTF.DE|Vitrolife AB |Healthcare|Biotechnology
VIU.DE|Vivus |Healthcare|Biotechnology
VVUS|VIVUS Inc. |Healthcare|Biotechnology
WL6.DE|Wilex AG |Healthcare|Biotechnology
WNT.ST|WntResearch AB |Healthcare|Biotechnology
XBIT|XBiotech, Inc. |Healthcare|Biotechnology
XNCR|Xencor, Inc. |Healthcare|Biotechnology
XENE|Xenon Pharmaceuticals Inc. |Healthcare|Biotechnology
XNPT|Xenoport, Inc. |Healthcare|Biotechnology
XOMA|XOMA Corporation |Healthcare|Biotechnology
XOMA|XOMA Ltd. |Healthcare|Biotechnology
H2K.DE|XTL Biopharmaceuticals Ltd |Healthcare|Biotechnology
ZFGN|Zafgen, Inc. |Healthcare|Biotechnology
ZXSI|Zaxis International Inc. |Healthcare|Biotechnology
ZEL.DE|Zeltia, S.A. |Healthcare|Biotechnology
ZENOTECH.BO|Zenotech Laboratories Ltd |Healthcare|Biotechnology
WEK.DE|ZIOPHARM Oncology Inc |Healthcare|Biotechnology
ZIOP|ZIOPHARM Oncology, Inc. |Healthcare|Biotechnology
DDDD.L|4d pharma PLC |Healthcare|Biotechnology
VSC.DE|4SC AG |Healthcare|Biotechnology
XXII|22nd Century Group, Inc. |Healthcare|Biotechnology
I3F.DE|Infinity Pharmaceuticals Inc |Healthcare|Biotechnology
INFI|Infinity Pharmaceuticals, Inc. |Healthcare|Biotechnology
