More Info|Industry: Drugs - Generic |Healthcare|Drugs - Generic
ABT.L|Abbott Laboratories |Healthcare|Drugs - Generic
ACT|Actavis plc |Healthcare|Drugs - Generic
ADMS|Adamas Pharmaceuticals, Inc. |Healthcare|Drugs - Generic
CY3A.DE|Adamis Pharmaceuticals Corp |Healthcare|Drugs - Generic
ADVIKLA.BO|Advik Laboratories Ltd |Healthcare|Drugs - Generic
AGRX|Agile Therapeutics, Inc. |Healthcare|Drugs - Generic
FDA.DE|Akorn Inc |Healthcare|Drugs - Generic
AKRX|Akorn, Inc. |Healthcare|Drugs - Generic
ALEMBICLT.NS|Alembic Ltd |Healthcare|Drugs - Generic
ALEMBICLTD.BO|Alembic Ltd |Healthcare|Drugs - Generic
APLLTD.NS|Alembic Pharmaceuticals Ltd |Healthcare|Drugs - Generic
AG4.DE|Allergan Inc |Healthcare|Drugs - Generic
APH.L|Alliance Pharma PLC |Healthcare|Drugs - Generic
ALPA.BO|Alpa Laboratories Ltd |Healthcare|Drugs - Generic
ALPA.NS|Alpa Laboratories Ltd |Healthcare|Drugs - Generic
EH3A.DE|Amarin Corp PLC |Healthcare|Drugs - Generic
AQXP|Aquinox Pharmaceuticals Inc. |Healthcare|Drugs - Generic
LDZA.DE|Aspen Pharmacare Holdings Ltd |Healthcare|Drugs - Generic
AUROBINDOP.BO|Aurobindo Pharma Ltd |Healthcare|Drugs - Generic
BALPH.BO|Bal Pharma Ltd |Healthcare|Drugs - Generic
BALPHARMA.NS|Bal Pharma Ltd |Healthcare|Drugs - Generic
BMK.L|Benchmark Holdings PLC |Healthcare|Drugs - Generic
BJ9.DE|Benitec Biopharma Ltd |Healthcare|Drugs - Generic
BLT.AX|Benitec Biopharma Ltd |Healthcare|Drugs - Generic
BERLDRG.BO|Beryl Drugs Ltd |Healthcare|Drugs - Generic
BIOFIL.BO|Biofil Chemicals |Healthcare|Drugs - Generic
BAUH16.SA|Biomm SA |Healthcare|Drugs - Generic
BWL.ST|Bringwell International AB |Healthcare|Drugs - Generic
CADILAHC.BO|Cadila Healthcare Ltd |Healthcare|Drugs - Generic
CADILAHC.NS|Cadila Healthcare Ltd |Healthcare|Drugs - Generic
CAN.V|CannaVEST Corp. |Healthcare|Drugs - Generic
CANV|CannaVEST Corp. |Healthcare|Drugs - Generic
CBYL|Carbylan Therapeutics, Inc. |Healthcare|Drugs - Generic
CTLT|Catalent, Inc. |Healthcare|Drugs - Generic
CN2.DE|Catalyst Pharmaceutical |Healthcare|Drugs - Generic
CPRX|Catalyst Pharmaceutical Partne |Healthcare|Drugs - Generic
CPXX|Celator Pharmaceuticals, Inc. |Healthcare|Drugs - Generic
C1S.DE|China Shineway |Healthcare|Drugs - Generic
2877.HK|China Shineway Pharma. |Healthcare|Drugs - Generic
DND.TO|Cipher Pharmaceuticals Inc |Healthcare|Drugs - Generic
PHE.DE|Cipher Pharmaceuticals Inc |Healthcare|Drugs - Generic
CVT.NZ|Comvita Ltd |Healthcare|Drugs - Generic
CORALAB.BO|Coral Laboratories Ltd |Healthcare|Drugs - Generic
CBJ.DE|Cumberland Pharmaceuticals Inc |Healthcare|Drugs - Generic
6DW.DE|D Western Therapeutics |Healthcare|Drugs - Generic
DPA.DE|Daito Pharmaceutical Co Ltd |Healthcare|Drugs - Generic
DV3.DE|Delcath Systems Inc |Healthcare|Drugs - Generic
DPO.DE|DepoMed Inc |Healthcare|Drugs - Generic
DPLO|Diplomat Pharmacy, Inc. |Healthcare|Drugs - Generic
DIVISLAB.BO|Divi's Laboratories Ltd |Healthcare|Drugs - Generic
DIVISLAB.NS|Divi's Laboratories Ltd |Healthcare|Drugs - Generic
DRREDDY.BO|Dr Reddy Laboratories Ltd |Healthcare|Drugs - Generic
DRREDDY.NS|Dr Reddy Laboratories Ltd |Healthcare|Drugs - Generic
RDDA.DE|Dr Reddy Laboratories Ltd |Healthcare|Drugs - Generic
DC8.DE|Durect Corp |Healthcare|Drugs - Generic
EGRX|Eagle Pharmaceuticals Inc. |Healthcare|Drugs - Generic
EII.DE|Eisai Co Ltd |Healthcare|Drugs - Generic
EVOK|Evoke Pharma, Inc. |Healthcare|Drugs - Generic
EVT.DE|Evotec AG |Healthcare|Drugs - Generic
EVTA.DE|Evotec AG |Healthcare|Drugs - Generic
FCSC|Fibrocell Science, Inc. |Healthcare|Drugs - Generic
FLXN|Flexion Therapeutics, Inc. |Healthcare|Drugs - Generic
GALT|Galectin Therapeutics, Inc. |Healthcare|Drugs - Generic
G2A.DE|Galenica AG |Healthcare|Drugs - Generic
GENNEX.BO|Gennex Laboratories Ltd |Healthcare|Drugs - Generic
GEKA.DE|Genomma Lab Internacional |Healthcare|Drugs - Generic
LABB.MX|Genomma Lab Internacional |Healthcare|Drugs - Generic
GLENMARK.BO|Glenmark Pharmaceuticals Ltd |Healthcare|Drugs - Generic
GLENMARK.NS|Glenmark Pharmaceuticals Ltd |Healthcare|Drugs - Generic
1707.TW|Grape King Bio Ltd |Healthcare|Drugs - Generic
0874.HK|Guangzhou Pharmaceutical |Healthcare|Drugs - Generic
GUJTERC.BO|Gujarat Terce Laboratories Ltd |Healthcare|Drugs - Generic
LDB.DE|H Lundbeck A/S |Healthcare|Drugs - Generic
WIR.DE|HAEMATO AG |Healthcare|Drugs - Generic
HJOE|Hangover Joe's Holding Corpora |Healthcare|Drugs - Generic
HMU.DE|HC Berlin Pharma AG |Healthcare|Drugs - Generic
DINSHAL.BO|Hemo Organic Ltd |Healthcare|Drugs - Generic
H5P.DE|Hikma Pharmaceuticals PLC |Healthcare|Drugs - Generic
HIK.L|Hikma Pharmaceuticals PLC |Healthcare|Drugs - Generic
HIRAN.BO|Hiran Orgochem Ltd |Healthcare|Drugs - Generic
HPX.DE|Hisamitsu Pharmaceutical |Healthcare|Drugs - Generic
HZNP|Horizon Pharma plc |Healthcare|Drugs - Generic
HOS.DE|Hospira Inc |Healthcare|Drugs - Generic
HSP|Hospira Inc. |Healthcare|Drugs - Generic
ILR.DE|Impax Laboratories Inc |Healthcare|Drugs - Generic
INDSWFTLT.NS|Ind-Swift Ltd |Healthcare|Drugs - Generic
INDSWIF.BO|Ind-Swift Ltd |Healthcare|Drugs - Generic
INDV.L|Indivior PLC |Healthcare|Drugs - Generic
INNL|Innocoll AG |Healthcare|Drugs - Generic
ROSE.BA|Instituto Rosenbusch SA |Healthcare|Drugs - Generic
7C8.DE|Invion Ltd |Healthcare|Drugs - Generic
CBZ.AX|Invion Ltd |Healthcare|Drugs - Generic
IVX.AX|Invion Ltd |Healthcare|Drugs - Generic
IPCALAB.BO|Ipca Laboratories Ltd |Healthcare|Drugs - Generic
IPCALAB.NS|Ipca Laboratories Ltd |Healthcare|Drugs - Generic
I7G.DE|Ipsen SA |Healthcare|Drugs - Generic
IPN.PA|Ipsen SA |Healthcare|Drugs - Generic
I76.DE|Ironwood Pharmaceuticals Inc |Healthcare|Drugs - Generic
IRWD|Ironwood Pharmaceuticals, Inc. |Healthcare|Drugs - Generic
CLB.DE|Juniper Pharmaceuticals Inc |Healthcare|Drugs - Generic
JNP|Juniper Pharmaceuticals, Inc. |Healthcare|Drugs - Generic
KPTI|Karyopharm Therapeutics, Inc. |Healthcare|Drugs - Generic
KIS.DE|Kissei Pharmaceutical |Healthcare|Drugs - Generic
GUD.TO|Knight Therapeutics Inc |Healthcare|Drugs - Generic
LACTOSE.BO|Lactose (India) Ltd |Healthcare|Drugs - Generic
LN5.DE|Lannett Co Inc |Healthcare|Drugs - Generic
LCI|Lannett Company, Inc. |Healthcare|Drugs - Generic
0503.HK|Lansen Pharmaceutical |Healthcare|Drugs - Generic
1LP.DE|Lansen Pharmaceutical |Healthcare|Drugs - Generic
LINKPH.BO|Link Pharma Chem Ltd |Healthcare|Drugs - Generic
LPCN|Lipocine Inc. |Healthcare|Drugs - Generic
LUPIN.BO|Lupin Ltd |Healthcare|Drugs - Generic
LUPIN.NS|Lupin Ltd |Healthcare|Drugs - Generic
MNK|Mallinckrodt public limited co |Healthcare|Drugs - Generic
1731.TW|Maywufa Co Ltd |Healthcare|Drugs - Generic
M5E.DE|Meda AB |Healthcare|Drugs - Generic
MEDA-A.ST|Meda AB |Healthcare|Drugs - Generic
MEDICAPQ.BO|Medi-Caps Ltd |Healthcare|Drugs - Generic
MRK.DE|Merck KGaA |Healthcare|Drugs - Generic
MERCK.BO|Merck Ltd |Healthcare|Drugs - Generic
MERCK.NS|Merck Ltd |Healthcare|Drugs - Generic
TAY.DE|Mitsubishi Tanabe Pharma Corp |Healthcare|Drugs - Generic
LZ1.DE|Momenta Pharmaceuticals Inc |Healthcare|Drugs - Generic
MNTA|Momenta Pharmaceuticals Inc. |Healthcare|Drugs - Generic
93M.DE|MPH Mittelstaendische |Healthcare|Drugs - Generic
MYL|Mylan N.V. |Healthcare|Drugs - Generic
MYOS|MYOS Corp. |Healthcare|Drugs - Generic
MYRX|Myrexis, Inc. |Healthcare|Drugs - Generic
NATR|Nature's Sunshine Products Inc |Healthcare|Drugs - Generic
NRX|NephroGenex, Inc. |Healthcare|Drugs - Generic
NEULAND.BO|Neuland Laboratories Ltd |Healthcare|Drugs - Generic
NEULANDLA.NS|Neuland Laboratories Ltd |Healthcare|Drugs - Generic
NB3.DE|Neurocrine Biosciences Inc |Healthcare|Drugs - Generic
NBIX|Neurocrine Biosciences Inc. |Healthcare|Drugs - Generic
NU.V|NeutriSci International Inc |Healthcare|Drugs - Generic
NNH.ST|New Nordic Healthbrands AB |Healthcare|Drugs - Generic
NUTRAPR.BO|Nutraplus India Ltd |Healthcare|Drugs - Generic
DLA.DE|Nuvo Research Inc |Healthcare|Drugs - Generic
OCLS|Oculus Innovative Sciences, In |Healthcare|Drugs - Generic
JXS.DE|Orexigen Therapeutics Inc |Healthcare|Drugs - Generic
ORX.ST|Orexo AB |Healthcare|Drugs - Generic
OFK.DE|Orion Oyj |Healthcare|Drugs - Generic
PCRX|Pacira Pharmaceuticals, Inc. |Healthcare|Drugs - Generic
PARABDRUG.NS|Parabolic Drugs Ltd |Healthcare|Drugs - Generic
PARABOLIC.BO|Parabolic Drugs Ltd |Healthcare|Drugs - Generic
PARENTLD.BO|Parenteral Drugs (India) Ltd |Healthcare|Drugs - Generic
PDPL.NS|Parenteral Drugs (India) Ltd |Healthcare|Drugs - Generic
PARN|Parnell Pharmaceuticals Holdin |Healthcare|Drugs - Generic
PHAR.BR|Pharco SA |Healthcare|Drugs - Generic
PNO.V|PNO Resources Ltd |Healthcare|Drugs - Generic
PZ6.DE|POZEN Inc |Healthcare|Drugs - Generic
PBP.AX|Probiotec Ltd |Healthcare|Drugs - Generic
PV3A.DE|pSivida Corp |Healthcare|Drugs - Generic
PVA.AX|pSivida Corp |Healthcare|Drugs - Generic
PSDV|pSivida Corp. |Healthcare|Drugs - Generic
QRX.AX|QRxPharma Ltd |Healthcare|Drugs - Generic
QP.L|Quantum Pharma PLC |Healthcare|Drugs - Generic
RANBAXY.BO|Ranbaxy Laboratories Ltd |Healthcare|Drugs - Generic
RANBAXY.NS|Ranbaxy Laboratories Ltd |Healthcare|Drugs - Generic
RLMD|Relmada Therapeutics, Inc. |Healthcare|Drugs - Generic
RI2A.DE|Rigel Pharmaceuticals Inc |Healthcare|Drugs - Generic
RIGL|Rigel Pharmaceuticals, Inc. |Healthcare|Drugs - Generic
RPGLIFE.NS|RPG Life Sciences Ltd |Healthcare|Drugs - Generic
RPGLS.BO|RPG Life Sciences Ltd |Healthcare|Drugs - Generic
SGNT|Sagent Pharmaceuticals, Inc. |Healthcare|Drugs - Generic
SANDUPHQ.BO|Sandu Pharmaceuticals Ltd |Healthcare|Drugs - Generic
4119.TW|Sci Pharmtech Inc |Healthcare|Drugs - Generic
SPJ.DE|SciClone Pharmaceuticals Inc |Healthcare|Drugs - Generic
SIS.L|Science in Sport PLC |Healthcare|Drugs - Generic
SCYX|SCYNEXIS, Inc. |Healthcare|Drugs - Generic
SENBO.BO|Senbo Industries Ltd |Healthcare|Drugs - Generic
SHILPAMED.NS|Shilpa Medicare Ltd |Healthcare|Drugs - Generic
SHILPAMEDCA.BO|Shilpa Medicare Ltd |Healthcare|Drugs - Generic
0460.HK|Sihuan Pharmaceutical |Healthcare|Drugs - Generic
SMRUTHI.BO|Smruthi Organics Ltd |Healthcare|Drugs - Generic
BFF.DE|Sophiris Bio Inc |Healthcare|Drugs - Generic
SPHS|Sophiris Bio, Inc. |Healthcare|Drugs - Generic
INWINEX.BO|Source Natural Foods |Healthcare|Drugs - Generic
SAZ.DE|STADA Arzneimittel AG |Healthcare|Drugs - Generic
STDY|SteadyMed Ltd. |Healthcare|Drugs - Generic
STAR.NS|Strides Arcolab Ltd |Healthcare|Drugs - Generic
STRIDES.BO|Strides Arcolab Ltd |Healthcare|Drugs - Generic
R3A.DE|Sucampo Pharmaceuticals Inc |Healthcare|Drugs - Generic
DPM.DE|Sumitomo Dainippon Pharma Co. |Healthcare|Drugs - Generic
SUMM.L|Summit Corp PLC |Healthcare|Drugs - Generic
SPARC.NS|Sun Pharma Advanced |Healthcare|Drugs - Generic
SUNPHADV.BO|Sun Pharma Advanced |Healthcare|Drugs - Generic
SUNPHARMA.BO|Sun Pharmaceuticals Indus |Healthcare|Drugs - Generic
SUPN|Supernus Pharmaceuticals, Inc. |Healthcare|Drugs - Generic
SURYAP.BO|Surya Pharmaceutical Ltd |Healthcare|Drugs - Generic
SUVEN.BO|Suven Life Sciences Ltd |Healthcare|Drugs - Generic
SUVEN.NS|Suven Life Sciences Ltd |Healthcare|Drugs - Generic
TKD.DE|Takeda Pharmaceutical Co Ltd |Healthcare|Drugs - Generic
TRGM|Targeted Medical Pharma, Inc. |Healthcare|Drugs - Generic
TTPH|Tetraphase Pharmaceuticals, In |Healthcare|Drugs - Generic
TEV.DE|Teva Pharmaceutical |Healthcare|Drugs - Generic
ANQ.V|The Canadian Bioceutical Corp |Healthcare|Drugs - Generic
MDCO|The Medicines Company |Healthcare|Drugs - Generic
MZN.DE|The Medicines Company |Healthcare|Drugs - Generic
THEMIS.BO|Themis Medicare Ltd |Healthcare|Drugs - Generic
THEMISMED.NS|Themis Medicare Ltd |Healthcare|Drugs - Generic
T14.SI|Tianjin Zhongxin Pharmace |Healthcare|Drugs - Generic
60T.DE|Tianyin Pharmaceutical Co Inc |Healthcare|Drugs - Generic
TBET|Tibet Pharmaceuticals, Inc. |Healthcare|Drugs - Generic
TON.DE|Toho Holdings Co., Ltd. |Healthcare|Drugs - Generic
TRIMURTHI.BO|Trimurthi Drugs |Healthcare|Drugs - Generic
VRX.TO|Valeant Pharmaceuticals |Healthcare|Drugs - Generic
VNSN|Vansen Pharma Inc. |Healthcare|Drugs - Generic
VNSN|Vansen Pharma Inc. |Healthcare|Drugs - Generic
L8H.DE|Veloxis Pharmaceuticals AS |Healthcare|Drugs - Generic
VLG.L|Venture Life Group PLC |Healthcare|Drugs - Generic
VSAR|Versartis, Inc. |Healthcare|Drugs - Generic
VIKRAMTH.BO|Vikram Thermo (India) Ltd |Healthcare|Drugs - Generic
VISTAPH.BO|Vista Pharmaceuticals Ltd |Healthcare|Drugs - Generic
P7C.DE|Weifa ASA |Healthcare|Drugs - Generic
WUP.DE|Wuyi International |Healthcare|Drugs - Generic
ZTS|Zoetis Inc. |Healthcare|Drugs - Generic
