More Info|Industry: Business Services |Services|Business Services
MLATV.PA|A Toute Vitesse |Services|Business Services
ABM|ABM Industries Incorporated |Services|Business Services
ACTG|Acacia Research Corporation |Services|Business Services
AZG2.DE|Acacia Research Corporation |Services|Business Services
ACL.L|Acal PLC |Services|Business Services
ACCELSAB.MX|Accel SAB de CV |Services|Business Services
ACCENTECH.BO|Accentia Technologies Ltd |Services|Business Services
ADIRASA.BO|Adi RaSAyan Ltd |Services|Business Services
ASW.AX|Advanced Share Registry Ltd |Services|Business Services
AF-B.ST|AF AB |Services|Business Services
AGK.L|Aggreko PLC |Services|Business Services
AER.V|Aimia Inc |Services|Business Services
AIM.TO|Aimia Inc |Services|Business Services
GA7.DE|Aimia Inc |Services|Business Services
AKA.PA|Akka Technologies |Services|Business Services
ALME|Alamo Energy Corp. |Services|Business Services
EUROGLOD.BO|Alankit Ltd |Services|Business Services
LID.DE|Alliance Data Systems Corp |Services|Business Services
ADS|Alliance Data Systems Corporat |Services|Business Services
ALLSEC.BO|Allsec Technologies Ltd |Services|Business Services
ALLSEC.NS|Allsec Technologies Ltd |Services|Business Services
ALQ.AX|ALS Ltd |Services|Business Services
ASPS|Altisource Portfolio Solutions |Services|Business Services
AMI.DE|Amalphi AG |Services|Business Services
AMB.MI|Ambromobiliare SpA |Services|Business Services
AMIN|American International Industr |Services|Business Services
AXR|AMREP Corporation |Services|Business Services
2300.HK|AMVIG Holdings Ltd. |Services|Business Services
ASY.L|Andrews Sykes Group PLC |Services|Business Services
ANOS|Anoteros Inc. |Services|Business Services
ARC|ARC Document Solutions, Inc. |Services|Business Services
ASAE|ASAP Expo, Inc. |Services|Business Services
A5A.DE|Asknet AG |Services|Business Services
ASTO.L|AssetCo PLC |Services|Business Services
ASFI|Asta Funding Inc. |Services|Business Services
ATTO|Atento S.A. |Services|Business Services
6W2.DE|Atkins (WS) PLC |Services|Business Services
ATK.L|Atkins (WS) PLC |Services|Business Services
ATL.L|Atlantic Global PLC |Services|Business Services
ADP.DE|Automatic Data Processing |Services|Business Services
AUXO|Auxilio Inc. |Services|Business Services
HNCONTI.BO|Azure Exim Services Ltd |Services|Business Services
W8Z.DE|Basic Resources AG |Services|Business Services
BSTA|Basta Holdings, Corp. |Services|Business Services
B.MI|Bastogi SPA |Services|Business Services
MUK.DE|Bayerische Gewerbebau AG |Services|Business Services
BYW.DE|BayWa AG |Services|Business Services
BYW6.DE|BayWa AG |Services|Business Services
SQF.DE|Beautiful China Holdings |Services|Business Services
BEG.L|Begbies Traynor Group PLC |Services|Business Services
BLV.L|Belvoir Lettings PLC |Services|Business Services
DVSG.L|Berendsen PLC |Services|Business Services
BSGC|Bigstring Corp. |Services|Business Services
B4S.DE|Billing Services Group Ltd |Services|Business Services
BILL.L|Billing Services Group Ltd |Services|Business Services
BDMS|Birner Dental Management Servi |Services|Business Services
BKM.AX|BKM Management Ltd |Services|Business Services
BL7.DE|BKM Management Ltd |Services|Business Services
BSPE|Blacksands Petroleum, Inc. |Services|Business Services
B3C.SI|Blue Sky Power Holdings Ltd |Services|Business Services
A33.SI|Blumont Group Ltd |Services|Business Services
BNRUDY.BO|BNR Udyog Ltd |Services|Business Services
B10.SI|Boardroom Ltd |Services|Business Services
BONI|Bonamour, Inc. |Services|Business Services
BPOST.BR|Bpost SA de Droit Public |Services|Business Services
BMS.L|Braemar Shipping Services PLC |Services|Business Services
BRAHMANAN.BO|Brahmanand Himghar Ltd |Services|Business Services
BXB.AX|Brambles Ltd |Services|Business Services
R1H.DE|Brambles Ltd |Services|Business Services
BBL.AX|Brisbane Broncos Ltd |Services|Business Services
5B9.DE|Broadridge Financial Solutions |Services|Business Services
BCKE|Brooklyn Cheesecake & Desert C |Services|Business Services
4BV.DE|Bureau Veritas SA |Services|Business Services
BVI.PA|Bureau Veritas SA |Services|Business Services
BVINV.PA|Bureau Veritas SA |Services|Business Services
BND.PA|Business & Decision |Services|Business Services
CAB.AX|Cabcharge Australia Ltd |Services|Business Services
CAO.L|Camco Clean Energy PLC |Services|Business Services
CPI.L|Capita PLC |Services|Business Services
CTAA.DE|Capita PLC |Services|Business Services
CARBORUNI.NS|Carborundum Universal Ltd. |Services|Business Services
CARBORUNIV.BO|Carborundum Universal Ltd. |Services|Business Services
8066.HK|Cardlink Technology Group Ltd. |Services|Business Services
43C.DE|Cardtronics Inc |Services|Business Services
CATM|Cardtronics Inc. |Services|Business Services
CASS|Cass Information Systems, Inc. |Services|Business Services
CTP.L|Castleton Technology PLC |Services|Business Services
RD2B.DE|Castleton Technology PLC |Services|Business Services
XAE.DE|Catalis N.V. |Services|Business Services
CTRG.PA|Catering International |Services|Business Services
CBZ|CBIZ, Inc. |Services|Business Services
8235.HK|CCID Consulting Co., Ltd. |Services|Business Services
CDII|CD International Enterprises, |Services|Business Services
CVO|Cenveo Inc. |Services|Business Services
CEPS.L|CEPS PLC |Services|Business Services
CRP.TO|Ceres Global AG Corp |Services|Business Services
CERV.MI|Cerved Information Solns |Services|Business Services
CTR.L|Charles Taylor PLC |Services|Business Services
8321.HK|China Automotive Interior |Services|Business Services
8206.HK|China Communication |Services|Business Services
1900.HK|China ITS holdings |Services|Business Services
2330.HK|China Uptown Group Co., Ltd. |Services|Business Services
CXGP|China Xingbang Industry Group |Services|Business Services
9929.TW|Choice Development Inc |Services|Business Services
CTG.L|Christie Group PLC |Services|Business Services
CHUM|CHUMA HOLDINGS, INC. |Services|Business Services
CMPR|Cimpress N.V. |Services|Business Services
CIT.DE|Cintas Corp |Services|Business Services
CTAS|Cintas Corporation |Services|Business Services
CGL.AX|Citadel Group Ltd |Services|Business Services
HO5.DE|City e-Solutions Ltd |Services|Business Services
0557.HK|City e-Solutions Ltd. |Services|Business Services
CBDG|City Media, Inc. |Services|Business Services
5HJ.SI|Cityneon Holdings Ltd |Services|Business Services
CVEO|Civeo Corporation |Services|Business Services
CKN.L|Clarkson PLC |Services|Business Services
KJ9.SI|Cogent Holdings Ltd |Services|Business Services
CLH.AX|Collection House Ltd |Services|Business Services
MLCOL.PA|Collectors |Services|Business Services
CLCT|Collectors Universe Inc. |Services|Business Services
CDCO|Comdisco Holding Co. Inc. |Services|Business Services
0046.HK|Computer And Technologies |Services|Business Services
CSE.DE|comScore Inc |Services|Business Services
SCOR|comScore, Inc. |Services|Business Services
CHT.L|Constellation Healthcare |Services|Business Services
BAUH166.SA|Contax Participacoes SA |Services|Business Services
BAZA166.SA|Contax Participacoes SA |Services|Business Services
CONTROLPR.BO|Control Print Ltd |Services|Business Services
CVG|Convergys Corporation |Services|Business Services
CYJ.DE|Convergys Corporation |Services|Business Services
CQK.DE|CoreLogic, Inc. |Services|Business Services
PHARCOM.BO|Count N Denier (India) Ltd |Services|Business Services
4CV.DE|CPPGroup PLC |Services|Business Services
CPP.L|CPPGroup PLC |Services|Business Services
CPU2.DE|CPU Softwarehouse AG |Services|Business Services
CR2.DE|CRA International, Inc. |Services|Business Services
CCP.AX|Credit Corp Group Ltd |Services|Business Services
CSV.AX|CSG Ltd |Services|Business Services
SOFTPRO.BO|Cura Technologies Ltd |Services|Business Services
SOFTPRO.NS|Cura Technologies Ltd |Services|Business Services
CURXQ|Curaxis Pharmaceutical Corp |Services|Business Services
CBA.ST|CybAero AB |Services|Business Services
DNP.DE|Dai Nippon Printing Co Ltd |Services|Business Services
0544.HK|Daido Group Ltd. |Services|Business Services
DJRT|Dale Jarrett Racing Adventure |Services|Business Services
DCAC|Daniels Corporate Advisory Com |Services|Business Services
DCLT|DataCall Technologies, Inc. |Services|Business Services
DATAMATIC.NS|Datamatics Global Services Ltd |Services|Business Services
DATAMGLOB.BO|Datamatics Global Services Ltd |Services|Business Services
DL1C.DE|De La Rue PLC |Services|Business Services
DLAR.L|De La Rue PLC |Services|Business Services
DRSV|Debt Resolve, Inc. |Services|Business Services
DRSV|Debt Resolve, Inc. |Services|Business Services
DL8.DE|Deluxe Corp |Services|Business Services
DLX|Deluxe Corp. |Services|Business Services
ALDMO.PA|Demos SA |Services|Business Services
D2R.DE|Demos SA |Services|Business Services
DEVINE.BO|Devine Impex Ltd |Services|Business Services
ENTINT.BO|Diamond Infosystems Ltd |Services|Business Services
DGTW|DigitalTown, Inc. |Services|Business Services
DCOU|Discount Coupons Corporation |Services|Business Services
DCOU|Discount Coupons Corporation |Services|Business Services
DJSP|DJSP Enterprises, Inc. |Services|Business Services
AJ91.DE|DocCheck AG |Services|Business Services
DSS|Document Security Systems, Inc |Services|Business Services
D2F.DE|Dresdner Factoring AG |Services|Business Services
DRV.L|Driver Group PLC |Services|Business Services
DRS.L|DRS Data & Research Servs |Services|Business Services
DST.DE|DST Systems, Inc. |Services|Business Services
DB5.DE|Dun & Bradstreet Corp |Services|Business Services
DYANACON.BO|Dynacons Systems |Services|Business Services
DYNACONS.NS|Dynacons Systems |Services|Business Services
DYNA|Dynastar Holdings, Inc. |Services|Business Services
DYNA|Dynastar Holdings, Inc. |Services|Business Services
ETST|Earth Science Tech, Inc. |Services|Business Services
EPO.L|Earthport PLC |Services|Business Services
ESY.DE|Easy Software AG |Services|Business Services
ECF.DE|Ecommerce Alliance AG |Services|Business Services
EFT.V|Eft Canada Inc |Services|Business Services
A8Y.DE|Emerchants Ltd |Services|Business Services
AAO.AX|Emerchants Ltd |Services|Business Services
EML.AX|Emerchants Ltd |Services|Business Services
ENIP|Endeavor IP, Inc. |Services|Business Services
EN9.DE|EnerNOC Inc |Services|Business Services
ENOC|EnerNOC, Inc. |Services|Business Services
ENV|Envestnet, Inc. |Services|Business Services
ENV.V|Envestnet, Inc. |Services|Business Services
8182.HK|Enviro Energy Int'l |Services|Business Services
8086.HK|ePRO Ltd. |Services|Business Services
EFX.DE|Equifax Inc |Services|Business Services
ERU.L|Eruma PLC |Services|Business Services
LASEDOT.BO|Esha Media Research Ltd |Services|Business Services
MLERI.PA|Eurinnov |Services|Business Services
EURO.ST|Eurocon Consulting AB |Services|Business Services
EI.CO|Euroinvestor A/S |Services|Business Services
EEFT|Euronet Worldwide, Inc. |Services|Business Services
ALEVA.BR|Evadix SA |Services|Business Services
NRR.L|Eversheds LLP |Services|Business Services
EXCC|Excel Corp. |Services|Business Services
EXCC|Excel Corp. |Services|Business Services
EXCELINFO.BO|Excel Infoways Ltd |Services|Business Services
EXCELINFO.NS|Excel Infoways Ltd |Services|Business Services
EXLS|Exlservice Holdings, Inc. |Services|Business Services
EXPN.L|Experian PLC |Services|Business Services
J2B.DE|Experian PLC |Services|Business Services
EXTCO.BO|Extol Commercial Ltd |Services|Business Services
EZA.AX|EZA Corp Ltd |Services|Business Services
FA1.DE|FactSet Research Systems, Inc. |Services|Business Services
5607.TW|Farglory F T Z Investment |Services|Business Services
FFG.AX|Fatfish Internet Group Ltd |Services|Business Services
FM.MI|Fiera Milano SPA |Services|Business Services
8317.HK|Finet Group Ltd. |Services|Business Services
FGD.V|First Global Data Ltd |Services|Business Services
FSL.BO|Firstsource Solutions Ltd |Services|Business Services
FSL.NS|Firstsource Solutions Ltd |Services|Business Services
FIV.DE|Fiserv Inc |Services|Business Services
FISV|Fiserv, Inc. |Services|Business Services
FSJ.L|Fisher (James) & Sons PLC |Services|Business Services
FLT|FleetCor Technologies, Inc. |Services|Business Services
FRS.DE|Foris AG |Services|Business Services
FPH.DE|Francotyp-Postalia Holding AG |Services|Business Services
FLN.AX|Freelancer Ltd |Services|Business Services
FRONTBUSS.BO|Frontline Business |Services|Business Services
FSA.AX|FSA Group Ltd |Services|Business Services
FCQ.DE|FTI Consulting Inc |Services|Business Services
FLST|FuelStream, Inc. |Services|Business Services
FJI.DE|FUJIFILM Holdings Corp |Services|Business Services
GDL.BO|Gateway Distriparks Ltd |Services|Business Services
GDL.NS|Gateway Distriparks Ltd |Services|Business Services
GEGI|Genesis Electronics Group, Inc |Services|Business Services
G|Genpact Limited |Services|Business Services
35G.DE|Genpact Ltd |Services|Business Services
GFGU|GetFugu, Inc. |Services|Business Services
GFK.DE|GfK AG |Services|Business Services
GLO.PA|GL Events |Services|Business Services
G2C.DE|Global Cash Access |Services|Business Services
GLER|Global Earth Energy, Inc. |Services|Business Services
GMC.L|Global Market Group Ltd |Services|Business Services
GLO.DE|Global Payments Inc |Services|Business Services
GPN|Global Payments Inc. |Services|Business Services
GL3.DE|Global Sources Ltd |Services|Business Services
GSOL|Global Sources Ltd. |Services|Business Services
0530.HK|Goldin Financial Holdings Ltd. |Services|Business Services
PDC.L|Grafenia PLC |Services|Business Services
MLGAI.PA|Grande Armee Investissement |Services|Business Services
0141.HK|Great China Holdings Ltd. |Services|Business Services
GNPG|Green Planet Group, Inc. |Services|Business Services
GRPX|GreenPlex Services, Inc. |Services|Business Services
GRN.V|Greenscape Cap Group, Inc. |Services|Business Services
94G.DE|Guestlogix Inc |Services|Business Services
GXI.TO|Guestlogix Inc |Services|Business Services
GUNN.ST|Gunnebo AB |Services|Business Services
H1-B.ST|H1 Communication AB |Services|Business Services
HAIDE.AT|Haidemenos R Or |Services|Business Services
HRYNSHP.BO|Hariyana Ship Breakers Ltd |Services|Business Services
HCSG|Healthcare Services Group Inc. |Services|Business Services
H5I.DE|Heartland Payment Systems Inc |Services|Business Services
HPY|Heartland Payment Systems, Inc |Services|Business Services
7H1.DE|Higher One Holdings Inc |Services|Business Services
ONE|Higher One Holdings, Inc. |Services|Business Services
HLZ.DE|Hill International Inc |Services|Business Services
HIQ.ST|HiQ International AB |Services|Business Services
HMSY|HMS Holdings Corp. |Services|Business Services
DQX.DE|Hogg Robinson Group PLC |Services|Business Services
HRG.L|Hogg Robinson Group PLC |Services|Business Services
HOME-B.ST|HomeMaid AB |Services|Business Services
HSV.L|Homeserve PLC |Services|Business Services
XHSA.DE|Homeserve PLC |Services|Business Services
HOUM|Hotel Outsource Management Int |Services|Business Services
HOUM|Hotel Outsource Management Int |Services|Business Services
IBEX.L|IBEX Global Solutions PLC |Services|Business Services
ICRA.BO|ICRA Ltd |Services|Business Services
ICRA.NS|ICRA Ltd |Services|Business Services
IDL.PA|ID Logistics |Services|Business Services
IBPO.L|iEnergizer Ltd |Services|Business Services
INX.V|In-Touch Survey Systems Ltd |Services|Business Services
INDCTST.BO|Inducto Steel Ltd |Services|Business Services
IIE.DE|Ingenico Group SA |Services|Business Services
ING.PA|Ingenico Group SA |Services|Business Services
INGNV.PA|Ingenico Group SA |Services|Business Services
INWK|InnerWorkings Inc. |Services|Business Services
IPRU|Innovative Product Opportuniti |Services|Business Services
IPRU|Innovative Product Opportuniti |Services|Business Services
NSP|Insperity, Inc. |Services|Business Services
INSE.L|Inspired Energy PLC |Services|Business Services
ICTA-B.ST|Intellecta AB |Services|Business Services
II8.DE|InterCard AG |Services|Business Services
I9T.DE|Intermap Technologies Corp |Services|Business Services
IMP.TO|Intermap Technologies Corp |Services|Business Services
3IE1.DE|International Elite Ltd |Services|Business Services
ITNM|International Monetary Systems |Services|Business Services
PTNT|Internet Patents Corporation |Services|Business Services
I5S.DE|Interserve PLC |Services|Business Services
IRV.L|Interserve PLC |Services|Business Services
ITEC|Intertech Solutions , Inc. |Services|Business Services
IT1.DE|Intertek Group PLC |Services|Business Services
ITRK.L|Intertek Group PLC |Services|Business Services
IILG|Interval Leisure Group, Inc. |Services|Business Services
IJ.ST|Intrum Justitia AB |Services|Business Services
IJU.DE|Intrum Justitia AB |Services|Business Services
INVU|Investview, Inc. |Services|Business Services
IVF.V|Invictus Financial, Inc. |Services|Business Services
IPH.AX|IPH Ltd |Services|Business Services
IPP.L|IPPlus PLC |Services|Business Services
ICPW|Ironclad Performance Wear Corp |Services|Business Services
ISAT|ISA Internationale Inc. |Services|Business Services
ISG.L|ISG PLC |Services|Business Services
ITAB-B.ST|ITAB Shop Concept AB |Services|Business Services
ITE.L|ITE Group PLC |Services|Business Services
ITE.OL|Itera ASA |Services|Business Services
ITEX|ITEX Corp. |Services|Business Services
ALIVT.PA|IVALIS SA |Services|Business Services
JHY.DE|Jack Henry & Associates, Inc |Services|Business Services
JKSYNTH.BO|Jaykay Enterprises Ltd |Services|Business Services
0908.HK|Jiuzhou Development Co., Ltd. |Services|Business Services
JSG.L|Johnson Service Group PLC |Services|Business Services
JOX.DE|Jost AG |Services|Business Services
JNY.L|Journey Group PLC |Services|Business Services
KBL.TO|K-Bro Linen Inc |Services|Business Services
KTIL.NS|Kesar Terminals & Infra |Services|Business Services
KWS.L|Keywords Studios PLC |Services|Business Services
5MZ.SI|Kingsmen Creatives Ltd |Services|Business Services
KLSC|Kolasco Corp. |Services|Business Services
KSC.DE|Kps AG |Services|Business Services
DILVKAS.BO|Kratos Energy & Infra |Services|Business Services
LPS.V|Lender Processing Services, In |Services|Business Services
MLV4S.PA|Les Verandas 4 Saisons SA |Services|Business Services
L20.SI|LifeBrandz Ltd |Services|Business Services
LIOX|Lionbridge Technologies Inc. |Services|Business Services
LSC.L|London Security PLC |Services|Business Services
K90.DE|Loomis AB |Services|Business Services
LOOM-B.ST|Loomis AB |Services|Business Services
LYNMC.BO|Lynx Machinery & Comml |Services|Business Services
MGLT|Magnolia Solar Corporation |Services|Business Services
MMC.L|Management Consulting Grp |Services|Business Services
NZX.DE|Management Consulting Grp |Services|Business Services
MAN.PA|Manutan International |Services|Business Services
MARA|Marathon Patent Group, Inc. |Services|Business Services
MARA|Marathon Patent Group, Inc. |Services|Business Services
MRKT|Markit Ltd. |Services|Business Services
MMY.DE|Maximus Inc |Services|Business Services
MMS|MAXIMUS, Inc. |Services|Business Services
MCS.AX|McAleese Ltd |Services|Business Services
MHL.DE|McGraw Hill Financial Inc |Services|Business Services
MHP.MX|McGraw Hill Financial Inc |Services|Business Services
MHFI|McGraw Hill Financial, Inc. |Services|Business Services
MCSLTD.BO|MCS Ltd. |Services|Business Services
MER.L|Mears Group PLC |Services|Business Services
MM7.DE|Mears Group PLC |Services|Business Services
MUM.DE|Mensch und Maschine |Services|Business Services
MNZS.L|Menzies (John) PLC |Services|Business Services
ALMDG.PA|MGI Digital Graphic |Services|Business Services
ACZ.L|Mi-Pay Group PLC |Services|Business Services
MUN.PA|Micropole |Services|Business Services
MMTRS|Mills Music Trust |Services|Business Services
MRS.V|Mission Ready Services Inc |Services|Business Services
MTO.L|MITIE Group PLC |Services|Business Services
MZ4.DE|MITIE Group PLC |Services|Business Services
MJNE|MJ Holdings, Inc. |Services|Business Services
MLCGD|ML Capital Group, Inc. |Services|Business Services
MPAY|Mobetize Corp. |Services|Business Services
MBA.AX|Mobile Embrace Ltd |Services|Business Services
MBO.L|MobilityOne Ltd |Services|Business Services
MEPR.ST|Modern Ekonomi Sverige |Services|Business Services
MODERN.BO|Modern India Ltd |Services|Business Services
MOLG|MOL Global, Inc. |Services|Business Services
MOLDTEK.BO|Mold-Tek Technologies Ltd |Services|Business Services
DUT.DE|Moody's Corporation |Services|Business Services
MCO|Moody's Corporation |Services|Business Services
MRS.DE|Morningstar Inc |Services|Business Services
MBDE|Morris Business Development Co |Services|Business Services
MMK.DE|Moshi Moshi Hotline Inc. |Services|Business Services
MZS.DE|Mox Deals AG |Services|Business Services
M7IT.MI|MP7 Italia SpA |Services|Business Services
GCI.DE|MS Industrie AG |Services|Business Services
MSC-B.ST|MSC Konsult AB |Services|Business Services
3HM.DE|MSCI Inc |Services|Business Services
LABL|Multi-Color Corp. |Services|Business Services
BAUH441.SA|Multiplus SA |Services|Business Services
MUR.L|Murgitroyd Group PLC |Services|Business Services
MNL.DE|Mutuionline |Services|Business Services
MOL.MI|Mutuionline |Services|Business Services
MYRY|Myriad Interactive Media, Inc. |Services|Business Services
MYRY|Myriad Interactive Media, Inc. |Services|Business Services
NARS.L|Nationwide Accident |Services|Business Services
MZL.DE|Navigant Consulting Inc |Services|Business Services
NESCO.NS|Nesco Ltd |Services|Business Services
NEWSTDB1.BO|Nesco Ltd |Services|Business Services
UEPS|Net 1 Ueps Technologies Inc. |Services|Business Services
NEWS.AT|News Phone/R |Services|Business Services
NEWT|Newtek Business Services Corp. |Services|Business Services
MLNMA.PA|Nicolas Miguet |Services|Business Services
NITINFIRE.BO|Nitin Fire Protection |Services|Business Services
547.SI|Nobel Design Holdings Ltd |Services|Business Services
NC5.DE|NorCom Information Tech |Services|Business Services
NC5A.DE|NorCom Information Tech |Services|Business Services
NCON.L|Norcon PLC |Services|Business Services
NSH.L|Norish PLC |Services|Business Services
NOVU.ST|Novus Group International AB |Services|Business Services
DMN.AX|NuWorld Solutions Limited |Services|Business Services
NEGS|NX Global, Inc. |Services|Business Services
OMEX|Odyssey Marine Exploration Inc |Services|Business Services
OYM.DE|Odyssey Marine Exploration Inc |Services|Business Services
O3P.DE|Oesterreichische Post AG |Services|Business Services
OLDW|Oldwebsites.Com, Inc. |Services|Business Services
OT5.DE|On Track Innovations Ltd |Services|Business Services
ONC.AX|Oncard International Ltd |Services|Business Services
ONA.DE|Onvia Inc |Services|Business Services
ONVI|Onvia Inc. |Services|Business Services
LX7.DE|Optimal Payments PLC |Services|Business Services
NEO.L|Optimal Payments PLC |Services|Business Services
OPUS.ST|Opus Group AB |Services|Business Services
OBS.DE|Orbis AG |Services|Business Services
ORGS|Orgenesis Inc. |Services|Business Services
8325.HK|Oriental City Group |Services|Business Services
ESW.AX|OTOC Ltd |Services|Business Services
OFX.AX|Ozforex Group ltd |Services|Business Services
PAYD|Paid Inc. |Services|Business Services
PAYD|Paid Inc. |Services|Business Services
PBYA|Panther Biotechnology, Inc. |Services|Business Services
PYDS|Payment Data Systems Inc. |Services|Business Services
PAY.L|PayPoint PLC |Services|Business Services
PF4.DE|PDI Inc |Services|Business Services
PDII|PDI, Inc. |Services|Business Services
0632.HK|Pearl Oriental Innovation Ltd. |Services|Business Services
PRVW|Peer Review Mediation and Arbi |Services|Business Services
PCO|Pendrell Corporation |Services|Business Services
PPR.L|Pentagon Protection PLC |Services|Business Services
PEO.V|People Corp |Services|Business Services
PGOG|Perf Go Green Holdings, Inc. |Services|Business Services
0765.HK|Perfectech International |Services|Business Services
PFMT|Performant Financial Corporati |Services|Business Services
PFMT|Performant Financial Corporati |Services|Business Services
PEG.L|Petards Group PLC |Services|Business Services
EMH.DE|Pferdewetten.de AG |Services|Business Services
PFW1.DE|PFSweb Inc |Services|Business Services
PFSW|PFSweb Inc. |Services|Business Services
PGW.NZ|PGG Wrightson Ltd |Services|Business Services
PNX.L|Phoenix IT Group PLC |Services|Business Services
MLPHW.PA|Phone Web SA |Services|Business Services
PHSC.L|PHSC PLC |Services|Business Services
PJFB.DE|Pico Far East Holdings Ltd |Services|Business Services
0752.HK|Pico Far East Holdings Ltd. |Services|Business Services
PMP.AX|PMP Ltd |Services|Business Services
PLLX|Pollex, Inc. |Services|Business Services
PRAA|PRA Group, Inc. |Services|Business Services
PFYA.DE|PRGX Global Inc |Services|Business Services
PRGX|PRGX Global, Inc. |Services|Business Services
PSPW|Prime Sun Power Inc. |Services|Business Services
PRS.PA|Prismaflex International |Services|Business Services
PDA.DE|PRO DV Software AG |Services|Business Services
QUAD|Quad/Graphics, Inc. |Services|Business Services
RRD|R.R. Donnelley & Sons Company |Services|Business Services
RDTK|RadTek, Inc. |Services|Business Services
RANKLIN.BO|Ranklin Solutions Ltd |Services|Business Services
RANKLIN.NS|Ranklin Solutions Ltd |Services|Business Services
REC.AX|Recall Holdings Ltd |Services|Business Services
REDT.L|red24 PLC |Services|Business Services
KUT.V|Redishred Capital Corp |Services|Business Services
RED.L|Redstone PLC |Services|Business Services
RGS.L|Regenersis PLC |Services|Business Services
RGU.L|Regus PLC |Services|Business Services
RGV.DE|Regus PLC |Services|Business Services
REIS|Reis, Inc. |Services|Business Services
REJL-B.ST|Rejlers AB |Services|Business Services
RTO.L|Rentokil Initial PLC |Services|Business Services
RTO1.DE|Rentokil Initial PLC |Services|Business Services
RENT|Rentrak Corporation |Services|Business Services
REPRO.BO|Repro India Ltd |Services|Business Services
REPRO.NS|Repro India Ltd |Services|Business Services
RSSS|Research Solutions, Inc. |Services|Business Services
RDG.AX|Resource Development Group Ltd |Services|Business Services
11472247.L|Restore PLC |Services|Business Services
E7V.DE|Rexel SA |Services|Business Services
RXL.PA|Rexel SA |Services|Business Services
RXLNV.PA|Rexel SA |Services|Business Services
RCDO.L|Ricardo PLC |Services|Business Services
RBA.TO|Ritchie Bros Auctioneers Inc |Services|Business Services
RBA|Ritchie Bros. Auctioneers Inco |Services|Business Services
RMGN|RMG Networks Holding Corporati |Services|Business Services
ROB.AX|Robe Australia Limited |Services|Business Services
MLROC.PA|Roctool |Services|Business Services
ROKR|Rokwader Inc. |Services|Business Services
ROL|Rollins Inc. |Services|Business Services
RMLX|RoomLinX Inc. |Services|Business Services
RPS.L|RPS Group PLC |Services|Business Services
RPXC|RPX Corporation |Services|Business Services
4Q3.DE|RungePincockMinarco Ltd |Services|Business Services
RUL.AX|RungePincockMinarco Ltd |Services|Business Services
RWS.L|RWS Holdings PLC |Services|Business Services
RXP.AX|RXP Services Ltd |Services|Business Services
SKUMAR.BO|S Kumars Online Ltd |Services|Business Services
SAG.L|Sagentia Group PLC |Services|Business Services
SAI.AX|SAI Global Ltd |Services|Business Services
SLM.AX|Salmat Ltd |Services|Business Services
SBOK.ST|Scandbook Holding AB |Services|Business Services
SCRH|Scores Holding Co. Inc. |Services|Business Services
SFRX|Seafarer Exploration Corp. |Services|Business Services
SSRC|Sentisearch, Inc. |Services|Business Services
SEO.DE|Serco Group PLC |Services|Business Services
SRP.L|Serco Group PLC |Services|Business Services
ALSER.PA|Serma Technologies SA |Services|Business Services
SVTE|Service Team Inc. |Services|Business Services
SERV|ServiceMaster Global Holdings, |Services|Business Services
SRI.MI|Servizi Italia |Services|Business Services
SUVN.DE|SGS Ltd |Services|Business Services
0363.HK|Shanghai Industrial |Services|Business Services
8205.HK|Shanghai Jiaoda Withub |Services|Business Services
SVE.DE|Shareholder Value |Services|Business Services
SSTK|Shutterstock, Inc. |Services|Business Services
SVAD|Silverton Adventures, Inc. |Services|Business Services
SVAD|Silverton Adventures, Inc. |Services|Business Services
S08.SI|Singapore Post Ltd |Services|Business Services
SGR.DE|Singapore Post Ltd |Services|Business Services
0223.HK|Sino Resources Group Ltd. |Services|Business Services
0059.HK|Skyfame Realty holdings |Services|Business Services
SKPN|SkyShop Logistics, Inc. |Services|Business Services
SMS.L|Smart Metering Systems PLC |Services|Business Services
SIQ.AX|Smartgroup Corporation Ltd |Services|Business Services
SJ7.DE|Sodexo |Services|Business Services
SW.PA|Sodexo |Services|Business Services
YSF.MI|Soft Strategy |Services|Business Services
SF7.DE|Softronic AB |Services|Business Services
SOF-B.ST|Softronic AB |Services|Business Services
SDL.NZ|Solution Dynamics Ltd |Services|Business Services
OLV.PA|Solving Efeso International |Services|Business Services
SPANCO.BO|Spanco Telesystems & Solu |Services|Business Services
SGRP|Spar Group Inc. |Services|Business Services
SDY.L|Speedy Hire PLC |Services|Business Services
SPEX|Spherix Incorporated |Services|Business Services
SPI.L|Spice PLC |Services|Business Services
SPO.AX|Spotless Group Holdings Ltd |Services|Business Services
SPSINT.BO|SPS International Ltd |Services|Business Services
SIV.L|St Ives PLC |Services|Business Services
STN.TO|Stantec Inc |Services|Business Services
STN|Stantec Inc. |Services|Business Services
SRT|StarTek, Inc. |Services|Business Services
SOG.L|StatPro Group PLC |Services|Business Services
MLLEM.PA|Ste des Lecteurs du Monde SA |Services|Business Services
SVIK.ST|Studsvik AB |Services|Business Services
STY.L|Styles & Wood Group PLC |Services|Business Services
SUMERUIND.BO|Sumeru Industries Ltd |Services|Business Services
ROBINSON.BO|Sun and Shine Worldwide Ltd |Services|Business Services
8029.HK|Sun International |Services|Business Services
SSVE|SupportSave Solutions, Inc. |Services|Business Services
CSG.L|Sweett Group PLC |Services|Business Services
SUX.DE|Synnex Corp |Services|Business Services
SNX|SYNNEX Corp. |Services|Business Services
SCDV.PA|Sécuridev |Services|Business Services
TNG.L|Tangent Communications PLC |Services|Business Services
TISI|Team, Inc. |Services|Business Services
RCF.DE|Teleperformance |Services|Business Services
RCF.PA|Teleperformance |Services|Business Services
TH1.DE|TeleTech Holdings Inc |Services|Business Services
TTEC|TeleTech Holdings Inc. |Services|Business Services
ABCO|The Advisory Board Company |Services|Business Services
FC9.DE|The Corporate Executive |Services|Business Services
DIDG|The Digital Development Group |Services|Business Services
AWT.DE|The Hackett Group Inc |Services|Business Services
PCLN|The Priceline Group Inc. |Services|Business Services
THEP.PA|Thermador Groupe |Services|Business Services
TJH.DE|TIE Kinetix NV |Services|Business Services
TNC.V|TIO Networks Corp |Services|Business Services
0536.HK|Tradelink Elec Commerce |Services|Business Services
IV9.DE|Trainers' House OYJ |Services|Business Services
TSQ.DE|Trans Cosmos Inc |Services|Business Services
QED.AX|Transaction Solutions Int |Services|Business Services
TSN.AX|Transaction Solutions Int |Services|Business Services
8063.HK|Trasy Gold Ex Ltd. |Services|Business Services
0696.HK|TravelSky Technology Ltd. |Services|Business Services
TRB.L|Tribal Group PLC |Services|Business Services
TNET|TriNet Group, Inc. |Services|Business Services
QTI.AX|Trustees Australia Ltd |Services|Business Services
TAU.AX|Trustees Australia Ltd |Services|Business Services
TRYF|Trycera Financial, Inc. |Services|Business Services
TUNG.L|Tungsten Corp PLC |Services|Business Services
TUTIS.BO|Tutis Technologies Ltd |Services|Business Services
NEEMTEK.BO|United Interactive Ltd |Services|Business Services
UNG.L|Universe Group PLC |Services|Business Services
UTW.L|Utilitywise PLC |Services|Business Services
ABNB3.SA|Valid Solucoes eServicos |Services|Business Services
VLID3.SA|Valid Solucoes eServicos |Services|Business Services
VNTV|Vantiv, Inc. |Services|Business Services
VEC|Vectrus, Inc. |Services|Business Services
VA7A.DE|Verisk Analytics Inc |Services|Business Services
VRSK|Verisk Analytics, Inc. |Services|Business Services
DIL1.DE|Viad Corp |Services|Business Services
VVI|Viad Corp |Services|Business Services
BRU.L|Vianet Group PLC |Services|Business Services
VGREF|VIASPACE Green Energy Inc. |Services|Business Services
V01.SI|Vicom Ltd |Services|Business Services
PMSG.MI|Visibilia Editore SpA |Services|Business Services
VIVIMEDLA.NS|Vivimed Labs Ltd |Services|Business Services
VIVIMEDLABS.BO|Vivimed Labs Ltd |Services|Business Services
VOIS|VOIS, Inc. |Services|Business Services
VRNG|Vringo, Inc. |Services|Business Services
WAN.V|Wanted Technologies Corp |Services|Business Services
WATR.L|Water Intelligence PLC |Services|Business Services
WLL.AX|Wellcom Group Ltd |Services|Business Services
WELINV.NS|Welspun Investments |Services|Business Services
WL9.DE|WEX Inc |Services|Business Services
WEX|WEX Inc. |Services|Business Services
WDI.DE|Wirecard AG |Services|Business Services
WMC.MI|WM Capital Spa. |Services|Business Services
W9N.DE|WNS (Holdings) Ltd |Services|Business Services
WNS|WNS (Holdings) Ltd. |Services|Business Services
WLN.PA|Worldline SA |Services|Business Services
WYG.L|WYG PLC |Services|Business Services
HOV.DE|Xchanging PLC |Services|Business Services
XCH.L|Xchanging PLC |Services|Business Services
I04.SI|Xpress Holdings Ltd |Services|Business Services
IOT.DE|Xpress Holdings Ltd |Services|Business Services
XREG|XR Energy, Inc. |Services|Business Services
XREG|XR Energy, Inc. |Services|Business Services
YOO.V|Yangaroo, Inc. |Services|Business Services
YASHMGM.BO|Yash Management |Services|Business Services
YOU.L|YouGov PLC |Services|Business Services
ZAO.V|Zaio Corporation |Services|Business Services
ZPCM|Zap.com Corp. |Services|Business Services
ZVTK|Zevotek, Inc. |Services|Business Services
ZVTK|Zevotek, Inc. |Services|Business Services
2379.HK|Zhongtian International Ltd. |Services|Business Services
FKE.DE|4Licensing Corp |Services|Business Services
SIXD|6D Global Technologies, Inc. |Services|Business Services
ISV.TO|Information Services Corp |Services|Business Services
INFORTEC.BO|Informed Technologies |Services|Business Services
