More Info|Industry: Discount, Variety Stores |Services|Discount, Variety Stores
ALCSQ|ALCO Stores, Inc. |Services|Discount, Variety Stores
ALCSQ|ALCO Stores, Inc. |Services|Discount, Variety Stores
BME.L|B&M European Value Retail SA |Services|Discount, Variety Stores
4B3.DE|Big Lots Inc |Services|Discount, Variety Stores
BIG|Big Lots Inc. |Services|Discount, Variety Stores
BURL|Burlington Stores, Inc. |Services|Discount, Variety Stores
4FQ.DE|Controladora Comercial |Services|Discount, Variety Stores
COMERCIUBC.MX|Controladora Comercial |Services|Discount, Variety Stores
COST.MX|Costco Wholesale Corp |Services|Discount, Variety Stores
CTO.DE|Costco Wholesale Corp |Services|Discount, Variety Stores
COST|Costco Wholesale Corporation |Services|Discount, Variety Stores
7DG.DE|Dollar General Corp |Services|Discount, Variety Stores
DG|Dollar General Corporation |Services|Discount, Variety Stores
DT3.DE|Dollar Tree Stores Inc |Services|Discount, Variety Stores
DLTR|Dollar Tree, Inc. |Services|Discount, Variety Stores
DOL.TO|Dollarama Inc |Services|Discount, Variety Stores
DR3.DE|Dollarama Inc |Services|Discount, Variety Stores
QJE.DE|Don Quijote Holdings Co.,Ltd |Services|Discount, Variety Stores
FAY.DE|Family Dollar Stores Inc |Services|Discount, Variety Stores
FDO|Family Dollar Stores Inc. |Services|Discount, Variety Stores
FRIA.DE|Fred's Inc |Services|Discount, Variety Stores
FRED|Fred's, Inc. |Services|Discount, Variety Stores
GIGANTE.MX|Grupo Gigante SAB de CV |Services|Discount, Variety Stores
HBH3.DE|Hornbach Holding AG |Services|Discount, Variety Stores
LAW.DE|Lawson Inc |Services|Discount, Variety Stores
PLND.L|Poundland Group PLC |Services|Discount, Variety Stores
PSMT|PriceSmart Inc. |Services|Discount, Variety Stores
TRS.AX|Reject Shop Ltd |Services|Discount, Variety Stores
DYH.DE|Target Corp |Services|Discount, Variety Stores
TGT.MX|Target Corp |Services|Discount, Variety Stores
TGT|Target Corp. |Services|Discount, Variety Stores
TDM.DE|Tuesday Morning Corp |Services|Discount, Variety Stores
TUES|Tuesday Morning Corporation |Services|Discount, Variety Stores
4GN.DE|Wal - Mart de Mexico SAB de CV |Services|Discount, Variety Stores
WALMEXV.MX|Wal - Mart de Mexico SAB de CV |Services|Discount, Variety Stores
WALM34.SA|Wal-Mart Stores Inc |Services|Discount, Variety Stores
WMT.BA|Wal-Mart Stores Inc |Services|Discount, Variety Stores
WMT.DE|Wal-Mart Stores Inc |Services|Discount, Variety Stores
WMT.MX|Wal-Mart Stores Inc |Services|Discount, Variety Stores
WMT|Wal-Mart Stores Inc. |Services|Discount, Variety Stores
ZU|zulily, Inc. |Services|Discount, Variety Stores
