More Info|Industry: Entertainment - Diversified |Services|Entertainment - Diversified
ACEINDI.BO|Ace Edutrend Ltd |Services|Entertainment - Diversified
CLS.L|Aeorema Communications PLC |Services|Entertainment - Diversified
CBW.DE|Alibaba Pictures Group Ltd |Services|Entertainment - Diversified
S91.SI|Alibaba Pictures Group Ltd |Services|Entertainment - Diversified
AHD.AX|Amalgamated Holdings Ltd |Services|Entertainment - Diversified
AQH.DE|Amalgamated Holdings Ltd |Services|Entertainment - Diversified
0959.HK|Amax Holdings Ltd. |Services|Entertainment - Diversified
AMCX|AMC Networks Inc. |Services|Entertainment - Diversified
APN.AX|APN News and Media Ltd |Services|Entertainment - Diversified
APN.NZ|APN News and Media Ltd |Services|Entertainment - Diversified
YT2A.DE|Atresmedia Corporacion |Services|Entertainment - Diversified
AVE.AT|Audiovisual/R |Services|Entertainment - Diversified
AVS.L|Avesco Group PLC |Services|Entertainment - Diversified
AX8.DE|Avex Group Holdings Inc. |Services|Entertainment - Diversified
BAGFILMED.BO|B A G Films & Media Ltd |Services|Entertainment - Diversified
BAGFILMS.NS|B A G Films & Media Ltd |Services|Entertainment - Diversified
BABA.BO|Baba Arts Ltd |Services|Entertainment - Diversified
BST.PA|Bac Majestic |Services|Entertainment - Diversified
BALAJITEL.NS|Balaji Telefilms Ltd |Services|Entertainment - Diversified
BALAJITELE.BO|Balaji Telefilms Ltd |Services|Entertainment - Diversified
BLDZ|Ballroom Dance Fitness, Inc. |Services|Entertainment - Diversified
BBTH|bBooth, Inc. |Services|Entertainment - Diversified
B5S.DE|Berliner Synchron AG |Services|Entertainment - Diversified
BYI.AX|Beyond International Ltd |Services|Entertainment - Diversified
BFS.V|BFS Enter & Multimedia |Services|Entertainment - Diversified
BGIL.BO|BGIL Films & Technologies Ltd |Services|Entertainment - Diversified
BIG.AX|Big Un Ltd |Services|Entertainment - Diversified
8220.HK|Bingo Group Holdings Ltd. |Services|Entertainment - Diversified
BMBMUMG.BO|BMB Music & Magnetics Ltd |Services|Entertainment - Diversified
WHITELIO.BO|Bombay Talkies Ltd |Services|Entertainment - Diversified
BONA|Bona Film Group Limited |Services|Entertainment - Diversified
BOOM.L|Boomerang Plus PLC |Services|Entertainment - Diversified
CMX.L|Catalyst Media Group PLC |Services|Entertainment - Diversified
C5S.DE|CBS Corp |Services|Entertainment - Diversified
C5S1.DE|CBS Corp |Services|Entertainment - Diversified
CBS|CBS Corporation |Services|Entertainment - Diversified
COMDI.BO|CDI International Ltd |Services|Entertainment - Diversified
8078.HK|China 3D Digital |Services|Entertainment - Diversified
0326.HK|China Star Entertainment Ltd. |Services|Entertainment - Diversified
1060.HK|China Vision Media Group Ltd. |Services|Entertainment - Diversified
CIDM|Cinedigm Corp. |Services|Entertainment - Diversified
ZZA.DE|Cinemark Holdings Inc |Services|Entertainment - Diversified
CGX.TO|Cineplex Inc |Services|Entertainment - Diversified
CINERAD.BO|Cinerad Communications Ltd |Services|Entertainment - Diversified
CINEVIST.BO|Cinevista Ltd |Services|Entertainment - Diversified
CINEVISTA.NS|Cinevista Ltd |Services|Entertainment - Diversified
CLTV.DE|Clear TV Ltd |Services|Entertainment - Diversified
CMCSA|Comcast Corporation |Services|Entertainment - Diversified
CJR-B.TO|Corus Entertainment Inc |Services|Entertainment - Diversified
CREATIVE.BO|Creative Eye Ltd |Services|Entertainment - Diversified
CREATIVEY.NS|Creative Eye Ltd |Services|Entertainment - Diversified
CRESTANI.BO|Crest Animation Studios Ltd |Services|Entertainment - Diversified
EVD.DE|CTS Eventim AG & Co. KGaA |Services|Entertainment - Diversified
0343.HK|Culturecom Holdings Ltd. |Services|Entertainment - Diversified
DCD.L|DCD Media PLC |Services|Entertainment - Diversified
DENG|Delta Entertainment Group, Inc |Services|Entertainment - Diversified
DENG|Delta Entertainment Group, Inc |Services|Entertainment - Diversified
ERMK.DE|Deutsche Entertainment AG |Services|Entertainment - Diversified
DIALF|Dial Global, Inc. |Services|Entertainment - Diversified
DIALF|Dial Global, Inc. |Services|Entertainment - Diversified
DDMGQ|Digital Domain Media Group, In |Services|Entertainment - Diversified
DDMGQ|Digital Domain Media Group, In |Services|Entertainment - Diversified
DC6.DE|Discovery Communications Inc |Services|Entertainment - Diversified
DC6C.DE|Discovery Communications Inc |Services|Entertainment - Diversified
FUO.DE|Dolby Laboratories Inc |Services|Entertainment - Diversified
DQE.L|DQ Entertainment PLC |Services|Entertainment - Diversified
FKP.DE|Dreamworks Animation SKG Inc |Services|Entertainment - Diversified
TGFMEDI.BO|Eduexel Infotainment Ltd |Services|Entertainment - Diversified
EMPM|Empire Post Media, Inc. |Services|Entertainment - Diversified
BMQ.DE|Enerxy AG |Services|Entertainment - Diversified
ETO.L|Entertainment One Ltd |Services|Entertainment - Diversified
EROSMEDIA.NS|Eros International Media Ltd |Services|Entertainment - Diversified
0571.HK|eSun Holdings Ltd. |Services|Entertainment - Diversified
EMAN.L|Everyman Media Group PLC |Services|Entertainment - Diversified
EOMN|Eye On Media Network, Inc. |Services|Entertainment - Diversified
FASTRAENT.BO|Fast Track Entertainment Ltd |Services|Entertainment - Diversified
FILME.BO|Filmcity Media Ltd |Services|Entertainment - Diversified
3GF.DE|Fimalac |Services|Entertainment - Diversified
FIM.PA|Fimalac |Services|Entertainment - Diversified
FORE-B.ST|Forestlight Entertainment |Services|Entertainment - Diversified
FTN.DE|FUJI Media Holdings Inc. |Services|Entertainment - Diversified
GAM.PA|Gaumont |Services|Entertainment - Diversified
ENT|Global Eagle Entertainment Inc |Services|Entertainment - Diversified
GLHV|Global Health Voyager, Inc. |Services|Entertainment - Diversified
GMEC|Great China Mania Holdings, In |Services|Entertainment - Diversified
42KU.L|Grupo Clarin SA |Services|Entertainment - Diversified
GCLA.BA|Grupo Clarin SA |Services|Entertainment - Diversified
0630.HK|Guojin Resources Holdings Ltd. |Services|Entertainment - Diversified
GVFILM.BO|GV Films Ltd |Services|Entertainment - Diversified
WOOYANG.BO|High Ground Enterprise Ltd. |Services|Entertainment - Diversified
HLG.DE|Highlight Communications AG |Services|Entertainment - Diversified
9943.TW|Holiday Entertainment Co Ltd |Services|Entertainment - Diversified
XHN1.DE|Hong Kong Television |Services|Entertainment - Diversified
XHNA.DE|Hong Kong Television |Services|Entertainment - Diversified
IB5A.DE|i-CABLE Communications Ltd |Services|Entertainment - Diversified
0585.HK|Imagi International |Services|Entertainment - Diversified
BOI5.DE|Imagi International Holdi |Services|Entertainment - Diversified
MLIML.PA|Imalliance SA |Services|Entertainment - Diversified
IMA.DE|Imax Corp |Services|Entertainment - Diversified
IMX.TO|Imax Corp |Services|Entertainment - Diversified
IMAX|IMAX Corporation |Services|Entertainment - Diversified
INHOUPROD.BO|In House Productions Ltd |Services|Entertainment - Diversified
INOXLEISU.NS|Inox Leisure Ltd |Services|Entertainment - Diversified
INOXLEISUR.BO|Inox Leisure Ltd |Services|Entertainment - Diversified
1009.HK|International |Services|Entertainment - Diversified
IDC.TO|International Datacasting Corp |Services|Entertainment - Diversified
ITN.DE|Intertainment AG |Services|Entertainment - Diversified
INTERDIGI.BO|Interworld Digital Ltd |Services|Entertainment - Diversified
CHANNELG.BO|Iris Mediaworks Ltd |Services|Entertainment - Diversified
JMDTELEFILM.BO|JMD Telefilms Industries Ltd |Services|Entertainment - Diversified
KIN.BR|Kinepolis Group |Services|Entertainment - Diversified
KHYATI.BO|KMEL |Services|Entertainment - Diversified
KOFFBREAK.BO|Koffee Break Pictures Ltd |Services|Entertainment - Diversified
KSERA.BO|KSS Ltd |Services|Entertainment - Diversified
KUTV|Ku6 Media Co., Ltd. |Services|Entertainment - Diversified
LMCA|Liberty Capital Group |Services|Entertainment - Diversified
LB3A.DE|Liberty Interactive Corp |Services|Entertainment - Diversified
LGN.DE|Lions Gate Entertainment Corp |Services|Entertainment - Diversified
3LN.DE|Live Nation Entertainment Inc |Services|Entertainment - Diversified
LYV|Live Nation Entertainment, Inc |Services|Entertainment - Diversified
LMG.MI|Lucisano Media Group SpA |Services|Entertainment - Diversified
MU4.DE|m4e AG |Services|Entertainment - Diversified
MJG1.DE|Major Cineplex Group PLC |Services|Entertainment - Diversified
MUBL.L|MBL Group PLC |Services|Entertainment - Diversified
MEDIAMAT.BO|Media Matrix Worldwide Ltd |Services|Entertainment - Diversified
MCH.MI|Mediacontech |Services|Entertainment - Diversified
MEDIAONE.BO|Mediaone Global Entertain |Services|Entertainment - Diversified
MDNT|Medient Studios, Inc. |Services|Entertainment - Diversified
MEGACPO.MX|Megacable Holdings SAB de CV |Services|Entertainment - Diversified
0391.HK|Mei Ah Entertainment |Services|Entertainment - Diversified
0200.HK|Melco Int'l Develop |Services|Entertainment - Diversified
MERL.L|Merlin Entertainments PLC |Services|Entertainment - Diversified
2358.HK|Mitsumaru East Kit holdings |Services|Entertainment - Diversified
MME.DE|MME Moviement AG |Services|Entertainment - Diversified
MTV.MI|Mondo Tv |Services|Entertainment - Diversified
MTF.MI|Mondo TV France SA |Services|Entertainment - Diversified
MTV.L|Motive Television PLC |Services|Entertainment - Diversified
MHE.MI|Moviemax Media Group SpA |Services|Entertainment - Diversified
MOVINGPI.BO|Moving Picture Co (India) Ltd |Services|Entertainment - Diversified
MUKTAARTS.BO|Mukta Arts Ltd |Services|Entertainment - Diversified
MUKTAARTS.NS|Mukta Arts Ltd |Services|Entertainment - Diversified
GREV.PA|Musée Grévin |Services|Entertainment - Diversified
SO7.DE|Nan Hai Corp Ltd |Services|Entertainment - Diversified
8228.HK|National Arts Holdings Ltd. |Services|Entertainment - Diversified
8167.HK|Neo Telemedia Ltd. |Services|Entertainment - Diversified
NGHT|Night Culture, Inc. |Services|Entertainment - Diversified
ODE.DE|Odeon Film AG |Services|Entertainment - Diversified
HBD1.DE|Omiris AG |Services|Entertainment - Diversified
OMT.V|OMT Inc. |Services|Entertainment - Diversified
OMIP.L|One Media iP Group PLC |Services|Entertainment - Diversified
1132.HK|Orange Sky Golden Harvest |Services|Entertainment - Diversified
PADMATELE.BO|Padmalaya Telefilms Ltd |Services|Entertainment - Diversified
8173.HK|Pan Asia Mining Ltd. |Services|Entertainment - Diversified
PDXE.ST|Paradox Entertainment AB |Services|Entertainment - Diversified
PENTAGRAPH.BO|Pentamedia Graphics Ltd |Services|Entertainment - Diversified
PKP.L|Photon Kathaas Productions Ltd |Services|Entertainment - Diversified
TEEN.BO|Picturehouse Media Ltd |Services|Entertainment - Diversified
PWS.L|Pinewood Shepperton PLC |Services|Entertainment - Diversified
PFOCUS.BO|Prime Focus Ltd |Services|Entertainment - Diversified
PNC.BO|Pritish Nandy Comms |Services|Entertainment - Diversified
PNC.NS|Pritish Nandy Comms |Services|Entertainment - Diversified
PZ4.DE|Promotora |Services|Entertainment - Diversified
PRISY|Promotora de Informaciones, S. |Services|Entertainment - Diversified
PVR.BO|PVR Ltd |Services|Entertainment - Diversified
PVR.NS|PVR Ltd |Services|Entertainment - Diversified
2366.HK|Qin Jia Yuan Media |Services|Entertainment - Diversified
RADAAN.NS|Radaan Mediaworks India Ltd |Services|Entertainment - Diversified
RADAANMED.BO|Radaan Mediaworks India Ltd |Services|Entertainment - Diversified
RWAY.MI|Rai Way SpA |Services|Entertainment - Diversified
RNK.V|Rainmaker Entertainment Inc |Services|Entertainment - Diversified
REDG|Red Giant Entertainment, Inc. |Services|Entertainment - Diversified
REDG|Red Giant Entertainment, Inc. |Services|Entertainment - Diversified
RETA.DE|Regal Entertainment Group |Services|Entertainment - Diversified
RWMI|RegalWorks Media, Inc. |Services|Entertainment - Diversified
SAHARA.BO|Sahara One Media |Services|Entertainment - Diversified
SANGUI.BO|Sanguine Media Ltd |Services|Entertainment - Diversified
SAREGAMA.BO|Saregama India Ltd |Services|Entertainment - Diversified
SAREGAMA.NS|Saregama India Ltd |Services|Entertainment - Diversified
0491.HK|See Corporation Ltd. |Services|Entertainment - Diversified
SMN1.DE|SENATOR Entertainment AG |Services|Entertainment - Diversified
SMNK.DE|SENATOR Entertainment AG |Services|Entertainment - Diversified
SWM.AX|Seven West Media Ltd |Services|Entertainment - Diversified
WAN.AX|Seven West Media Ltd |Services|Entertainment - Diversified
SHALPRO.BO|Shalimar Productions Ltd |Services|Entertainment - Diversified
1105.HK|Sing Tao News Corporation Ltd. |Services|Entertainment - Diversified
0198.HK|SMI Corporation Ltd. |Services|Entertainment - Diversified
QP2.DE|SMI Culture Group Holdings Ltd |Services|Entertainment - Diversified
VID.V|SoMedia Networks Inc |Services|Entertainment - Diversified
SAENTER.BO|South Asian Enterprises Ltd |Services|Entertainment - Diversified
SXL.AX|Southern Cross Media Group Ltd |Services|Entertainment - Diversified
SOWBHAGYA.BO|Sowbhagya Media Ltd |Services|Entertainment - Diversified
SPM.DE|splendid medien AG |Services|Entertainment - Diversified
STFK|Starflick.com Incorporated |Services|Entertainment - Diversified
SSET|Starstream Entertainment, Inc. |Services|Entertainment - Diversified
SSET|Starstream Entertainment, Inc. |Services|Entertainment - Diversified
STRZA|Starz |Services|Entertainment - Diversified
SED.V|Sun Entertainment Holding Corp |Services|Entertainment - Diversified
SUNGOLD.BO|Sungold Capital Ltd |Services|Entertainment - Diversified
TTV.L|Talent Group PLC |Services|Entertainment - Diversified
TFGA.DE|Tangibal Group PLC |Services|Entertainment - Diversified
1070.HK|TCL Multimedia Tech. |Services|Entertainment - Diversified
TCH.PA|Technicolor |Services|Entertainment - Diversified
TNM1.DE|Technicolor |Services|Entertainment - Diversified
TAL.L|Ten Alps PLC |Services|Entertainment - Diversified
MSG|The Madison Square Garden Comp |Services|Entertainment - Diversified
MCS|The Marcus Corporation |Services|Entertainment - Diversified
DIS|The Walt Disney Company |Services|Entertainment - Diversified
TWX.MX|Time Warner Inc |Services|Entertainment - Diversified
TWXB34.SA|Time Warner Inc |Services|Entertainment - Diversified
TWX|Time Warner Inc. |Services|Entertainment - Diversified
TIPS.BO|TIPS Industries Ltd |Services|Entertainment - Diversified
TIPSINDLT.NS|TIPS Industries Ltd |Services|Entertainment - Diversified
ERO1.DE|tmc Content Group AG |Services|Entertainment - Diversified
TOE.DE|Toei Company Ltd. |Services|Entertainment - Diversified
TOH.DE|Toho Co Ltd |Services|Entertainment - Diversified
2383.HK|TOM Group Ltd. |Services|Entertainment - Diversified
FOX.AX|Twenty-First Century Fox Inc |Services|Entertainment - Diversified
NXW2.DE|Twenty-First Century Fox Inc |Services|Entertainment - Diversified
NXWA.DE|Twenty-First Century Fox Inc |Services|Entertainment - Diversified
NXWB.DE|Twenty-First Century Fox Inc |Services|Entertainment - Diversified
FOXA|Twenty-First Century Fox, Inc. |Services|Entertainment - Diversified
UNISTRMU.BO|Unistar Multimedia Ltd |Services|Entertainment - Diversified
UNIVARTS.BO|Universal Arts Ltd |Services|Entertainment - Diversified
TFGB.DE|Universal Outdoor Group PLC |Services|Entertainment - Diversified
1046.HK|Universe International |Services|Entertainment - Diversified
VCX.DE|Viacom Inc |Services|Entertainment - Diversified
VCXA.DE|Viacom Inc |Services|Entertainment - Diversified
VIAB|Viacom, Inc. |Services|Entertainment - Diversified
VRL.AX|Village Roadshow Ltd |Services|Entertainment - Diversified
VISION.BO|Vision Cinemas Ltd |Services|Entertainment - Diversified
VISIONCO.BO|Vision Corp Ltd |Services|Entertainment - Diversified
VIS.L|Vitesse Media PLC |Services|Entertainment - Diversified
VON.DE|Vocento SA |Services|Entertainment - Diversified
DIS.MX|Walt Disney Co |Services|Entertainment - Diversified
DISB34.SA|Walt Disney Co |Services|Entertainment - Diversified
DISN.BA|Walt Disney Co |Services|Entertainment - Diversified
WDP.DE|Walt Disney Co |Services|Entertainment - Diversified
WIZD|Wizard World, Inc. |Services|Entertainment - Diversified
WWE|World Wrestling Entertainment |Services|Entertainment - Diversified
XIL.PA|Xilam Animation |Services|Entertainment - Diversified
MAGIS.PA|Ymagis |Services|Entertainment - Diversified
RTV.DE|Your Family Entertainment AG |Services|Entertainment - Diversified
8130.HK|Zhi Cheng Holdings Ltd |Services|Entertainment - Diversified
ZUM.V|ZoomerMedia Ltd |Services|Entertainment - Diversified
2ENT.ST|2E Group AB |Services|Entertainment - Diversified
