More Info|Industry: Food Wholesale |Services|Food Wholesale
DIT|AMCON Distributing Co. |Services|Food Wholesale
AKG.DE|Andersons Inc |Services|Food Wholesale
ANIKINDS.BO|Anik Industries Ltd |Services|Food Wholesale
ANIKINDS.NS|Anik Industries Ltd |Services|Food Wholesale
A23.SI|Auric Pacific Group Ltd |Services|Food Wholesale
RLA.AX|Australian Agricultural |Services|Food Wholesale
AXFO.ST|Axfood AB |Services|Food Wholesale
BAKKA.OL|Bakkafrost P/F |Services|Food Wholesale
BGEM|Blue Gem Enterprise |Services|Food Wholesale
BOK.L|Booker Group PLC |Services|Food Wholesale
BNZL.L|Bunzl PLC |Services|Food Wholesale
BUZ1.DE|Bunzl PLC |Services|Food Wholesale
T16.SI|China Dairy Group Ltd |Services|Food Wholesale
HPG1.DE|China Energy Development |Services|Food Wholesale
C7S.DE|Clean Seas Tuna Ltd |Services|Food Wholesale
CSS.AX|Clean Seas Tuna Ltd |Services|Food Wholesale
GCL.TO|Colabor Group Inc |Services|Food Wholesale
CCGN|Consumer Capital Group Inc. |Services|Food Wholesale
CFG.NZ|Cooks Global Foods Ltd |Services|Food Wholesale
CORE|Core-Mark Holding Company, Inc |Services|Food Wholesale
CSUA.DE|Csm |Services|Food Wholesale
DOQ.DE|DO & Co AG |Services|Food Wholesale
DOM-UN.TO|Dominion Citrus Income |Services|Food Wholesale
BKCT|DTS8 Coffee Company, Ltd. |Services|Food Wholesale
ELGEK.AT|Elgeka SA |Services|Food Wholesale
EVROF.AT|Evrofarma |Services|Food Wholesale
FKL.L|Falkland Islands Holdings PLC |Services|Food Wholesale
MLFDV.PA|FD SA |Services|Food Wholesale
FNTS.PA|Finatis |Services|Food Wholesale
FCG.NZ|Fonterra Co-operative Gro |Services|Food Wholesale
FOU.BR|Fountain SA |Services|Food Wholesale
0374.HK|Four Seas Mercantile |Services|Food Wholesale
FRSHTRP.BO|Freshtrop Fruits Ltd |Services|Food Wholesale
FFY.L|Fyffes PLC |Services|Food Wholesale
0677.HK|Golden Resources |Services|Food Wholesale
HF1.DE|Hain Celestial Group Inc |Services|Food Wholesale
SNAX|Healthient, Inc. |Services|Food Wholesale
0197.HK|Heng Tai Consumables |Services|Food Wholesale
ALHER.PA|Heracles SA |Services|Food Wholesale
HERITGFOO.NS|Heritage Foods Ltd |Services|Food Wholesale
HERITGFOOD.BO|Heritage Foods Ltd |Services|Food Wholesale
0060.HK|Hong Kong Food Investment |Services|Food Wholesale
IVFH|Innovative Food Holdings, Inc. |Services|Food Wholesale
IVFH|Innovative Food Holdings, Inc. |Services|Food Wholesale
IVS.MI|IVS Group SA |Services|Food Wholesale
JEM.DE|Jeronimo Martins SGPS SA |Services|Food Wholesale
K03.SI|Khong Guan Flour Milling Ltd |Services|Food Wholesale
KREKA.AT|Kreka |Services|Food Wholesale
LIBE|Liberated Energy, Inc. |Services|Food Wholesale
5M71.DE|Magnit PJSC |Services|Food Wholesale
MGNT.L|Magnit PJSC |Services|Food Wholesale
MARR.MI|Marr SPA |Services|Food Wholesale
MTSCD.AX|Metcash Ltd |Services|Food Wholesale
MIKO.BR|Miko |Services|Food Wholesale
MLKFOOD.BO|Milkfood Ltd |Services|Food Wholesale
MO8.DE|Morinaga Milk Industry |Services|Food Wholesale
NWF.L|NWF Group PLC |Services|Food Wholesale
O32.SI|Olam International Ltd |Services|Food Wholesale
P4I.DE|Parmalat |Services|Food Wholesale
PLT.MI|Parmalat |Services|Food Wholesale
POH-H.V|Planet Organic Health Corp. |Services|Food Wholesale
2912.TW|President Chain Store Corp |Services|Food Wholesale
RAASIENT.BO|Raasi Enterprises Ltd |Services|Food Wholesale
SPTN|SpartanNash Company |Services|Food Wholesale
SRJ.DE|SpartanNash Company |Services|Food Wholesale
SPECFOOD.BO|Spectrum Foods Ltd |Services|Food Wholesale
MLSRP.PA|Speed Rabbit Pizza SA |Services|Food Wholesale
AAJ.SI|Sunmoon Food Co Ltd |Services|Food Wholesale
F06.SI|Sunmoon Food Co Ltd |Services|Food Wholesale
SML.NZ|Synlait Milk Ltd |Services|Food Wholesale
SYY.DE|Sysco Corp |Services|Food Wholesale
SYY|Sysco Corporation |Services|Food Wholesale
TAIIND.BO|Tai Industries Ltd |Services|Food Wholesale
CHEF|The Chefs' Warehouse, Inc. |Services|Food Wholesale
HAIN|The Hain Celestial Group, Inc. |Services|Food Wholesale
TZ7.DE|Toho Co Ltd Kobe |Services|Food Wholesale
TOU.PA|Toupargel Groupe |Services|Food Wholesale
UN3.DE|United Natural Foods Inc |Services|Food Wholesale
UNFI|United Natural Foods, Inc. |Services|Food Wholesale
VADILENT.BO|Vadilal Enterprises Ltd |Services|Food Wholesale
SAM.NZ|Veritas Investments Ltd |Services|Food Wholesale
MSH.DE|WASGAU Produktions & Handel AG |Services|Food Wholesale
AL185.PA|1855 SA |Services|Food Wholesale
