More Info|Industry: Major Airlines |Services|Major Airlines
32A.DE|Aegean Airlines SA |Services|Major Airlines
AEGN.AT|Aegean Airlines SA |Services|Major Airlines
AERL.L|Aer Lingus Group PLC |Services|Major Airlines
AB1.DE|Air Berlin PLC |Services|Major Airlines
AC-B.TO|Air Canada |Services|Major Airlines
0753.HK|Air China Limited |Services|Major Airlines
AD2.DE|Air China Ltd |Services|Major Airlines
AIRC.L|Air China Ltd |Services|Major Airlines
AF.PA|Air France-KLM |Services|Major Airlines
AFR.DE|Air France-KLM |Services|Major Airlines
AWK.NZ|Airwork Holdings Ltd |Services|Major Airlines
ALK.DE|Alaska Air Group Inc |Services|Major Airlines
AQZ.AX|Alliance Aviation Services Ltd |Services|Major Airlines
AAL|American Airlines Group Inc. |Services|Major Airlines
ANA.L|ANA HOLDINGS INC |Services|Major Airlines
ANCA.DE|ANA HOLDINGS INC |Services|Major Airlines
CTY.DE|Cathay Pacific Airways Ltd |Services|Major Airlines
CTYA.DE|Cathay Pacific Airways Ltd |Services|Major Airlines
0293.HK|Cathay Pacific Airways Ltd. |Services|Major Airlines
0670.HK|China Eastern Airlines |Services|Major Airlines
CIA.DE|China Eastern Airlines |Services|Major Airlines
CIAH.DE|China Eastern Airlines |Services|Major Airlines
CEA|China Eastern Airlines Corp. L |Services|Major Airlines
1055.HK|China Southern Airlines |Services|Major Airlines
ZNH.DE|China Southern Airlines Co Ltd |Services|Major Airlines
ZNHH.DE|China Southern Airlines Co Ltd |Services|Major Airlines
ZNH|China Southern Airlines Co. Lt |Services|Major Airlines
VLRS|Controladora Vuela Compañía de |Services|Major Airlines
C2H.DE|Copa Holdings SA |Services|Major Airlines
DTG.L|Dart Group PLC |Services|Major Airlines
DAL.MX|Delta Air Lines Inc |Services|Major Airlines
OYC.DE|Delta Air Lines Inc |Services|Major Airlines
DAL|Delta Air Lines, Inc. |Services|Major Airlines
LHA.DE|Deutsche Lufthansa AG |Services|Major Airlines
LHAB.DE|Deutsche Lufthansa AG |Services|Major Airlines
DA-A.TO|Discovery Air Inc A |Services|Major Airlines
EZJ.L|easyJet PLC |Services|Major Airlines
EIF.TO|Exchange Income Corp |Services|Major Airlines
FLYB.L|Flybe Group PLC |Services|Major Airlines
BAUH299.SA|Gol Intelligent Airlines Inc |Services|Major Airlines
GOLN.MX|Gol Intelligent Airlines Inc |Services|Major Airlines
GOQ.DE|Gol Intelligent Airlines Inc |Services|Major Airlines
GVKPIL.BO|GVK Power & Infrastructure Ltd |Services|Major Airlines
GVKPIL.NS|GVK Power & Infrastructure Ltd |Services|Major Airlines
IAG.L|Intl Cons Airlines Group |Services|Major Airlines
JETAIRWAY.NS|Jet Airways (India) Ltd |Services|Major Airlines
JETAIRWAYS.BO|Jet Airways (India) Ltd |Services|Major Airlines
JAW.DE|JetBlue Airways Corp |Services|Major Airlines
LATM33.SA|LATAM Airlines Group SA |Services|Major Airlines
LFL.DE|LATAM Airlines Group SA |Services|Major Airlines
QAN.AX|Qantas Airways Ltd |Services|Major Airlines
QAN.DE|Qantas Airways Ltd |Services|Major Airlines
REX.AX|Regional Express Holdings Ltd |Services|Major Airlines
RJC.DE|Republic Airways Holdings Inc |Services|Major Airlines
RY4A.DE|Ryanair Holdings PLC |Services|Major Airlines
RY4B.DE|Ryanair Holdings PLC |Services|Major Airlines
RYA.L|Ryanair Holdings PLC |Services|Major Airlines
SY2.DE|SkyWest Inc |Services|Major Airlines
SWN.DE|Southwest Airlines Co |Services|Major Airlines
SPICEJET.BO|Spicejet Ltd |Services|Major Airlines
SAVE|Spirit Airlines, Inc. |Services|Major Airlines
NVPE.DE|Thai Airways International PCL |Services|Major Airlines
THAF.DE|Thai Airways International PCL |Services|Major Airlines
J7X.SI|Tiger Airways Holdings Ltd |Services|Major Airlines
XTA.DE|Tiger Airways Holdings Ltd |Services|Major Airlines
UAL|United Continental Holdings, I |Services|Major Airlines
VBA.AX|Virgin Australia Holdings |Services|Major Airlines
VAH.AX|Virgin Australia Holdings Ltd |Services|Major Airlines
WJA-A.TO|Westjet Airlines Ltd |Services|Major Airlines
WJA.TO|Westjet Airlines Ltd |Services|Major Airlines
