More Info|Industry: Resorts & Casinos |Services|Resorts & Casinos
ASTIR.AT|Astir Palace R |Services|Resorts & Casinos
BAIN.PA|Bains de Mer Monaco |Services|Resorts & Casinos
RJ8.DE|Bains de Mer Monaco |Services|Resorts & Casinos
B58.SI|Banyan Tree Holdings Ltd |Services|Resorts & Casinos
BYM.V|Baymount Inc |Services|Resorts & Casinos
BO5.DE|Boyd Gaming Corporation |Services|Resorts & Casinos
BYD|Boyd Gaming Corporation |Services|Resorts & Casinos
CACQ|Caesars Acquisition Company |Services|Resorts & Casinos
CZR|Caesars Entertainment Corporat |Services|Resorts & Casinos
CCL|Carnival Corporation |Services|Resorts & Casinos
CDA.PA|CDA (Compagnie des Alpes) |Services|Resorts & Casinos
CNT.DE|Century Casinos Inc |Services|Resorts & Casinos
CNTY|Century Casinos Inc. |Services|Resorts & Casinos
0079.HK|Century Legend holdings |Services|Resorts & Casinos
CLK.TO|ClubLink Enterprises Ltd |Services|Resorts & Casinos
COUNCLB.BO|Country Club Hospitality |Services|Resorts & Casinos
CWN.AX|Crown Resorts Ltd |Services|Resorts & Casinos
DELTACORP.BO|Delta Corp Ltd |Services|Resorts & Casinos
DELTACORP.NS|Delta Corp Ltd |Services|Resorts & Casinos
DRII|Diamond Resorts International, |Services|Resorts & Casinos
EGP.AX|Echo Entertainment Group Ltd |Services|Resorts & Casinos
ERI|Eldorado Resorts, Inc. |Services|Resorts & Casinos
NYNY|Empire Resorts Inc. |Services|Resorts & Casinos
NYNY|Empire Resorts Inc. |Services|Resorts & Casinos
TNA.V|Evergreen Gaming Corp |Services|Resorts & Casinos
FOMEHOT.BO|Fomento Resorts & Hotels Ltd |Services|Resorts & Casinos
FLL|Full House Resorts Inc. |Services|Resorts & Casinos
0027.HK|Galaxy Enter. Group |Services|Resorts & Casinos
KW9A.DE|Galaxy Entertainment Group Ltd |Services|Resorts & Casinos
GH.TO|Gamehost Inc |Services|Resorts & Casinos
G13.SI|Genting Singapore PLC |Services|Resorts & Casinos
GBCS|Global Casinos Inc. |Services|Resorts & Casinos
PARP.PA|Groupe Partouche |Services|Resorts & Casinos
PZ2.DE|Groupe Partouche |Services|Resorts & Casinos
CIDMEGA.MX|Grupe, S.A.B. de C.V. |Services|Resorts & Casinos
GUO.DE|Guoco Group Ltd |Services|Resorts & Casinos
6GI.DE|GVC Holdings PLC |Services|Resorts & Casinos
GVC.L|GVC Holdings PLC |Services|Resorts & Casinos
IGV.MI|I Grandi Viaggi |Services|Resorts & Casinos
IKK.L|Inch Kenneth Kajang Rubber PLC |Services|Resorts & Casinos
INLOT.AT|Intralot SA |Services|Resorts & Casinos
ISLE|Isle of Capri Casinos, Inc. |Services|Resorts & Casinos
GOMFI.BO|KDJ Holidayscapes |Services|Resorts & Casinos
LQ|La Quinta Holdings Inc. |Services|Resorts & Casinos
LACO|Lakes Entertainment Inc. |Services|Resorts & Casinos
LCR.DE|Las Vegas Sands Corp |Services|Resorts & Casinos
LVS.MX|Las Vegas Sands Corp |Services|Resorts & Casinos
LVS|Las Vegas Sands Corp. |Services|Resorts & Casinos
MHRIL.BO|Mahindra Holidays |Services|Resorts & Casinos
MHRIL.NS|Mahindra Holidays |Services|Resorts & Casinos
VAC|Marriott Vacations Worldwide C |Services|Resorts & Casinos
MPEL|Melco Crown Entertainment Limi |Services|Resorts & Casinos
MAS.DE|Melco Crown Entertainment Ltd |Services|Resorts & Casinos
MX7A.DE|Melco International |Services|Resorts & Casinos
MGG.DE|MGM Resorts International |Services|Resorts & Casinos
MGM|MGM Resorts International |Services|Resorts & Casinos
MGM.MX|MGM Resorts International |Services|Resorts & Casinos
MCRI|Monarch Casino & Resort Inc. |Services|Resorts & Casinos
MCG.V|Mountain China Resorts |Services|Resorts & Casinos
N9J.DE|NagaCorp Ltd |Services|Resorts & Casinos
3918.HK|NagaCorp Ltd. |Services|Resorts & Casinos
MRU2.DE|Neptune Group Ltd |Services|Resorts & Casinos
0070.HK|Neptune Group Ltd. |Services|Resorts & Casinos
UWN|Nevada Gold & Casinos Inc. |Services|Resorts & Casinos
RBET.ST|Nordic Leisure AB |Services|Resorts & Casinos
PARD.BR|Pairi Daiza |Services|Resorts & Casinos
PN1.DE|Penn National Gaming Inc |Services|Resorts & Casinos
PENN|Penn National Gaming Inc. |Services|Resorts & Casinos
HOY.DE|Pinnacle Entertainment Inc |Services|Resorts & Casinos
PNK|Pinnacle Entertainment Inc. |Services|Resorts & Casinos
RCT.AX|Reef Casino Trust |Services|Resorts & Casinos
RGB.DE|Regenbogen AG |Services|Resorts & Casinos
RCL|Royal Caribbean Cruises Ltd. |Services|Resorts & Casinos
599A.DE|Sands China Ltd |Services|Resorts & Casinos
1928.HK|Sands China Ltd. |Services|Resorts & Casinos
0880.HK|SJM Holdings Limited |Services|Resorts & Casinos
3MG.DE|SJM Holdings Ltd |Services|Resorts & Casinos
SKC.AX|Skycity Entertainment |Services|Resorts & Casinos
SKC.NZ|Skycity Entertainment |Services|Resorts & Casinos
SFCA.PA|Société Française |Services|Resorts & Casinos
ROEA.DE|Sportech PLC |Services|Resorts & Casinos
SPO.L|Sportech PLC |Services|Resorts & Casinos
STRGRENWO.BO|Sterling Greenwoods Ltd |Services|Resorts & Casinos
STERLINH.BO|Sterling Holiday Resorts |Services|Resorts & Casinos
TBTC|Table Trac Inc. |Services|Resorts & Casinos
TVRB.PA|Televerbier |Services|Resorts & Casinos
MTN|Vail Resorts Inc. |Services|Resorts & Casinos
WB.TO|Whistler Blackcomb |Services|Resorts & Casinos
8WY.DE|Wynn Macau Ltd |Services|Resorts & Casinos
1128.HK|Wynn Macau Ltd. |Services|Resorts & Casinos
WYNN.MX|Wynn Resorts Ltd |Services|Resorts & Casinos
WYR.DE|Wynn Resorts Ltd |Services|Resorts & Casinos
WYNN|Wynn Resorts Ltd. |Services|Resorts & Casinos
TTR.L|32Red PLC |Services|Resorts & Casinos
888.L|888 Holdings PLC |Services|Resorts & Casinos
C8V.DE|888 Holdings PLC |Services|Resorts & Casinos
