More Info|Industry: Agricultural Chemicals |Basic Materials|Agricultural Chemicals
ADARSHPL.BO|Adarsh Plant Protect Ltd |Basic Materials|Agricultural Chemicals
AFPO.L|African Potash Ltd |Basic Materials|Agricultural Chemicals
AGU.DE|Agrium Inc |Basic Materials|Agricultural Chemicals
AGU.TO|Agrium Inc |Basic Materials|Agricultural Chemicals
AGU|Agrium Inc. |Basic Materials|Agricultural Chemicals
AIMCO.BO|Aimco Pesticides Ltd |Basic Materials|Agricultural Chemicals
AVD|American Vanguard Corp. |Basic Materials|Agricultural Chemicals
ARIES.BO|Aries Agro Ltd |Basic Materials|Agricultural Chemicals
ARIES.NS|Aries Agro Ltd |Basic Materials|Agricultural Chemicals
BASANTGL.BO|Basant Agro-Tech India Ltd |Basic Materials|Agricultural Chemicals
BAYER.BO|Bayer CropScience Ltd |Basic Materials|Agricultural Chemicals
BAYERCROP.NS|Bayer CropScience Ltd |Basic Materials|Agricultural Chemicals
BHAGCHEM.BO|Bhagiradha Chemicals |Basic Materials|Agricultural Chemicals
BFIL.BO|Bharat Agri Fert & Realty Ltd |Basic Materials|Agricultural Chemicals
BHARATRAS.NS|Bharat Rasayan Ltd |Basic Materials|Agricultural Chemicals
BHTRAS.BO|Bharat Rasayan Ltd |Basic Materials|Agricultural Chemicals
4FM.DE|Bisi International Tbk |Basic Materials|Agricultural Chemicals
CAMSONBIO.BO|Camson Bio Technologies Ltd |Basic Materials|Agricultural Chemicals
CVAT|Cavitation Technologies, Inc. |Basic Materials|Agricultural Chemicals
0509.HK|Century Sunshine |Basic Materials|Agricultural Chemicals
CERE|Ceres, Inc. |Basic Materials|Agricultural Chemicals
C4F.DE|CF Industries Holdings Inc |Basic Materials|Agricultural Chemicals
CF|CF Industries Holdings, Inc. |Basic Materials|Agricultural Chemicals
CHAMBAL.BO|Chambal Fertilisers |Basic Materials|Agricultural Chemicals
CHAMBLFER.NS|Chambal Fertilisers |Basic Materials|Agricultural Chemicals
JA9.SI|Changjiang Fertilizer |Basic Materials|Agricultural Chemicals
H1Q.DE|China BlueChemical Ltd |Basic Materials|Agricultural Chemicals
3983.HK|China BlueChemical Ltd. |Basic Materials|Agricultural Chemicals
GR0.DE|China Green Agriculture Inc |Basic Materials|Agricultural Chemicals
CGA|China Green Agriculture, Inc. |Basic Materials|Agricultural Chemicals
1866.HK|Chnia XLX Fertiliser Ltd. |Basic Materials|Agricultural Chemicals
COROMINTE.BO|Coromandel International Ltd |Basic Materials|Agricultural Chemicals
COROMANDE.NS|Coromandel International Ltd. |Basic Materials|Agricultural Chemicals
UAN|CVR Partners, LP |Basic Materials|Agricultural Chemicals
DEEPAKFER.NS|Deepak Fertilisers |Basic Materials|Agricultural Chemicals
DEEPAKFERT.BO|Deepak Fertilisers |Basic Materials|Agricultural Chemicals
DHANUKA.BO|Dhanuka Agritech Ltd |Basic Materials|Agricultural Chemicals
E6R.DE|DuSolo Fertilizers Inc |Basic Materials|Agricultural Chemicals
DD.BA|E I du Pont de Nemours |Basic Materials|Agricultural Chemicals
DD.MX|E I du Pont de Nemours |Basic Materials|Agricultural Chemicals
DUPP.PA|E I du Pont de Nemours |Basic Materials|Agricultural Chemicals
DD|E. I. du Pont de Nemours and C |Basic Materials|Agricultural Chemicals
EDEN.L|Eden Research PLC |Basic Materials|Agricultural Chemicals
EXCELCROP.NS|Excel Crop Care Ltd |Basic Materials|Agricultural Chemicals
XCLCROP.BO|Excel Crop Care Ltd |Basic Materials|Agricultural Chemicals
EXCELINDU.NS|Excel Industries Ltd |Basic Materials|Agricultural Chemicals
XCLIND.BO|Excel Industries Ltd |Basic Materials|Agricultural Chemicals
BAZA257.SA|Fertilizantes Heringer SA |Basic Materials|Agricultural Chemicals
FACT.NS|Fertilizers & Chemicals |Basic Materials|Agricultural Chemicals
FACTL.BO|Fertilizers & Chemicals |Basic Materials|Agricultural Chemicals
0809.HK|Global Bio-chem |Basic Materials|Agricultural Chemicals
GLY.DE|Global Bio-chem |Basic Materials|Agricultural Chemicals
GOP.V|Gourmet Ocean Products Inc |Basic Materials|Agricultural Chemicals
GRVO.PA|Graines Voltz |Basic Materials|Agricultural Chemicals
0431.HK|Greater China Holdings Ltd. |Basic Materials|Agricultural Chemicals
GROG|GroGenesis, Inc. |Basic Materials|Agricultural Chemicals
GNFC.BO|Gujarat Narmada Valley |Basic Materials|Agricultural Chemicals
GNFC.NS|Gujarat Narmada Valley |Basic Materials|Agricultural Chemicals
HFR.AX|Highfield Resources Ltd |Basic Materials|Agricultural Chemicals
ECA1.DE|IC Potash Corp |Basic Materials|Agricultural Chemicals
ICP.TO|IC Potash Corp |Basic Materials|Agricultural Chemicals
ICP.TO|IC Potash Corp |Basic Materials|Agricultural Chemicals
I5P.DE|Incitec Pivot Ltd |Basic Materials|Agricultural Chemicals
IPL.AX|Incitec Pivot Ltd |Basic Materials|Agricultural Chemicals
INSECTCID.BO|Insecticides (India) Ltd |Basic Materials|Agricultural Chemicals
INSECTICI.NS|Insecticides (India) Ltd |Basic Materials|Agricultural Chemicals
INAG.BA|Insumos AGroquimicos SA |Basic Materials|Agricultural Chemicals
58I.DE|Intrepid Potash Inc |Basic Materials|Agricultural Chemicals
IPI|Intrepid Potash, Inc. |Basic Materials|Agricultural Chemicals
ISG.MI|Isagro |Basic Materials|Agricultural Chemicals
ISGS.MI|Isagro |Basic Materials|Agricultural Chemicals
AKRN.L|JSC Acron |Basic Materials|Agricultural Chemicals
KRN.TO|Karnalyte Resources Inc |Basic Materials|Agricultural Chemicals
KHAICHEM.BO|Khaitan Chemicals |Basic Materials|Agricultural Chemicals
KILPEST.BO|Kilpest India Ltd |Basic Materials|Agricultural Chemicals
KWBT|Kiwa Bio-Tech Products Group C |Basic Materials|Agricultural Chemicals
MPAGI.BO|M P Agro Industries Ltd |Basic Materials|Agricultural Chemicals
MADRASFER.NS|Madras Fertilizers Ltd |Basic Materials|Agricultural Chemicals
3TE.DE|MagIndustries Corp |Basic Materials|Agricultural Chemicals
MAA.TO|MagIndustries Corp |Basic Materials|Agricultural Chemicals
MANGCHEFE.NS|Mangalore Chemicals |Basic Materials|Agricultural Chemicals
MANGCHEM.BO|Mangalore Chemicals |Basic Materials|Agricultural Chemicals
MBII|Marrone Bio Innovations, Inc. |Basic Materials|Agricultural Chemicals
MBC.TO|MBAC Fertilizer Corp |Basic Materials|Agricultural Chemicals
M30.SI|Meghmani Organics Ltd |Basic Materials|Agricultural Chemicals
MEGH.BO|Meghmani Organics Ltd |Basic Materials|Agricultural Chemicals
MEGH.NS|Meghmani Organics Ltd |Basic Materials|Agricultural Chemicals
SAM.MI|Microspore SpA |Basic Materials|Agricultural Chemicals
A49.DE|Migao Corp |Basic Materials|Agricultural Chemicals
MGO.TO|Migao Corp |Basic Materials|Agricultural Chemicals
MODIPON.BO|Modipon Ltd |Basic Materials|Agricultural Chemicals
MON.BA|Monsanto Co |Basic Materials|Agricultural Chemicals
MON.MX|Monsanto Co |Basic Materials|Agricultural Chemicals
MON|Monsanto Company |Basic Materials|Agricultural Chemicals
MONSANTO.BO|Monsanto India Ltd |Basic Materials|Agricultural Chemicals
MONSANTO.NS|Monsanto India Ltd |Basic Materials|Agricultural Chemicals
NAGAAGRI.BO|Nagarjuna Agrichem Ltd. |Basic Materials|Agricultural Chemicals
NAGTECH.BO|Nagarjuna Agritech Ltd |Basic Materials|Agricultural Chemicals
NFL.BO|National Fertilizers Ltd |Basic Materials|Agricultural Chemicals
NFL.NS|National Fertilizers Ltd |Basic Materials|Agricultural Chemicals
NOEC|New Oriental Energy & Chemical |Basic Materials|Agricultural Chemicals
NUF.AX|Nufarm Ltd |Basic Materials|Agricultural Chemicals
NUF.DE|Nufarm Ltd |Basic Materials|Agricultural Chemicals
BAZA474.SA|Nutriplant Industria |Basic Materials|Agricultural Chemicals
OCEAGRO.BO|Ocean Agro (India) Ltd |Basic Materials|Agricultural Chemicals
PHOR.L|OJSC PhosAgro |Basic Materials|Agricultural Chemicals
MLOLM.PA|Olmix SA |Basic Materials|Agricultural Chemicals
PHYTO.BO|Phyto Chem (India) Ltd |Basic Materials|Agricultural Chemicals
PIM.L|Plant Impact PLC |Basic Materials|Agricultural Chemicals
POT|Potash Corp. of Saskatchewan, |Basic Materials|Agricultural Chemicals
POC.DE|Potash of Saskatchewan |Basic Materials|Agricultural Chemicals
POT.TO|Potash of Saskatchewan |Basic Materials|Agricultural Chemicals
POTN.MX|Potash of Saskatchewan |Basic Materials|Agricultural Chemicals
RALLIS.BO|Rallis India Ltd. |Basic Materials|Agricultural Chemicals
RALLIS.NS|Rallis India Ltd. |Basic Materials|Agricultural Chemicals
RAMAPHO.BO|Rama Phosphates Ltd |Basic Materials|Agricultural Chemicals
RCF.BO|Rashtriya Chemicals |Basic Materials|Agricultural Chemicals
RCF.NS|Rashtriya Chemicals |Basic Materials|Agricultural Chemicals
RN9.DE|Rentech Inc |Basic Materials|Agricultural Chemicals
RNF|Rentech Nitrogen Partners, L.P |Basic Materials|Agricultural Chemicals
RTK|Rentech, Inc. |Basic Materials|Agricultural Chemicals
ENGB.BR|Rosier |Basic Materials|Agricultural Chemicals
SHIVAFER.BO|Shiva Global Agro Indus |Basic Materials|Agricultural Chemicals
SNCL.L|Sinclair (William) Hldgs |Basic Materials|Agricultural Chemicals
WCQ1.DE|Sinofert Holdings Ltd |Basic Materials|Agricultural Chemicals
0297.HK|Sinofert Holdings Ltd. |Basic Materials|Agricultural Chemicals
SOI.AX|Soil Sub Technologies Ltd |Basic Materials|Agricultural Chemicals
SOUTHPET.BO|Southern Petrochemicals |Basic Materials|Agricultural Chemicals
SPIC.NS|Southern Petrochemicals |Basic Materials|Agricultural Chemicals
ST.TO|Stonegate Agricom Ltd |Basic Materials|Agricultural Chemicals
X6S.DE|Stonegate Agricom Ltd |Basic Materials|Agricultural Chemicals
SUCROSA.BO|Super Crop Safe Ltd |Basic Materials|Agricultural Chemicals
SVJ.DE|Syngenta AG |Basic Materials|Agricultural Chemicals
SVJA.DE|Syngenta AG |Basic Materials|Agricultural Chemicals
SYT|Syngenta AG |Basic Materials|Agricultural Chemicals
1722.TW|Taiwan Fertilizer Co Ltd |Basic Materials|Agricultural Chemicals
TEEAI.BO|Teesta Agro Industries Ltd |Basic Materials|Agricultural Chemicals
TNH|Terra Nitrogen Company, L.P. |Basic Materials|Agricultural Chemicals
SPIR.AT|The House of Agriculture |Basic Materials|Agricultural Chemicals
MOS|The Mosaic Company |Basic Materials|Agricultural Chemicals
SMG|The Scotts Miracle-Gro Company |Basic Materials|Agricultural Chemicals
TUTIALKA.BO|Tuticorin Alkali |Basic Materials|Agricultural Chemicals
TYR.L|TyraTech Inc |Basic Materials|Agricultural Chemicals
TYRU.L|TyraTech Inc |Basic Materials|Agricultural Chemicals
UNIPHOS.NS|United Phosphorus Ltd |Basic Materials|Agricultural Chemicals
UNITEDPHOS.BO|United Phosphorus Ltd |Basic Materials|Agricultural Chemicals
WPX.TO|Western Potash Corporation |Basic Materials|Agricultural Chemicals
WYN.L|Wynnstay Group PLC |Basic Materials|Agricultural Chemicals
YONGY|Yongye International, Inc. |Basic Materials|Agricultural Chemicals
YONGY|Yongye International, Inc. |Basic Materials|Agricultural Chemicals
ZUARI.NS|Zuari Agro Chemicals Ltd |Basic Materials|Agricultural Chemicals
ZUARIAGRO.NS|Zuari Global Ltd |Basic Materials|Agricultural Chemicals
ZUARIIND.BO|Zuari Global Ltd |Basic Materials|Agricultural Chemicals
