More Info|Industry: Chemicals - Major Diversified |Basic Materials|Chemicals - Major Diversified
A7Z.DE|A E C I Ltd |Basic Materials|Chemicals - Major Diversified
SHLM|A. Schulman, Inc. |Basic Materials|Chemicals - Major Diversified
AARTIIND.NS|Aarti Industries Ltd |Basic Materials|Chemicals - Major Diversified
ARTIIND.BO|Aarti Industries Ltd |Basic Materials|Chemicals - Major Diversified
ACET|Aceto Corp. |Basic Materials|Chemicals - Major Diversified
ABCIL.BO|Aditya Birla Chemicals |Basic Materials|Chemicals - Major Diversified
ABCIL.NS|Aditya Birla Chemicals |Basic Materials|Chemicals - Major Diversified
ADVPETR-B.BO|Advance Petrochemicals Ltd. |Basic Materials|Chemicals - Major Diversified
IZ8A.DE|African Oxygen Ltd |Basic Materials|Chemicals - Major Diversified
AI.PA|Air Liquide SA |Basic Materials|Chemicals - Major Diversified
AIL.DE|Air Liquide SA |Basic Materials|Chemicals - Major Diversified
AP3.DE|Air Products & Chemicals Inc |Basic Materials|Chemicals - Major Diversified
APD|Air Products & Chemicals Inc. |Basic Materials|Chemicals - Major Diversified
AAS.DE|Airgas Inc |Basic Materials|Chemicals - Major Diversified
ARG|Airgas, Inc. |Basic Materials|Chemicals - Major Diversified
AKSCHEM.BO|AksharChem (India) Ltd |Basic Materials|Chemicals - Major Diversified
ALUFLUOR.BO|Alufluoride Ltd |Basic Materials|Chemicals - Major Diversified
AFPW|AlumiFuel Power Corp. |Basic Materials|Chemicals - Major Diversified
AMNPLST.BO|Amines & Plasticizers Ltd |Basic Materials|Chemicals - Major Diversified
MF5.SI|Anchun International |Basic Materials|Chemicals - Major Diversified
ANDHRAPE.BO|Andhra Petrochemicals Ltd |Basic Materials|Chemicals - Major Diversified
ANDHRASUGAR.BO|Andhra Sugars Ltd |Basic Materials|Chemicals - Major Diversified
ANDHRSUGA.NS|Andhra Sugars Ltd |Basic Materials|Chemicals - Major Diversified
ANO.AX|Antaria Ltd |Basic Materials|Chemicals - Major Diversified
BBJ.DE|Antaria Ltd |Basic Materials|Chemicals - Major Diversified
SHCHOLC.BO|Archit Organosys Ltd |Basic Materials|Chemicals - Major Diversified
ASV.DE|Argex Titanium Inc |Basic Materials|Chemicals - Major Diversified
AKE.PA|Arkema |Basic Materials|Chemicals - Major Diversified
AKENV.PA|Arkema |Basic Materials|Chemicals - Major Diversified
V1S.DE|Arkema |Basic Materials|Chemicals - Major Diversified
ASAA.DE|Asahi Kasei Corp |Basic Materials|Chemicals - Major Diversified
ASAHISONG.NS|Asahi Songwon Colors Ltd |Basic Materials|Chemicals - Major Diversified
ASCL.BO|Asahi Songwon Colors Ltd |Basic Materials|Chemicals - Major Diversified
A1H.DE|Ashland Inc |Basic Materials|Chemicals - Major Diversified
ASH|Ashland Inc. |Basic Materials|Chemicals - Major Diversified
ASHOKALC.BO|Ashok Alcochem Ltd |Basic Materials|Chemicals - Major Diversified
ASINPET.BO|Asian Petroproducts |Basic Materials|Chemicals - Major Diversified
ASTEC.BO|Astec Lifesciences Ltd |Basic Materials|Chemicals - Major Diversified
ASTEC.NS|Astec Lifesciences Ltd |Basic Materials|Chemicals - Major Diversified
ATUL.NS|Atul Ltd |Basic Materials|Chemicals - Major Diversified
ATULLTD.BO|Atul Ltd |Basic Materials|Chemicals - Major Diversified
AVONORG.BO|Avon Organics Ltd |Basic Materials|Chemicals - Major Diversified
HGQN.DE|Axiall Corp |Basic Materials|Chemicals - Major Diversified
BHM.DE|Bachem Holding AG |Basic Materials|Chemicals - Major Diversified
BCPC|Balchem Corp. |Basic Materials|Chemicals - Major Diversified
OB8.DE|Barito Pacific Tbk |Basic Materials|Chemicals - Major Diversified
BASF.BO|BASF India Ltd |Basic Materials|Chemicals - Major Diversified
BASF.NS|BASF India Ltd |Basic Materials|Chemicals - Major Diversified
BAS.DE|Basf SE |Basic Materials|Chemicals - Major Diversified
BASA.DE|Basf SE |Basic Materials|Chemicals - Major Diversified
BASF.MI|Basf SE |Basic Materials|Chemicals - Major Diversified
BFA.L|Basf SE |Basic Materials|Chemicals - Major Diversified
BHAGGAS.BO|Bhagawati Gas Ltd |Basic Materials|Chemicals - Major Diversified
BEPL.BO|Bhansali Eng Polymers |Basic Materials|Chemicals - Major Diversified
BEPL.NS|Bhansali Eng Polymers |Basic Materials|Chemicals - Major Diversified
BIOA|BioAmber Inc. |Basic Materials|Chemicals - Major Diversified
BIOAF|BioAmber Inc. |Basic Materials|Chemicals - Major Diversified
B2I.DE|Biopetrol Industries AG |Basic Materials|Chemicals - Major Diversified
BOE.MI|Boero Bartolomeo |Basic Materials|Chemicals - Major Diversified
BAK|Braskem S.A. |Basic Materials|Chemicals - Major Diversified
BAUH49.SA|Braskem SA |Basic Materials|Chemicals - Major Diversified
BAZA45.SA|Braskem SA |Basic Materials|Chemicals - Major Diversified
BAZA46.SA|Braskem SA |Basic Materials|Chemicals - Major Diversified
BRD.DE|Braskem SA |Basic Materials|Chemicals - Major Diversified
BRDA.DE|Braskem SA |Basic Materials|Chemicals - Major Diversified
CAMPHOR.BO|Camphor & Allied Products Ltd |Basic Materials|Chemicals - Major Diversified
CAMB.BR|Campine |Basic Materials|Chemicals - Major Diversified
CARC.BA|Carboclor SA |Basic Materials|Chemicals - Major Diversified
DG3.DE|Celanese Corp |Basic Materials|Chemicals - Major Diversified
CE|Celanese Corporation |Basic Materials|Chemicals - Major Diversified
CERPQ|Cereplast, Inc. |Basic Materials|Chemicals - Major Diversified
8208.HK|Changmao Biochemical |Basic Materials|Chemicals - Major Diversified
SQM|Chemical & Mining Co. of Chile |Basic Materials|Chemicals - Major Diversified
C05.SI|Chemical Industries (F.E) |Basic Materials|Chemicals - Major Diversified
1718.TW|China Man-Made Fiber Corp |Basic Materials|Chemicals - Major Diversified
CHRR.L|China Rerun Chemical Group Ltd |Basic Materials|Chemicals - Major Diversified
1723.TW|China Steel Chemical Co |Basic Materials|Chemicals - Major Diversified
2104.TW|China Synthetic Rubber Corp |Basic Materials|Chemicals - Major Diversified
0362.HK|China Zenith Chemical |Basic Materials|Chemicals - Major Diversified
CDXC|ChromaDex Corporation |Basic Materials|Chemicals - Major Diversified
1727.TW|Chung Hwa Chemical |Basic Materials|Chemicals - Major Diversified
CDTI|Clean Diesel Technologies Inc. |Basic Materials|Chemicals - Major Diversified
BAUH722.SA|Cristal Pigmentos do Brasil SA |Basic Materials|Chemicals - Major Diversified
BAUH723.SA|Cristal Pigmentos do Brasil SA |Basic Materials|Chemicals - Major Diversified
CYCL.AT|Cyclon Hellas SA |Basic Materials|Chemicals - Major Diversified
CYDSASAA.MX|Cydsa SAB de CV |Basic Materials|Chemicals - Major Diversified
DCW.BO|DCW Ltd |Basic Materials|Chemicals - Major Diversified
DCW.NS|DCW Ltd |Basic Materials|Chemicals - Major Diversified
DEEPAKNI.BO|Deepak Nitrite Ltd |Basic Materials|Chemicals - Major Diversified
DIK.DE|Denki Kagaku Kogyo KK |Basic Materials|Chemicals - Major Diversified
DHARAMSI.BO|Dharamsi Morarji Chemical |Basic Materials|Chemicals - Major Diversified
DHOOTIN.BO|Dhoot Industrial Finance Ltd |Basic Materials|Chemicals - Major Diversified
DIAMINESQ.BO|Diamines & Chemicals Ltd |Basic Materials|Chemicals - Major Diversified
DIC.BO|DIC India Ltd |Basic Materials|Chemicals - Major Diversified
DICIND.NS|DIC India Ltd |Basic Materials|Chemicals - Major Diversified
DTI.DE|Dottikon ES Holding AG |Basic Materials|Chemicals - Major Diversified
DCH1.DE|Dow Chemical Co |Basic Materials|Chemicals - Major Diversified
DOW.MX|Dow Chemical Co |Basic Materials|Chemicals - Major Diversified
DOWB34.SA|Dow Chemical Co |Basic Materials|Chemicals - Major Diversified
D6U.SI|Dynamic Colours Ltd |Basic Materials|Chemicals - Major Diversified
EAC.DE|Eastman Chemical Co |Basic Materials|Chemicals - Major Diversified
EMN|Eastman Chemical Co. |Basic Materials|Chemicals - Major Diversified
2341.HK|EcoGreen Fine Chemicals |Basic Materials|Chemicals - Major Diversified
EJF.DE|EcoGreen Fine Chemicals |Basic Materials|Chemicals - Major Diversified
BAUH217.SA|Elekeiroz SA |Basic Materials|Chemicals - Major Diversified
BAZA216.SA|Elekeiroz SA |Basic Materials|Chemicals - Major Diversified
ELLENBARR.BO|Ellenbarrie Industrial |Basic Materials|Chemicals - Major Diversified
ELTON.AT|Elton SA /R |Basic Materials|Chemicals - Major Diversified
EMC1.DE|Ems-Chemie Holding AG |Basic Materials|Chemicals - Major Diversified
ENRT.L|Envirn Recycling Tech |Basic Materials|Chemicals - Major Diversified
CRS1.DE|Ercros SA |Basic Materials|Chemicals - Major Diversified
1717.TW|Eternal Materials Co Ltd |Basic Materials|Chemicals - Major Diversified
1711.TW|Everlight Chemical Indust |Basic Materials|Chemicals - Major Diversified
1735.TW|Evermore Chemical |Basic Materials|Chemicals - Major Diversified
EPCP.PA|Explosifs et Produits |Basic Materials|Chemicals - Major Diversified
EXPL.PA|Explosifs et Produits |Basic Materials|Chemicals - Major Diversified
FISCHER.BO|Fischer Chemic Ltd |Basic Materials|Chemicals - Major Diversified
FMC|FMC Corp. |Basic Materials|Chemicals - Major Diversified
FMQ.DE|FMC Corporation |Basic Materials|Chemicals - Major Diversified
1326.TW|Formosa Chemicals & Fibre Corp |Basic Materials|Chemicals - Major Diversified
1301.TW|Formosa Plastics Corp |Basic Materials|Chemicals - Major Diversified
1709.TW|Formosan Union Chemical Corp |Basic Materials|Chemicals - Major Diversified
FOSECO.BO|Foseco India Ltd |Basic Materials|Chemicals - Major Diversified
FOSECOIND.NS|Foseco India Ltd |Basic Materials|Chemicals - Major Diversified
FPE.DE|Fuchs Petrolub SE |Basic Materials|Chemicals - Major Diversified
FPE3.DE|Fuchs Petrolub SE |Basic Materials|Chemicals - Major Diversified
0546.HK|Fufeng Group Ltd. |Basic Materials|Chemicals - Major Diversified
FF|FutureFuel Corp. |Basic Materials|Chemicals - Major Diversified
1312.TW|Garnd Pacific |Basic Materials|Chemicals - Major Diversified
GEVO|Gevo, Inc. |Basic Materials|Chemicals - Major Diversified
GHCL.BO|GHCL Ltd |Basic Materials|Chemicals - Major Diversified
GHCL.NS|GHCL Ltd |Basic Materials|Chemicals - Major Diversified
GODREJIND.BO|Godrej Industries Ltd |Basic Materials|Chemicals - Major Diversified
GODREJIND.NS|Godrej Industries Ltd |Basic Materials|Chemicals - Major Diversified
BAUH301.SA|GPC Participacoes SA |Basic Materials|Chemicals - Major Diversified
0582.HK|Greenfield Chemical |Basic Materials|Chemicals - Major Diversified
POCHTECB.MX|Grupo Pochteca SAB de CV |Basic Materials|Chemicals - Major Diversified
GUJALKALI.BO|Gujarat Alkalies |Basic Materials|Chemicals - Major Diversified
GUJALKALI.NS|Gujarat Alkalies |Basic Materials|Chemicals - Major Diversified
GSFC.BO|Gujarat Fertilizers&Chem. |Basic Materials|Chemicals - Major Diversified
GSFC.NS|Gujarat Fertilizers&Chem. |Basic Materials|Chemicals - Major Diversified
GUJFLUORO.BO|Gujarat Fluorochemicals Ltd |Basic Materials|Chemicals - Major Diversified
GUJFLUORO.NS|Gujarat Fluorochemicals Ltd |Basic Materials|Chemicals - Major Diversified
GULPOLY.BO|Gulshan Polyols Ltd |Basic Materials|Chemicals - Major Diversified
WAS.DE|H & R AG |Basic Materials|Chemicals - Major Diversified
HAIK.L|Haike Chemical Group Ltd |Basic Materials|Chemicals - Major Diversified
HAL.L|Halosource Inc |Basic Materials|Chemicals - Major Diversified
HALO.L|Halosource Inc |Basic Materials|Chemicals - Major Diversified
HDD.L|Hardide PLC |Basic Materials|Chemicals - Major Diversified
HIKAL.BO|Hikal Ltd |Basic Materials|Chemicals - Major Diversified
HIKAL.NS|Hikal Ltd |Basic Materials|Chemicals - Major Diversified
HIMCI.BO|Himadri Chemicals & Indus |Basic Materials|Chemicals - Major Diversified
HINFLUR.BO|Hindustan Fluorocarbons Ltd |Basic Materials|Chemicals - Major Diversified
HIM.DE|Hitachi Chemical Co Ltd |Basic Materials|Chemicals - Major Diversified
1714.TW|Ho Tung Chemical Corp |Basic Materials|Chemicals - Major Diversified
HINDORG.BO|HOCL |Basic Materials|Chemicals - Major Diversified
HOCL.NS|HOCL |Basic Materials|Chemicals - Major Diversified
0336.HK|Huabao International |Basic Materials|Chemicals - Major Diversified
CEY2.DE|Huabao Intl Hldgs |Basic Materials|Chemicals - Major Diversified
HTR.DE|Huntsman Corp |Basic Materials|Chemicals - Major Diversified
HUN|Huntsman Corporation |Basic Materials|Chemicals - Major Diversified
INDIAGLYC.NS|India Glycols Ltd |Basic Materials|Chemicals - Major Diversified
INDIAGLYCOL.BO|India Glycols Ltd |Basic Materials|Chemicals - Major Diversified
INDOAMIN.BO|Indo Amines Ltd |Basic Materials|Chemicals - Major Diversified
INDOBORAX.BO|Indo Borax & Chemicals Ltd |Basic Materials|Chemicals - Major Diversified
I93.DE|Indorama Ventures PLC |Basic Materials|Chemicals - Major Diversified
INSILCO.BO|Insilco Ltd |Basic Materials|Chemicals - Major Diversified
IEVM|Integrated Environmental Techn |Basic Materials|Chemicals - Major Diversified
IPD.V|International Parkside |Basic Materials|Chemicals - Major Diversified
JAEN|JA Energy, Inc. |Basic Materials|Chemicals - Major Diversified
JAYCH.BO|Jayshree Chemicals Ltd |Basic Materials|Chemicals - Major Diversified
JDORGO.BO|JD Orgochem Ltd |Basic Materials|Chemicals - Major Diversified
0549.HK|Jilin Qifeng Chemical Fib |Basic Materials|Chemicals - Major Diversified
C8R.SI|Jiutian Chemical Group Ltd |Basic Materials|Chemicals - Major Diversified
JOCIL.NS|Jocil Ltd |Basic Materials|Chemicals - Major Diversified
JYR.DE|JSR Corporation |Basic Materials|Chemicals - Major Diversified
SDF.DE|K+S Aktiengesellschaft |Basic Materials|Chemicals - Major Diversified
KANORIAC.BO|Kanoria Chemicals |Basic Materials|Chemicals - Major Diversified
KANORICHE.NS|Kanoria Chemicals |Basic Materials|Chemicals - Major Diversified
KANSAINER.NS|Kansai Nerolac Paints Ltd |Basic Materials|Chemicals - Major Diversified
KANSANERO.BO|Kansai Nerolac Paints Ltd |Basic Materials|Chemicals - Major Diversified
KEM.DE|Kemira Oyj |Basic Materials|Chemicals - Major Diversified
KESARPE.BO|Kesar Petroproducts Ltd |Basic Materials|Chemicals - Major Diversified
0148.HK|Kingboard Chemical |Basic Materials|Chemicals - Major Diversified
KGZ.DE|Kingboard Chemical Hldgs |Basic Materials|Chemicals - Major Diversified
0827.HK|Ko Yo Chemical (Group) Ltd |Basic Materials|Chemicals - Major Diversified
KOTHARIPE.NS|Kothari Petrochemicals Ltd |Basic Materials|Chemicals - Major Diversified
KUY.DE|Kuraray Co Ltd |Basic Materials|Chemicals - Major Diversified
LAFFANSQ.BO|Laffans Petrochemicals Ltd |Basic Materials|Chemicals - Major Diversified
1704.TW|LCY Chemical Corp |Basic Materials|Chemicals - Major Diversified
AH20.L|LG Chem Ltd. |Basic Materials|Chemicals - Major Diversified
N7OL.DE|Lightbridge Corp |Basic Materials|Chemicals - Major Diversified
LIN.DE|Linde AG |Basic Materials|Chemicals - Major Diversified
LIN1.DE|Linde AG |Basic Materials|Chemicals - Major Diversified
LORDSCHLO.BO|Lords Chloro Alkali Ltd |Basic Materials|Chemicals - Major Diversified
LS3.DE|LSB Industries Inc |Basic Materials|Chemicals - Major Diversified
LXU|LSB Industries Inc. |Basic Materials|Chemicals - Major Diversified
MANALIPE.BO|Manali Petrochemicals Ltd |Basic Materials|Chemicals - Major Diversified
MANALIPET.NS|Manali Petrochemicals Ltd |Basic Materials|Chemicals - Major Diversified
MANGALAM.BO|Mangalam Drugs & Organics Ltd |Basic Materials|Chemicals - Major Diversified
MANGALAM.NS|Mangalam Drugs & Organics Ltd |Basic Materials|Chemicals - Major Diversified
DUJODPRO.BO|Mangalam Organics Ltd |Basic Materials|Chemicals - Major Diversified
METEX.PA|Metabolic Explorer |Basic Materials|Chemicals - Major Diversified
MX.TO|Methanex Corp |Basic Materials|Chemicals - Major Diversified
MX5.DE|Methanex Corp |Basic Materials|Chemicals - Major Diversified
MEIL|Methes Energies International |Basic Materials|Chemicals - Major Diversified
4FZ.DE|Mexichem SAB de CV |Basic Materials|Chemicals - Major Diversified
MEXCHEM.MX|Mexichem SAB de CV |Basic Materials|Chemicals - Major Diversified
MNK.DE|Minerals Technologies Inc |Basic Materials|Chemicals - Major Diversified
MTX|Minerals Technologies Inc. |Basic Materials|Chemicals - Major Diversified
M3C.DE|Mitsubishi Chemical |Basic Materials|Chemicals - Major Diversified
MSI.DE|Mitsui Chemicals Inc |Basic Materials|Chemicals - Major Diversified
MULTIBASE.BO|Multibase India Ltd |Basic Materials|Chemicals - Major Diversified
MYSORPET.BO|Mysore Petro Chemicals Ltd |Basic Materials|Chemicals - Major Diversified
NTG.DE|Nabaltec AG |Basic Materials|Chemicals - Major Diversified
1303.TW|Nan Ya Plastics Corp |Basic Materials|Chemicals - Major Diversified
NANX|Nanophase Technologies Corp. |Basic Materials|Chemicals - Major Diversified
NATPEROX.BO|National Peroxide Ltd |Basic Materials|Chemicals - Major Diversified
NAVIN.BO|Navin Fluorine Intl |Basic Materials|Chemicals - Major Diversified
NAVINFLUO.NS|Navin Fluorine Intl |Basic Materials|Chemicals - Major Diversified
NP7.DE|Nippon Kayaku Co Ltd |Basic Materials|Chemicals - Major Diversified
N76.DE|Nippon Soda Co Ltd |Basic Materials|Chemicals - Major Diversified
NSC.DE|Nissan Chemical Industries Ltd |Basic Materials|Chemicals - Major Diversified
NOCIL.BO|NOCIL Ltd |Basic Materials|Chemicals - Major Diversified
NOCIL.NS|NOCIL Ltd |Basic Materials|Chemicals - Major Diversified
NPX.AX|Nuplex Industries Ltd |Basic Materials|Chemicals - Major Diversified
NPX.NZ|Nuplex Industries Ltd |Basic Materials|Chemicals - Major Diversified
OCIP|OCI Partners LP |Basic Materials|Chemicals - Major Diversified
OHZ.DE|Omnia Holdings Ltd |Basic Materials|Chemicals - Major Diversified
ORIENTCQ.BO|Oriental Carbon |Basic Materials|Chemicals - Major Diversified
1710.TW|Oriental Union Chemical Corp |Basic Materials|Chemicals - Major Diversified
OOIL|OriginOil, Inc. |Basic Materials|Chemicals - Major Diversified
ALPTC.PA|OspreyFrank PLC |Basic Materials|Chemicals - Major Diversified
NILCHEM.BO|Padmanabh Industries Ltd |Basic Materials|Chemicals - Major Diversified
PHILIPCA.BO|Phillips Carbon Black Ltd |Basic Materials|Chemicals - Major Diversified
PHILIPCAR.NS|Phillips Carbon Black Ltd |Basic Materials|Chemicals - Major Diversified
PHC.L|Plant Health Care PLC |Basic Materials|Chemicals - Major Diversified
PUZ.DE|Pongs & Zahn AG |Basic Materials|Chemicals - Major Diversified
PWN.AX|Potash West NL |Basic Materials|Chemicals - Major Diversified
PWNCA.AX|Potash West NL |Basic Materials|Chemicals - Major Diversified
PRATIKSH.BO|Pratiksha Chemicals Ltd |Basic Materials|Chemicals - Major Diversified
PX|Praxair Inc. |Basic Materials|Chemicals - Major Diversified
PRESSURS.BO|Pressure Sensitive System |Basic Materials|Chemicals - Major Diversified
PCA.PA|Produits Chimiques |Basic Materials|Chemicals - Major Diversified
PACL.BO|Punjab Alkalies & Chem |Basic Materials|Chemicals - Major Diversified
PUNJABCHE.NS|Punjab Chemicals |Basic Materials|Chemicals - Major Diversified
PUNJCHEM.BO|Punjab Chemicals |Basic Materials|Chemicals - Major Diversified
PURE|PURE Bioscience, Inc. |Basic Materials|Chemicals - Major Diversified
MLQUD.PA|Quadrimex Chimie SA |Basic Materials|Chemicals - Major Diversified
RAMAPETR.BO|Rama Petrochemicals Ltd |Basic Materials|Chemicals - Major Diversified
RYAM|Rayonier Advanced Materials In |Basic Materials|Chemicals - Major Diversified
RCZ.DE|Recticel |Basic Materials|Chemicals - Major Diversified
REC.BR|Recticel |Basic Materials|Chemicals - Major Diversified
REFEX.BO|Refex Industries Ltd |Basic Materials|Chemicals - Major Diversified
REFEX.NS|Refex Industries Ltd |Basic Materials|Chemicals - Major Diversified
REFNOL.BO|Refnol Resins & Chemicals Ltd |Basic Materials|Chemicals - Major Diversified
RESONANCE.BO|Resonance Specialties Ltd |Basic Materials|Chemicals - Major Diversified
RITESHIN.BO|Ritesh International Ltd |Basic Materials|Chemicals - Major Diversified
CBE.PA|Robertet |Basic Materials|Chemicals - Major Diversified
RBT.PA|Robertet |Basic Materials|Chemicals - Major Diversified
ROOPAIND.BO|Roopa Industries Ltd |Basic Materials|Chemicals - Major Diversified
RO5K.DE|Ropal Europe AG |Basic Materials|Chemicals - Major Diversified
BUF.DE|S&R Biogas Energiesysteme AG |Basic Materials|Chemicals - Major Diversified
SECHE.BO|Secunderabad Healthcare Ltd |Basic Materials|Chemicals - Major Diversified
1708.TW|Sesoda Corp |Basic Materials|Chemicals - Major Diversified
SGL.DE|SGL Carbon SE |Basic Materials|Chemicals - Major Diversified
SHALMPAI.BO|Shalimar Paints Ltd |Basic Materials|Chemicals - Major Diversified
SHALPAINT.NS|Shalimar Paints Ltd |Basic Materials|Chemicals - Major Diversified
8329.HK|Shenzhen Neptunus |Basic Materials|Chemicals - Major Diversified
SEH.DE|Shin-Etsu Chemical Co Ltd |Basic Materials|Chemicals - Major Diversified
1773.TW|Shiny Chemical |Basic Materials|Chemicals - Major Diversified
SWD.DE|Showa Denko KK |Basic Materials|Chemicals - Major Diversified
5HH.SI|Sinjia Land Ltd |Basic Materials|Chemicals - Major Diversified
0395.HK|Sino Dragon New Energy |Basic Materials|Chemicals - Major Diversified
1712.TW|Sinon Corp |Basic Materials|Chemicals - Major Diversified
YIZH.DE|Sinopec Oilfield Service Corp |Basic Materials|Chemicals - Major Diversified
1033.HK|Sinopec Yizheng Chemical |Basic Materials|Chemicals - Major Diversified
SK1.DE|SKW Stahl-Metallurgie |Basic Materials|Chemicals - Major Diversified
SK1A.DE|SKW Stahl-Metallurgie |Basic Materials|Chemicals - Major Diversified
QYM.DE|Sociedad Quimica Y Minera |Basic Materials|Chemicals - Major Diversified
SOL.MI|Sol |Basic Materials|Chemicals - Major Diversified
SOLV.BR|Solvac |Basic Materials|Chemicals - Major Diversified
INDU.BA|Solvay Indupa SA |Basic Materials|Chemicals - Major Diversified
SOL.DE|Solvay SA |Basic Materials|Chemicals - Major Diversified
SOLB.BR|Solvay SA |Basic Materials|Chemicals - Major Diversified
SORB.L|Sorbic International PLC |Basic Materials|Chemicals - Major Diversified
SREERAYAL.BO|Sree Rayalaseema |Basic Materials|Chemicals - Major Diversified
SRHHYPOLT.NS|Sree Rayalaseema |Basic Materials|Chemicals - Major Diversified
SREERAYA.BO|Sree Rayalaseema Alkalies |Basic Materials|Chemicals - Major Diversified
CHMCRWN.BO|Standard Shoe Sole |Basic Materials|Chemicals - Major Diversified
SMM.DE|Sumitomo Chemical Co Ltd |Basic Materials|Chemicals - Major Diversified
SUNITEE.BO|Sunitee Chemicals Ltd |Basic Materials|Chemicals - Major Diversified
1721.TW|Sunko Ink Co Ltd |Basic Materials|Chemicals - Major Diversified
A7S.SI|SunVic Chemical Holdings Ltd |Basic Materials|Chemicals - Major Diversified
SUPPETRO.NS|Supreme Petrochem Ltd |Basic Materials|Chemicals - Major Diversified
SUPREMEPET.BO|Supreme Petrochem Ltd |Basic Materials|Chemicals - Major Diversified
SVCSUPE.BO|SVC Superchem Ltd |Basic Materials|Chemicals - Major Diversified
TCMLMTD.BO|T C M Ltd |Basic Materials|Chemicals - Major Diversified
1724.TW|T N C Industrial Co Ltd |Basic Materials|Chemicals - Major Diversified
4725.TW|Taiwan Prosperity Chemica |Basic Materials|Chemicals - Major Diversified
1310.TW|Taiwan Styrene Monomer Corp |Basic Materials|Chemicals - Major Diversified
TNPETRO.BO|Tamilnadu Petroproducts Ltd |Basic Materials|Chemicals - Major Diversified
TNPETRO.NS|Tamilnadu Petroproducts Ltd |Basic Materials|Chemicals - Major Diversified
TATACHEM.BO|Tata Chemicals Ltd |Basic Materials|Chemicals - Major Diversified
TATACHEM.NS|Tata Chemicals Ltd |Basic Materials|Chemicals - Major Diversified
TAUR-B.ST|Taurus Energy AB |Basic Materials|Chemicals - Major Diversified
TESB.BR|Tessenderlo Chemie NV |Basic Materials|Chemicals - Major Diversified
TEZ.DE|Tessenderlo Chemie NV |Basic Materials|Chemicals - Major Diversified
DOW|The Dow Chemical Company |Basic Materials|Chemicals - Major Diversified
0609.HK|Tiande Chemical Holdings Ltd. |Basic Materials|Chemicals - Major Diversified
TOS.DE|Tosoh Corp |Basic Materials|Chemicals - Major Diversified
TRANSPEK.BO|Transpek Industry Ltd |Basic Materials|Chemicals - Major Diversified
TET.L|Treatt PLC |Basic Materials|Chemicals - Major Diversified
A34.DE|Trecora Resources |Basic Materials|Chemicals - Major Diversified
TREC|Trecora Resources |Basic Materials|Chemicals - Major Diversified
TROX|Tronox Limited |Basic Materials|Chemicals - Major Diversified
UBE.DE|Ube Industries Ltd |Basic Materials|Chemicals - Major Diversified
ULTRAMAR.BO|Ultramarine & Pigments Ltd |Basic Materials|Chemicals - Major Diversified
BAUH746.SA|Unipar Carbocloro SA |Basic Materials|Chemicals - Major Diversified
BAUH747.SA|Unipar Carbocloro SA |Basic Materials|Chemicals - Major Diversified
BAZA745.SA|Unipar Carbocloro SA |Basic Materials|Chemicals - Major Diversified
UNIENTER.NS|Uniphos Enterprises Ltd |Basic Materials|Chemicals - Major Diversified
UNIPHOS.BO|Uniphos Enterprises Ltd |Basic Materials|Chemicals - Major Diversified
UNIVSTAR.BO|Universal Starch-Chem |Basic Materials|Chemicals - Major Diversified
1313.TW|Upc Technology Corp |Basic Materials|Chemicals - Major Diversified
M6B1.DE|Uralkali PJSC |Basic Materials|Chemicals - Major Diversified
URKA.L|Uralkali PJSC |Basic Materials|Chemicals - Major Diversified
VHI|Valhi, Inc. |Basic Materials|Chemicals - Major Diversified
VERITAS.BO|Veritas (India) Ltd |Basic Materials|Chemicals - Major Diversified
VINATIOR.BO|Vinati Organics Ltd |Basic Materials|Chemicals - Major Diversified
VINATIORG.NS|Vinati Organics Ltd |Basic Materials|Chemicals - Major Diversified
VIVIDIND.BO|Vivid Global Industries Ltd |Basic Materials|Chemicals - Major Diversified
WCH.DE|Wacker Chemie AG |Basic Materials|Chemicals - Major Diversified
WLKP|Westlake Chemical Partners LP |Basic Materials|Chemicals - Major Diversified
0868.HK|Xinyi Glass Holdings Ltd. |Basic Materials|Chemicals - Major Diversified
IU2.DE|Yara International ASA |Basic Materials|Chemicals - Major Diversified
YARO.ST|Yara International ASA |Basic Materials|Chemicals - Major Diversified
2168.HK|Yingde Gases Group Co., Ltd. |Basic Materials|Chemicals - Major Diversified
0408.HK|Yip's Chemical Holdings Ltd. |Basic Materials|Chemicals - Major Diversified
1725.TW|Yuan Jen Enterprises Co Ltd |Basic Materials|Chemicals - Major Diversified
1726.TW|Yung Chi Paint & Varnish |Basic Materials|Chemicals - Major Diversified
