More Info|Industry: Major Integrated Oil & Gas |Basic Materials|Major Integrated Oil & Gas
4AE.DE|Aegean Marine Petroleum |Basic Materials|Major Integrated Oil & Gas
ANW|Aegean Marine Petroleum Networ |Basic Materials|Major Integrated Oil & Gas
BP|BP plc |Basic Materials|Major Integrated Oil & Gas
BP.L|BP PLC |Basic Materials|Major Integrated Oil & Gas
BPE.DE|BP PLC |Basic Materials|Major Integrated Oil & Gas
BPE5.DE|BP PLC |Basic Materials|Major Integrated Oil & Gas
BPN.MX|BP PLC |Basic Materials|Major Integrated Oil & Gas
BSU.DE|BP PLC |Basic Materials|Major Integrated Oil & Gas
CAIRN.BO|Cairn India Ltd |Basic Materials|Major Integrated Oil & Gas
CAIRN.NS|Cairn India Ltd |Basic Materials|Major Integrated Oil & Gas
CTI.V|Caiterra International |Basic Materials|Major Integrated Oil & Gas
COS.TO|Canadian Oil Sands Ltd |Basic Materials|Major Integrated Oil & Gas
EFFN.ST|Cassandra Oil AB |Basic Materials|Major Integrated Oil & Gas
CVE.TO|Cenovus Energy Inc |Basic Materials|Major Integrated Oil & Gas
CXD.DE|Cenovus Energy Inc |Basic Materials|Major Integrated Oil & Gas
CHV.DE|Chevron Corp |Basic Materials|Major Integrated Oil & Gas
CHVX34.SA|Chevron Corp |Basic Materials|Major Integrated Oil & Gas
CVX.BA|Chevron Corp |Basic Materials|Major Integrated Oil & Gas
CVX.MX|Chevron Corp |Basic Materials|Major Integrated Oil & Gas
CVX|Chevron Corporation |Basic Materials|Major Integrated Oil & Gas
CHU.DE|China Petroleum |Basic Materials|Major Integrated Oil & Gas
CHUA.DE|China Petroleum |Basic Materials|Major Integrated Oil & Gas
SNP.BA|China Petroleum |Basic Materials|Major Integrated Oil & Gas
SNP.L|China Petroleum |Basic Materials|Major Integrated Oil & Gas
0386.HK|China Petroleum & Chemica |Basic Materials|Major Integrated Oil & Gas
SNP|China Petroleum & Chemical Cor |Basic Materials|Major Integrated Oil & Gas
C8O.DE|Connacher Oil and Gas Ltd |Basic Materials|Major Integrated Oil & Gas
CLL.TO|Connacher Oil and Gas Ltd |Basic Materials|Major Integrated Oil & Gas
CE2.DE|CropEnergies AG |Basic Materials|Major Integrated Oil & Gas
DCC.AX|Digital CC Ltd |Basic Materials|Major Integrated Oil & Gas
EC|Ecopetrol SA |Basic Materials|Major Integrated Oil & Gas
ECHA.DE|Ecopetrol SA |Basic Materials|Major Integrated Oil & Gas
ECP.TO|Ecopetrol SA |Basic Materials|Major Integrated Oil & Gas
ECA|Encana Corporation |Basic Materials|Major Integrated Oil & Gas
E|Eni SpA |Basic Materials|Major Integrated Oil & Gas
EN.MX|Eni SpA |Basic Materials|Major Integrated Oil & Gas
ENI.DE|Eni SpA |Basic Materials|Major Integrated Oil & Gas
ENI.MI|Eni SpA |Basic Materials|Major Integrated Oil & Gas
ENI1.DE|Eni SpA |Basic Materials|Major Integrated Oil & Gas
ER9.DE|ERG SPA |Basic Materials|Major Integrated Oil & Gas
ERG.MI|ERG SPA |Basic Materials|Major Integrated Oil & Gas
ESSAROIL.BO|Essar Oil Ltd |Basic Materials|Major Integrated Oil & Gas
ESSAROIL.NS|Essar Oil Ltd |Basic Materials|Major Integrated Oil & Gas
EXXO34.SA|Exxon Mobil Corporation |Basic Materials|Major Integrated Oil & Gas
XOM|Exxon Mobil Corporation |Basic Materials|Major Integrated Oil & Gas
XOM.BA|Exxon Mobil Corporation |Basic Materials|Major Integrated Oil & Gas
XOM.MX|Exxon Mobil Corporation |Basic Materials|Major Integrated Oil & Gas
XONA.DE|Exxon Mobil Corporation |Basic Materials|Major Integrated Oil & Gas
GAGAN.BO|Gagan Gases Ltd |Basic Materials|Major Integrated Oil & Gas
GZ5.DE|Galp Energia SGPS SA |Basic Materials|Major Integrated Oil & Gas
G0C.DE|GeoPetro Resources Co |Basic Materials|Major Integrated Oil & Gas
GEOR|GeoPetro Resources Company |Basic Materials|Major Integrated Oil & Gas
GXR.V|Georox Resources Inc |Basic Materials|Major Integrated Oil & Gas
OF6A.DE|Georox Resources Inc |Basic Materials|Major Integrated Oil & Gas
GA.V|Golconda Resources Ltd |Basic Materials|Major Integrated Oil & Gas
ELPE.AT|Hellenic Petroleum SA |Basic Materials|Major Integrated Oil & Gas
HLPN.DE|Hellenic Petroleum SA |Basic Materials|Major Integrated Oil & Gas
HKE.DE|Husky Energy Inc |Basic Materials|Major Integrated Oil & Gas
HSE.TO|Husky Energy Inc |Basic Materials|Major Integrated Oil & Gas
IMO.TO|Imperial Oil Ltd |Basic Materials|Major Integrated Oil & Gas
IMP.DE|Imperial Oil Ltd |Basic Materials|Major Integrated Oil & Gas
IMO|Imperial Oil Ltd. |Basic Materials|Major Integrated Oil & Gas
IRG.L|Independent Resources PLC |Basic Materials|Major Integrated Oil & Gas
IFUE|International Fuel Technology |Basic Materials|Major Integrated Oil & Gas
KEYP|Keyuan Petrochemicals, Inc. |Basic Materials|Major Integrated Oil & Gas
MNGA|MagneGas Corporation |Basic Materials|Major Integrated Oil & Gas
MOLD.L|Magyar laj-Es Gazipare |Basic Materials|Major Integrated Oil & Gas
MPLE.L|Maple Energy PLC |Basic Materials|Major Integrated Oil & Gas
NBZ.TO|Northern Blizzard |Basic Materials|Major Integrated Oil & Gas
GAZ.DE|OAO Gazprom |Basic Materials|Major Integrated Oil & Gas
OGZD.L|OAO Gazprom |Basic Materials|Major Integrated Oil & Gas
LKOD.L|OAO Lukoil |Basic Materials|Major Integrated Oil & Gas
LKOH.L|OAO Lukoil |Basic Materials|Major Integrated Oil & Gas
LUK.DE|OAO Lukoil |Basic Materials|Major Integrated Oil & Gas
ONGC.BO|Oil & Natural Gas Corp Ltd |Basic Materials|Major Integrated Oil & Gas
OJS1.DE|OJSC Rosneft Oil Co |Basic Materials|Major Integrated Oil & Gas
ROSN.L|OJSC Rosneft Oil Co |Basic Materials|Major Integrated Oil & Gas
ORG.AX|Origin Energy Ltd |Basic Materials|Major Integrated Oil & Gas
ORL.DE|Origin Energy Ltd |Basic Materials|Major Integrated Oil & Gas
BAUH488.SA|OSX Brasil SA |Basic Materials|Major Integrated Oil & Gas
APBR.BA|Petrobras |Basic Materials|Major Integrated Oil & Gas
APBRA.BA|Petrobras |Basic Materials|Major Integrated Oil & Gas
BAZA499.SA|Petrobras |Basic Materials|Major Integrated Oil & Gas
BAZA500.SA|Petrobras |Basic Materials|Major Integrated Oil & Gas
PBRN.MX|Petrobras |Basic Materials|Major Integrated Oil & Gas
PJX.DE|Petrobras |Basic Materials|Major Integrated Oil & Gas
PJXA.DE|Petrobras |Basic Materials|Major Integrated Oil & Gas
PJXB.DE|Petrobras |Basic Materials|Major Integrated Oil & Gas
PJXC.DE|Petrobras |Basic Materials|Major Integrated Oil & Gas
PESA.BA|Petrobras Argentina SA |Basic Materials|Major Integrated Oil & Gas
PT5A.DE|Petrobras Argentina SA |Basic Materials|Major Integrated Oil & Gas
PZE|Petrobras Argentina SA |Basic Materials|Major Integrated Oil & Gas
0857.HK|PetroChina Co Ltd |Basic Materials|Major Integrated Oil & Gas
K3OD.SI|PetroChina Co Ltd |Basic Materials|Major Integrated Oil & Gas
PC6.DE|PetroChina Co Ltd |Basic Materials|Major Integrated Oil & Gas
PC6A.DE|PetroChina Co Ltd |Basic Materials|Major Integrated Oil & Gas
PTR|PetroChina Co. Ltd. |Basic Materials|Major Integrated Oil & Gas
PDR.OL|Petrolia ASA |Basic Materials|Major Integrated Oil & Gas
PTOF.DE|Ptt PLC |Basic Materials|Major Integrated Oil & Gas
QFI.L|Quadrise Fuels Intl |Basic Materials|Major Integrated Oil & Gas
RRL.V|Relentless Resources Ltd |Basic Materials|Major Integrated Oil & Gas
REP.BA|Repsol SA |Basic Materials|Major Integrated Oil & Gas
REP.DE|Repsol SA |Basic Materials|Major Integrated Oil & Gas
REPA.DE|Repsol SA |Basic Materials|Major Integrated Oil & Gas
RRMS|Rose Rock Midstream, L.P. |Basic Materials|Major Integrated Oil & Gas
R6C.DE|Royal Dutch Shell PLC |Basic Materials|Major Integrated Oil & Gas
R6C1.DE|Royal Dutch Shell PLC |Basic Materials|Major Integrated Oil & Gas
R6C2.DE|Royal Dutch Shell PLC |Basic Materials|Major Integrated Oil & Gas
R6C3.DE|Royal Dutch Shell PLC |Basic Materials|Major Integrated Oil & Gas
RDS-B|Royal Dutch Shell plc |Basic Materials|Major Integrated Oil & Gas
RDSA.L|Royal Dutch Shell PLC |Basic Materials|Major Integrated Oil & Gas
RDSA.MX|Royal Dutch Shell PLC |Basic Materials|Major Integrated Oil & Gas
RDSB.L|Royal Dutch Shell PLC |Basic Materials|Major Integrated Oil & Gas
RDSB.MX|Royal Dutch Shell PLC |Basic Materials|Major Integrated Oil & Gas
SAO.DE|Sasol Ltd |Basic Materials|Major Integrated Oil & Gas
SAOA.DE|Sasol Ltd |Basic Materials|Major Integrated Oil & Gas
SSL|Sasol Ltd. |Basic Materials|Major Integrated Oil & Gas
SSL.TO|Sasol Ltd. |Basic Materials|Major Integrated Oil & Gas
SSL.TO|Sasol Ltd. |Basic Materials|Major Integrated Oil & Gas
DNQ.DE|Statoil ASA |Basic Materials|Major Integrated Oil & Gas
DNQA.DE|Statoil ASA |Basic Materials|Major Integrated Oil & Gas
STLFUT.OL|Statoil ASA |Basic Materials|Major Integrated Oil & Gas
STLO.ST|Statoil ASA |Basic Materials|Major Integrated Oil & Gas
STO|Statoil ASA |Basic Materials|Major Integrated Oil & Gas
SM3.DE|Suncor Energy Inc |Basic Materials|Major Integrated Oil & Gas
SU.TO|Suncor Energy Inc |Basic Materials|Major Integrated Oil & Gas
SGGD.L|Surgutneftegas OJSC |Basic Materials|Major Integrated Oil & Gas
SGNV.DE|Surgutneftegas OJSC |Basic Materials|Major Integrated Oil & Gas
TGRO|Tiger Oil and Energy, Inc. |Basic Materials|Major Integrated Oil & Gas
FP.PA|Total SA |Basic Materials|Major Integrated Oil & Gas
FPNV.PA|Total SA |Basic Materials|Major Integrated Oil & Gas
TOT|Total SA |Basic Materials|Major Integrated Oil & Gas
TOT.MI|Total SA |Basic Materials|Major Integrated Oil & Gas
TOTA.DE|Total SA |Basic Materials|Major Integrated Oil & Gas
TOTB.DE|Total SA |Basic Materials|Major Integrated Oil & Gas
TOTN.MX|Total SA |Basic Materials|Major Integrated Oil & Gas
TTA.L|Total SA |Basic Materials|Major Integrated Oil & Gas
VNGE|Vanguard Energy Corporation |Basic Materials|Major Integrated Oil & Gas
WOF.AX|Wolf Petroleum Ltd |Basic Materials|Major Integrated Oil & Gas
XL.V|XXL Energy Corp |Basic Materials|Major Integrated Oil & Gas
YPF|YPF S.A. |Basic Materials|Major Integrated Oil & Gas
YPFD.BA|YPF Sociedad Anonima |Basic Materials|Major Integrated Oil & Gas
