More Info|Industry: Oil & Gas Refining & Marketing |Basic Materials|Oil & Gas Refining & Marketing
AE|Adams Resources & Energy Inc. |Basic Materials|Oil & Gas Refining & Marketing
A2U.DE|Alon USA Energy Inc |Basic Materials|Oil & Gas Refining & Marketing
ALJ|Alon USA Energy, Inc. |Basic Materials|Oil & Gas Refining & Marketing
ALDW|Alon USA Partners, LP |Basic Materials|Oil & Gas Refining & Marketing
5AU.SI|AP Oil International Ltd |Basic Materials|Oil & Gas Refining & Marketing
ARW.AX|Australian Renewable Fuels Ltd |Basic Materials|Oil & Gas Refining & Marketing
D7I.DE|BDI - Bioenergy |Basic Materials|Oil & Gas Refining & Marketing
BPCL.BO|Bharat Petroleum Corp Ltd |Basic Materials|Oil & Gas Refining & Marketing
BPCL.NS|Bharat Petroleum Corp Ltd |Basic Materials|Oil & Gas Refining & Marketing
BX.TO|BIOX Corp |Basic Materials|Oil & Gas Refining & Marketing
BMI.DE|BP Prudhoe Bay Royalty Trust |Basic Materials|Oil & Gas Refining & Marketing
BPT|BP Prudhoe Bay Royalty Trust |Basic Materials|Oil & Gas Refining & Marketing
FIQT.DE|Brightoil Petroleum |Basic Materials|Oil & Gas Refining & Marketing
CALSREF.BO|Cals Refineries Ltd |Basic Materials|Oil & Gas Refining & Marketing
CLZ.DE|Caltex Australia Ltd |Basic Materials|Oil & Gas Refining & Marketing
CTX.AX|Caltex Australia Ltd |Basic Materials|Oil & Gas Refining & Marketing
C1A.DE|Calumet Specialty |Basic Materials|Oil & Gas Refining & Marketing
CLMT|Calumet Specialty Products Par |Basic Materials|Oil & Gas Refining & Marketing
CHENNPETR.NS|Chennai Petroleum Corp Ltd |Basic Materials|Oil & Gas Refining & Marketing
CHENNPETRO.BO|Chennai Petroleum Corp Ltd |Basic Materials|Oil & Gas Refining & Marketing
G92.SI|China Aviation Oil |Basic Materials|Oil & Gas Refining & Marketing
VZ8.DE|China Aviation Oil |Basic Materials|Oil & Gas Refining & Marketing
0384.HK|China Gas Holdings Ltd. |Basic Materials|Oil & Gas Refining & Marketing
GPI1.DE|China Oil And Gas Group Ltd |Basic Materials|Oil & Gas Refining & Marketing
0603.HK|China Oil And Gas Group Ltd. |Basic Materials|Oil & Gas Refining & Marketing
CYIP|China Yili Petroleum Co. |Basic Materials|Oil & Gas Refining & Marketing
CONFIPET.BO|Confidence Petroleum India Ltd |Basic Materials|Oil & Gas Refining & Marketing
CONTPTR.BO|Continental Petroleums Ltd |Basic Materials|Oil & Gas Refining & Marketing
BAZA157.SA|Cosan SA Industria e Comercio |Basic Materials|Oil & Gas Refining & Marketing
CSM.DE|Cosmo Oil Company Limited |Basic Materials|Oil & Gas Refining & Marketing
CAPL|CrossAmerica Partners LP |Basic Materials|Oil & Gas Refining & Marketing
FL9.DE|CVR Energy Inc |Basic Materials|Oil & Gas Refining & Marketing
CVI|CVR Energy, Inc. |Basic Materials|Oil & Gas Refining & Marketing
CVRR|CVR Refining, LP |Basic Materials|Oil & Gas Refining & Marketing
DCC.L|DCC PLC |Basic Materials|Oil & Gas Refining & Marketing
DK|Delek US Holdings, Inc. |Basic Materials|Oil & Gas Refining & Marketing
DPAM.PA|Docks Pétroles d Ambès |Basic Materials|Oil & Gas Refining & Marketing
EROC|Eagle Rock Energy Partners, L. |Basic Materials|Oil & Gas Refining & Marketing
EASTERNGAS.BO|Eastern Gases Ltd |Basic Materials|Oil & Gas Refining & Marketing
ELIN.AT|Elinoil |Basic Materials|Oil & Gas Refining & Marketing
DEAC|Elite Data Services Inc. |Basic Materials|Oil & Gas Refining & Marketing
DEAC|Elite Data Services Inc. |Basic Materials|Oil & Gas Refining & Marketing
DEAC|Elite Data Services Inc. |Basic Materials|Oil & Gas Refining & Marketing
EH8.DE|Esso |Basic Materials|Oil & Gas Refining & Marketing
ES.PA|Esso |Basic Materials|Oil & Gas Refining & Marketing
JAV2.DE|Esso Thailand PCL |Basic Materials|Oil & Gas Refining & Marketing
FEG.DE|Ferrellgas Partners LP |Basic Materials|Oil & Gas Refining & Marketing
FGP|Ferrellgas Partners LP |Basic Materials|Oil & Gas Refining & Marketing
6505.TW|Formosa Petrochemical Corp |Basic Materials|Oil & Gas Refining & Marketing
FTO.L|Fortune Oil PLC |Basic Materials|Oil & Gas Refining & Marketing
GBOE|GeoBio Energy, Inc. |Basic Materials|Oil & Gas Refining & Marketing
GBOE|GeoBio Energy, Inc. |Basic Materials|Oil & Gas Refining & Marketing
HINDPETRO.NS|Hindustan Petroleum Corp Ltd |Basic Materials|Oil & Gas Refining & Marketing
HPCL.BO|Hindustan Petroleum Corp Ltd |Basic Materials|Oil & Gas Refining & Marketing
HFC|HollyFrontier Corporation |Basic Materials|Oil & Gas Refining & Marketing
HYR.L|Hydrodec Group PLC |Basic Materials|Oil & Gas Refining & Marketing
I7B.DE|Idemitsu Kosan Co., Ltd. |Basic Materials|Oil & Gas Refining & Marketing
IOC.BO|Indian Oil Corp Ltd |Basic Materials|Oil & Gas Refining & Marketing
IOC.NS|Indian Oil Corp Ltd |Basic Materials|Oil & Gas Refining & Marketing
IOLA.DE|InterOil Corp |Basic Materials|Oil & Gas Refining & Marketing
IOC|InterOil Corporation |Basic Materials|Oil & Gas Refining & Marketing
NVPF.DE|Irpc PLC |Basic Materials|Oil & Gas Refining & Marketing
TPIG.DE|Irpc PLC |Basic Materials|Oil & Gas Refining & Marketing
JHJ.DE|JX Holdings Inc |Basic Materials|Oil & Gas Refining & Marketing
KIORQ|KiOR, Inc. |Basic Materials|Oil & Gas Refining & Marketing
MRPL.BO|Mangalore Refinery |Basic Materials|Oil & Gas Refining & Marketing
MRPL.NS|Mangalore Refinery |Basic Materials|Oil & Gas Refining & Marketing
MPC|Marathon Petroleum Corporation |Basic Materials|Oil & Gas Refining & Marketing
MNELF|Mission Newenergy Limited |Basic Materials|Oil & Gas Refining & Marketing
MBT.AX|Mission NewEnergy Ltd |Basic Materials|Oil & Gas Refining & Marketing
HEM.DE|Motor Oil |Basic Materials|Oil & Gas Refining & Marketing
MOH.AT|Motor Oil |Basic Materials|Oil & Gas Refining & Marketing
NAGAROIL.NS|Nagarjuna Oil Refinery Ltd |Basic Materials|Oil & Gas Refining & Marketing
9937.TW|National Petroleum Co Ltd |Basic Materials|Oil & Gas Refining & Marketing
NEF.DE|Neste Oil Oyj |Basic Materials|Oil & Gas Refining & Marketing
NECA|New America Energy Corp. |Basic Materials|Oil & Gas Refining & Marketing
NECA|New America Energy Corp. |Basic Materials|Oil & Gas Refining & Marketing
NZR.NZ|New Zealand Refining Co Ltd |Basic Materials|Oil & Gas Refining & Marketing
0342.HK|NewOcean Energy Holdings Ltd. |Basic Materials|Oil & Gas Refining & Marketing
NGL|NGL Energy Partners LP |Basic Materials|Oil & Gas Refining & Marketing
NTI|Northern Tier Energy LP |Basic Materials|Oil & Gas Refining & Marketing
ANN.DE|Northwest Oil |Basic Materials|Oil & Gas Refining & Marketing
PEIX|Pacific Ethanol, Inc. |Basic Materials|Oil & Gas Refining & Marketing
PANAMA.BO|Panama Petrochem Ltd |Basic Materials|Oil & Gas Refining & Marketing
PKI.TO|Parkland Fuel Corp |Basic Materials|Oil & Gas Refining & Marketing
PBF|PBF Energy Inc. |Basic Materials|Oil & Gas Refining & Marketing
PETRONET.BO|Petronet LNG Ltd |Basic Materials|Oil & Gas Refining & Marketing
PETRONET.NS|Petronet LNG Ltd |Basic Materials|Oil & Gas Refining & Marketing
PT8.DE|Petrotec AG |Basic Materials|Oil & Gas Refining & Marketing
PSX|Phillips 66 |Basic Materials|Oil & Gas Refining & Marketing
PSXP|Phillips 66 Partners LP |Basic Materials|Oil & Gas Refining & Marketing
PEZ.AX|Premiere Eastern Energy Ltd |Basic Materials|Oil & Gas Refining & Marketing
POR.V|Process Capital Corp. |Basic Materials|Oil & Gas Refining & Marketing
BAZA569.SA|Refinaria De Petroleos |Basic Materials|Oil & Gas Refining & Marketing
RELIANCE.NS|Reliance Industries Ltd |Basic Materials|Oil & Gas Refining & Marketing
RIGD.L|Reliance Industries Ltd |Basic Materials|Oil & Gas Refining & Marketing
RIL.BO|Reliance Industries Ltd |Basic Materials|Oil & Gas Refining & Marketing
RLI.DE|Reliance Industries Ltd |Basic Materials|Oil & Gas Refining & Marketing
REGI|Renewable Energy Group, Inc. |Basic Materials|Oil & Gas Refining & Marketing
R4Q.DE|RPCG PLC |Basic Materials|Oil & Gas Refining & Marketing
W8M1.DE|RPCG PLC |Basic Materials|Oil & Gas Refining & Marketing
SAHPETRO.BO|Sah Petroleums Ltd |Basic Materials|Oil & Gas Refining & Marketing
SAHPETRO.NS|Sah Petroleums Ltd |Basic Materials|Oil & Gas Refining & Marketing
SAMYAKINT.BO|Samyak International Ltd |Basic Materials|Oil & Gas Refining & Marketing
SRS.MI|Saras |Basic Materials|Oil & Gas Refining & Marketing
XKK.DE|Showa Shell Sekiyu KK |Basic Materials|Oil & Gas Refining & Marketing
566.SI|SHS Holdings Ltd |Basic Materials|Oil & Gas Refining & Marketing
K3DD.SI|Sinopec Shanghai |Basic Materials|Oil & Gas Refining & Marketing
SGJH.DE|Sinopec Shanghai |Basic Materials|Oil & Gas Refining & Marketing
SHI.DE|Sinopec Shanghai |Basic Materials|Oil & Gas Refining & Marketing
0338.HK|Sinopec Shanghai Petroche |Basic Materials|Oil & Gas Refining & Marketing
SHI|Sinopec Shanghai Petrochemical |Basic Materials|Oil & Gas Refining & Marketing
41S.DE|Sinostar Pec Holdings Ltd |Basic Materials|Oil & Gas Refining & Marketing
C9Q.SI|Sinostar Pec Holdings Ltd |Basic Materials|Oil & Gas Refining & Marketing
SRLP|Sprague Resources LP |Basic Materials|Oil & Gas Refining & Marketing
A4B.DE|SWW Energy Ltd |Basic Materials|Oil & Gas Refining & Marketing
SWW.AX|SWW Energy Ltd |Basic Materials|Oil & Gas Refining & Marketing
TX5.DE|Tesoro Corp |Basic Materials|Oil & Gas Refining & Marketing
TSO|Tesoro Corporation |Basic Materials|Oil & Gas Refining & Marketing
LQZ.DE|Thai Oil PLC |Basic Materials|Oil & Gas Refining & Marketing
LQZ1.DE|Thai Oil PLC |Basic Materials|Oil & Gas Refining & Marketing
TIDEWAT.BO|Tide Water Oil Co India Ltd |Basic Materials|Oil & Gas Refining & Marketing
TIDEWATER.NS|Tide Water Oil Co India Ltd |Basic Materials|Oil & Gas Refining & Marketing
TPRD.L|Tupras-Turkiye Petrol |Basic Materials|Oil & Gas Refining & Marketing
UGP|Ultrapar Holdings Inc. |Basic Materials|Oil & Gas Refining & Marketing
BAZA743.SA|Ultrapar Participacoes SA |Basic Materials|Oil & Gas Refining & Marketing
UGPN.MX|Ultrapar Participacoes SA |Basic Materials|Oil & Gas Refining & Marketing
UGR.DE|Ultrapar Participacoes SA |Basic Materials|Oil & Gas Refining & Marketing
VLE.DE|Valero Energy Corp |Basic Materials|Oil & Gas Refining & Marketing
VLO.MX|Valero Energy Corp |Basic Materials|Oil & Gas Refining & Marketing
VLO|Valero Energy Corporation |Basic Materials|Oil & Gas Refining & Marketing
BAZA208.SA|Vanguarda Agro S.A. |Basic Materials|Oil & Gas Refining & Marketing
W1R.DE|Western Refining Inc |Basic Materials|Oil & Gas Refining & Marketing
WNR|Western Refining, Inc. |Basic Materials|Oil & Gas Refining & Marketing
WFK.DE|World Fuel Services Corp |Basic Materials|Oil & Gas Refining & Marketing
INT|World Fuel Services Corp. |Basic Materials|Oil & Gas Refining & Marketing
