More Info|Industry: Specialty Chemicals |Basic Materials|Specialty Chemicals
HKFINCHQ.BO|Adi Finechem Ltd |Basic Materials|Specialty Chemicals
ADMT|ADM Tronics Unlimited Inc. |Basic Materials|Specialty Chemicals
DW5.DE|AE Biofuels, Inc. |Basic Materials|Specialty Chemicals
AMTX|Aemetis, Inc. |Basic Materials|Specialty Chemicals
AGARIND.BO|Agarwal Industrial Corp Ltd |Basic Materials|Specialty Chemicals
0AW.DE|Air Water Inc. |Basic Materials|Specialty Chemicals
AKZOINDIA.NS|Akzo Nobel India Ltd |Basic Materials|Specialty Chemicals
ICI.BO|Akzo Nobel India Ltd |Basic Materials|Specialty Chemicals
AKU.DE|Akzo Nobel NV |Basic Materials|Specialty Chemicals
AMC.DE|Albemarle Corp |Basic Materials|Specialty Chemicals
ALB|Albemarle Corporation |Basic Materials|Specialty Chemicals
ALB.TO|Albemarle Corporation |Basic Materials|Specialty Chemicals
AJX.AX|Alexium International Gro |Basic Materials|Specialty Chemicals
E7T.DE|Alexium International Gro |Basic Materials|Specialty Chemicals
ALFAA.MX|Alfa, S.A.B. de C.V. |Basic Materials|Specialty Chemicals
G4L.DE|Alfa, S.A.B. de C.V. |Basic Materials|Specialty Chemicals
ALKALI.BO|Alkali Metals Ltd |Basic Materials|Specialty Chemicals
ALKALI.NS|Alkali Metals Ltd |Basic Materials|Specialty Chemicals
ALKYLAM.BO|Alkyl Amines Chemicals Ltd |Basic Materials|Specialty Chemicals
ALKYLAMIN.NS|Alkyl Amines Chemicals Ltd |Basic Materials|Specialty Chemicals
AFSE|All Energy Corp. |Basic Materials|Specialty Chemicals
ALTI|Altair Nanotechnologies, Inc. |Basic Materials|Specialty Chemicals
AMAL.BO|Amal Ltd |Basic Materials|Specialty Chemicals
AMRS|Amyris, Inc. |Basic Materials|Specialty Chemicals
AGM.L|Applied Graphene Materials PLC |Basic Materials|Specialty Chemicals
ACRB|Asia Carbon Industries, Inc. |Basic Materials|Specialty Chemicals
ASIANPAIN.NS|Asian Paints Ltd. |Basic Materials|Specialty Chemicals
ASIANPAINT.BO|Asian Paints Ltd. |Basic Materials|Specialty Chemicals
AAT.V|ATI Airtest Technologies Inc. |Basic Materials|Specialty Chemicals
AVRW|Aventine Renewable Energy Hold |Basic Materials|Specialty Chemicals
AXTA|Axalta Coating Systems Ltd. |Basic Materials|Specialty Chemicals
AXELPOLY.BO|Axel Polymers Ltd |Basic Materials|Specialty Chemicals
BAGADIA.BO|Bagadia Colourchem Ltd |Basic Materials|Specialty Chemicals
BALAMINES.NS|Balaji Amines Limited |Basic Materials|Specialty Chemicals
BALAJIAM.BO|Balaji Amines Ltd |Basic Materials|Specialty Chemicals
BERGEPAIN.NS|Berger Paints India Ltd |Basic Materials|Specialty Chemicals
BERGEPAINT.BO|Berger Paints India Ltd |Basic Materials|Specialty Chemicals
BHAGERIA.BO|Bhageria Dye Chem Ltd |Basic Materials|Specialty Chemicals
ON.MI|Bio-on SpA |Basic Materials|Specialty Chemicals
BFLS|Biofuels Power Corporation |Basic Materials|Specialty Chemicals
BONU|BioNeutral Group, Inc. |Basic Materials|Specialty Chemicals
BLACKROSE.BO|Black Rose Industries Ltd |Basic Materials|Specialty Chemicals
BLGA|BlastGard International Inc. |Basic Materials|Specialty Chemicals
0963.HK|Bloomage BioTechnology |Basic Materials|Specialty Chemicals
BFRE|BlueFire Renewables, Inc. |Basic Materials|Specialty Chemicals
BODALCHEM.BO|Bodal Chemicals Ltd |Basic Materials|Specialty Chemicals
BORAX.BO|Borax Morarji Ltd |Basic Materials|Specialty Chemicals
BNR.DE|Brenntag AG |Basic Materials|Specialty Chemicals
CJGEL.BO|C J Gelatine Products Ltd |Basic Materials|Specialty Chemicals
CBT.DE|Cabot Corp |Basic Materials|Specialty Chemicals
CBT|Cabot Corporation |Basic Materials|Specialty Chemicals
CLKTF|CalciTech Ltd. |Basic Materials|Specialty Chemicals
CLKTF|CalciTech Ltd. |Basic Materials|Specialty Chemicals
CNO.V|California Nanotech |Basic Materials|Specialty Chemicals
CAMEXLTD.BO|Camex Ltd |Basic Materials|Specialty Chemicals
CAMLNFINE.BO|Camlin Fine Sciences Ltd |Basic Materials|Specialty Chemicals
CUS.TO|Canexus Corp |Basic Materials|Specialty Chemicals
CASTROL.BO|Castrol India Ltd. |Basic Materials|Specialty Chemicals
CASTROL.NS|Castrol India Ltd. |Basic Materials|Specialty Chemicals
1713.TW|Cathay Chemical Works Inc |Basic Materials|Specialty Chemicals
D2V.SI|Changtian Plastic & Chemi |Basic Materials|Specialty Chemicals
0951.HK|Chaowei Power Holdings Ltd. |Basic Materials|Specialty Chemicals
CHEMBOND.BO|Chembond Chemicals Ltd |Basic Materials|Specialty Chemicals
CHEMALK.BO|Chemfab Alkalies Ltd |Basic Materials|Specialty Chemicals
CHEMFALKA.NS|Chemfab Alkalies Ltd |Basic Materials|Specialty Chemicals
CHE-UN.TO|Chemtrade Logistics |Basic Materials|Specialty Chemicals
CHMT|Chemtura Corporation |Basic Materials|Specialty Chemicals
1314.TW|China Petrochemical Dev |Basic Materials|Specialty Chemicals
2198.HK|China Sanjiang Fine |Basic Materials|Specialty Chemicals
51C.DE|Chr Hansen Holding AS |Basic Materials|Specialty Chemicals
CHROMATI.BO|Chromatic India Ltd |Basic Materials|Specialty Chemicals
CHROMATIC.NS|Chromatic India Ltd |Basic Materials|Specialty Chemicals
CLRN.DE|Clariant AG |Basic Materials|Specialty Chemicals
CLARICHEM.BO|Clariant Chemicals India Ltd |Basic Materials|Specialty Chemicals
CLNINDIA.NS|Clariant Chemicals India Ltd |Basic Materials|Specialty Chemicals
CLTH|Cleantech Biofuels, Inc. |Basic Materials|Specialty Chemicals
COLO.BA|Colorin SA |Basic Materials|Specialty Chemicals
PLAKR.AT|Creta Plastics SA |Basic Materials|Specialty Chemicals
6CM.DE|Croda International PLC |Basic Materials|Specialty Chemicals
CRDA.L|Croda International PLC |Basic Materials|Specialty Chemicals
CZM.DE|Cytec Industries Inc |Basic Materials|Specialty Chemicals
CYT|Cytec Industries Inc. |Basic Materials|Specialty Chemicals
DAICHI.BO|Dai-Ichi Karkaria Ltd |Basic Materials|Specialty Chemicals
DAIKAFFI.BO|Daikaffil Chemicals India Ltd |Basic Materials|Specialty Chemicals
DEFL-B.ST|Deflamo AB |Basic Materials|Specialty Chemicals
5D8.DE|Deinove |Basic Materials|Specialty Chemicals
ALDEI.PA|Deinove |Basic Materials|Specialty Chemicals
DPN.DE|DIC Corporation |Basic Materials|Specialty Chemicals
DUJODPPR.BO|Dujodwala Paper Chemicals Ltd |Basic Materials|Specialty Chemicals
DYNAMIND.BO|Dynamic Industries Ltd |Basic Materials|Specialty Chemicals
DYNPRO.BO|Dynemic Products Ltd |Basic Materials|Specialty Chemicals
ECJ.DE|Ecolab Inc |Basic Materials|Specialty Chemicals
ECOCQ|Ecology Coatings, Inc. |Basic Materials|Specialty Chemicals
ECO.TO|EcoSynthetix Inc |Basic Materials|Specialty Chemicals
ELANTAS.BO|Elantas Beck India Ltd. |Basic Materials|Specialty Chemicals
E3E.DE|Elementis PLC |Basic Materials|Specialty Chemicals
ELM.L|Elementis PLC |Basic Materials|Specialty Chemicals
EMMESSA.BO|Emmessar Biotech |Basic Materials|Specialty Chemicals
DBT.PA|Encres Dubuit |Basic Materials|Specialty Chemicals
ETCK|EnerTeck Corp. |Basic Materials|Specialty Chemicals
EIHC|Environmental Infrastructure H |Basic Materials|Specialty Chemicals
ESPI|ESP Resources, Inc. |Basic Materials|Specialty Chemicals
ESPI|ESP Resources, Inc. |Basic Materials|Specialty Chemicals
EVK.DE|Evonik Industries AG |Basic Materials|Specialty Chemicals
ARSICOS.BO|Exotic Coal Ltd |Basic Materials|Specialty Chemicals
I54.SI|Fabchem China Ltd |Basic Materials|Specialty Chemicals
FR9.DE|Ferro Corp |Basic Materials|Specialty Chemicals
FOE|Ferro Corporation |Basic Materials|Specialty Chemicals
FXT.DE|Flexible Solutions |Basic Materials|Specialty Chemicals
FSI|Flexible Solutions Internation |Basic Materials|Specialty Chemicals
FSI.V|Flexible Solutions Internation |Basic Materials|Specialty Chemicals
FRUT.L|Frutarom Industries Ltd |Basic Materials|Specialty Chemicals
GANESHBE.BO|Ganesh Benzoplast Ltd |Basic Materials|Specialty Chemicals
GVKO-B.ST|Geveko AB |Basic Materials|Specialty Chemicals
GIN.DE|Givaudan SA |Basic Materials|Specialty Chemicals
GOACARB.BO|Goa Carbon Ltd |Basic Materials|Specialty Chemicals
GOACARBON.NS|Goa Carbon Ltd |Basic Materials|Specialty Chemicals
GRPH.L|Graphene NanoChem PLC |Basic Materials|Specialty Chemicals
G3V.DE|Green Plains Inc |Basic Materials|Specialty Chemicals
GPRE|Green Plains Inc. |Basic Materials|Specialty Chemicals
SIKOZY.BO|Griffin Chemicals Limited |Basic Materials|Specialty Chemicals
GTS.L|GTS Chemical Holdings PLC |Basic Materials|Specialty Chemicals
GUJCARB.BO|Gujarat Carbon And Indus |Basic Materials|Specialty Chemicals
GULFOIL.BO|Gulf Oil Corp Ltd |Basic Materials|Specialty Chemicals
R29A.DE|Gulf Resources Inc |Basic Materials|Specialty Chemicals
GURE|Gulf Resources, Inc. |Basic Materials|Specialty Chemicals
GVM.DE|Gurit Holding AG |Basic Materials|Specialty Chemicals
H4G.DE|Hansa Group AG |Basic Materials|Specialty Chemicals
HARDCAS.BO|Hardcastle & Waud |Basic Materials|Specialty Chemicals
HARLETH.BO|Haryana Leather Chemicals Ltd |Basic Materials|Specialty Chemicals
HWKN|Hawkins Inc. |Basic Materials|Specialty Chemicals
HAYD.L|Haydale Graphene |Basic Materials|Specialty Chemicals
FUL|HB Fuller Co. |Basic Materials|Specialty Chemicals
HXBM|Helix Biomedix Inc. |Basic Materials|Specialty Chemicals
4QT.DE|Hexpol AB |Basic Materials|Specialty Chemicals
HPOL-B.ST|Hexpol AB |Basic Materials|Specialty Chemicals
HINDADH.BO|Hindustan Adhesives Ltd |Basic Materials|Specialty Chemicals
IGPETRO.BO|Ig Petrochemicals Ltd |Basic Materials|Specialty Chemicals
IGPL.NS|Ig Petrochemicals Ltd |Basic Materials|Specialty Chemicals
IKNX|Ikonics Corp. |Basic Materials|Specialty Chemicals
INDGELA.BO|India Gelatine & Chemicals Ltd |Basic Materials|Specialty Chemicals
INDTONER.BO|Indian Toners & Developers Ltd |Basic Materials|Specialty Chemicals
INDOKEM.BO|Indokem Ltd |Basic Materials|Specialty Chemicals
IPHS|Innophos Holdings Inc |Basic Materials|Specialty Chemicals
OCT.DE|Innospec Inc |Basic Materials|Specialty Chemicals
IOSP|Innospec Inc. |Basic Materials|Specialty Chemicals
IFF.DE|International Flavors |Basic Materials|Specialty Chemicals
IFF|International Flavors & Fragra |Basic Materials|Specialty Chemicals
IOF.L|Iofina PLC |Basic Materials|Specialty Chemicals
IOLCHEMPH.BO|IOL Chemicals |Basic Materials|Specialty Chemicals
IOLCP.NS|IOL Chemicals |Basic Materials|Specialty Chemicals
IVP.BO|IVP Ltd |Basic Materials|Specialty Chemicals
IVP.NS|IVP Ltd |Basic Materials|Specialty Chemicals
JAYAGROGN.NS|Jayant Agro-Organics Ltd |Basic Materials|Specialty Chemicals
JAYANTAG.BO|Jayant Agro-Organics Ltd |Basic Materials|Specialty Chemicals
JAYSYN.BO|Jaysynth Dyestuff (India) Ltd |Basic Materials|Specialty Chemicals
JINDALPOL.NS|Jindal Poly Films Ltd |Basic Materials|Specialty Chemicals
JINDPOLYFM.BO|Jindal Poly Films Ltd |Basic Materials|Specialty Chemicals
JMAT.L|Johnson Matthey PLC |Basic Materials|Specialty Chemicals
JMT.DE|Johnson Matthey PLC |Basic Materials|Specialty Chemicals
JYOTIRES.BO|Jyoti Resins & Adhesives Ltd |Basic Materials|Specialty Chemicals
KKA.DE|Kaneka Corp |Basic Materials|Specialty Chemicals
KAP.DE|Kansai Paint Co., Ltd. |Basic Materials|Specialty Chemicals
KELENRG.BO|Keltech Energies Ltd |Basic Materials|Specialty Chemicals
KIRIDYES.BO|Kiri Industries Ltd |Basic Materials|Specialty Chemicals
KIRIDYES.NS|Kiri Industries Ltd |Basic Materials|Specialty Chemicals
KMG|KMG Chemicals Inc. |Basic Materials|Specialty Chemicals
DSM2.DE|Koninklijke DSM NV |Basic Materials|Specialty Chemicals
KO9.DE|Koppers Holdings Inc |Basic Materials|Specialty Chemicals
KOP|Koppers Holdings Inc. |Basic Materials|Specialty Chemicals
K21.DE|Kraton Performance |Basic Materials|Specialty Chemicals
KRA|Kraton Performance Polymers In |Basic Materials|Specialty Chemicals
ROSEIND.BO|Kriptol Industries Ltd |Basic Materials|Specialty Chemicals
KRO|Kronos Worldwide, Inc. |Basic Materials|Specialty Chemicals
0K1.DE|Kureha Corp |Basic Materials|Specialty Chemicals
LXS.DE|Lanxess AG |Basic Materials|Specialty Chemicals
LPAD|LaPolla Industries, Inc. |Basic Materials|Specialty Chemicals
LWLG|Lightwave Logic, Inc. |Basic Materials|Specialty Chemicals
LIMECHM.BO|Lime Chemicals Ltd |Basic Materials|Specialty Chemicals
BOC.NS|Linde India Ltd |Basic Materials|Specialty Chemicals
BOCINDIA.BO|Linde India Ltd |Basic Materials|Specialty Chemicals
FWK.V|Liuyang Fireworks Ltd |Basic Materials|Specialty Chemicals
LYB|LyondellBasell Industries N.V. |Basic Materials|Specialty Chemicals
MACE|Mace Security International In |Basic Materials|Specialty Chemicals
M15.SI|Matex International Ltd |Basic Materials|Specialty Chemicals
M6X.DE|Metabolix Inc |Basic Materials|Specialty Chemicals
MBLX|Metabolix, Inc. |Basic Materials|Specialty Chemicals
MEOH|Methanex Corp. |Basic Materials|Specialty Chemicals
MUG.DE|Mitsubishi Gas Chemical |Basic Materials|Specialty Chemicals
MMBF|Momentum Biofuels, Inc. |Basic Materials|Specialty Chemicals
SHAWGELQ.BO|Narmada Gelatines Ltd |Basic Materials|Specialty Chemicals
NATNOXY.BO|National Oxygen Ltd |Basic Materials|Specialty Chemicals
NOL.NS|National Oxygen Ltd |Basic Materials|Specialty Chemicals
NEM.V|Neo Material Technologies |Basic Materials|Specialty Chemicals
NSN.DE|Neschen AG |Basic Materials|Specialty Chemicals
NEU|NewMarket Corporation |Basic Materials|Specialty Chemicals
NIKHILAD.BO|Nikhil Adhesives Ltd |Basic Materials|Specialty Chemicals
NNC.DE|Nippon Carbide Industries |Basic Materials|Specialty Chemicals
NPV.DE|Nippon Carbon Co., Ltd. |Basic Materials|Specialty Chemicals
NI7.DE|Nippon Paint Holdings Co Ltd |Basic Materials|Specialty Chemicals
NITTAGELA.BO|Nitta Gelatin India Ltd |Basic Materials|Specialty Chemicals
ND5.DE|Nitto Denko Corporation |Basic Materials|Specialty Chemicals
NOBLEXP.BO|Noble Explochem Ltd |Basic Materials|Specialty Chemicals
NXX.V|Nordex Explosives Ltd |Basic Materials|Specialty Chemicals
NTIC|Northern Technologies Internat |Basic Materials|Specialty Chemicals
NZMB.DE|Novozymes |Basic Materials|Specialty Chemicals
ODC|Oil-Dri Corp. of America |Basic Materials|Specialty Chemicals
OLN.DE|Olin Corp |Basic Materials|Specialty Chemicals
OLN|Olin Corp. |Basic Materials|Specialty Chemicals
OM5.DE|OM Group Inc |Basic Materials|Specialty Chemicals
OMG|OM Group Inc. |Basic Materials|Specialty Chemicals
OMKARCHEM.NS|Omkar Speciality Chemicals Ltd |Basic Materials|Specialty Chemicals
OMN|OMNOVA Solutions Inc. |Basic Materials|Specialty Chemicals
OMN.TO|OMNOVA Solutions Inc. |Basic Materials|Specialty Chemicals
ORAP.PA|Orapi |Basic Materials|Specialty Chemicals
ORGCOAT.BO|Organic Coatings Ltd |Basic Materials|Specialty Chemicals
ICA.DE|Orica Ltd |Basic Materials|Specialty Chemicals
ORI.AX|Orica Ltd |Basic Materials|Specialty Chemicals
ORIABRAS.BO|Orient Abrasives Ltd |Basic Materials|Specialty Chemicals
ORIENTABR.NS|Orient Abrasives Ltd |Basic Materials|Specialty Chemicals
OEC|Orion Engineered Carbons SA |Basic Materials|Specialty Chemicals
FPRP.DE|Pacific Ethanol Inc |Basic Materials|Specialty Chemicals
PEIX|Pacific Ethanol, Inc. |Basic Materials|Specialty Chemicals
MLPFX.PA|Parfex SA |Basic Materials|Specialty Chemicals
PAUSHAKLTD.BO|Paushak Ltd |Basic Materials|Specialty Chemicals
PIDILITIN.NS|Pidilite Industries Ltd |Basic Materials|Specialty Chemicals
PIDILITIND.BO|Pidilite Industries Ltd |Basic Materials|Specialty Chemicals
ZPPOLYSA.BO|Planter'S Polysacks Ltd |Basic Materials|Specialty Chemicals
PLASTIBL.BO|Plastiblends India Ltd. |Basic Materials|Specialty Chemicals
PLASTIBLE.NS|Plastiblends India Ltd. |Basic Materials|Specialty Chemicals
PAH|Platform Specialty Products Co |Basic Materials|Specialty Chemicals
PODARPIGQ.BO|Poddar Pigments Ltd |Basic Materials|Specialty Chemicals
POLYCHEM.BO|Polychem Ltd |Basic Materials|Specialty Chemicals
PY9.DE|PolyOne Corp |Basic Materials|Specialty Chemicals
POL|PolyOne Corporation |Basic Materials|Specialty Chemicals
PONDYOXC.BO|Pondy Oxides And Chemicals Ltd |Basic Materials|Specialty Chemicals
PPQ.DE|PPG Industries Inc |Basic Materials|Specialty Chemicals
PPG|PPG Industries, Inc. |Basic Materials|Specialty Chemicals
PXR.DE|Praxair Inc |Basic Materials|Specialty Chemicals
PREMEXPLQ.BO|Premier Explosives Ltd |Basic Materials|Specialty Chemicals
QUC.DE|Quaker Chemical Corp |Basic Materials|Specialty Chemicals
KWR|Quaker Chemical Corporation |Basic Materials|Specialty Chemicals
REVO.L|Revolymer PLC |Basic Materials|Specialty Chemicals
RP8.DE|RPM International Inc |Basic Materials|Specialty Chemicals
RPM|RPM International Inc. |Basic Materials|Specialty Chemicals
SADHNANIQ.BO|Sadhana Nitro Chem Ltd |Basic Materials|Specialty Chemicals
XSI.DE|Sanyo Chemical Industries Ltd |Basic Materials|Specialty Chemicals
SOTL.BO|Savita Oil Technologies Ltd |Basic Materials|Specialty Chemicals
SOTL.NS|Savita Oil Technologies Ltd |Basic Materials|Specialty Chemicals
SBTL.BO|SBT |Basic Materials|Specialty Chemicals
SCPA.L|Scapa Group PLC |Basic Materials|Specialty Chemicals
SYI.DE|Senomyx Inc |Basic Materials|Specialty Chemicals
SNMX|Senomyx Inc. |Basic Materials|Specialty Chemicals
SXT|Sensient Technologies Corporat |Basic Materials|Specialty Chemicals
SHHARICH.BO|Shree Hari Chemicals |Basic Materials|Specialty Chemicals
SHREYASI.BO|Shreyas Intermediates Ltd |Basic Materials|Specialty Chemicals
ASTERSILI.NS|Shri Aster Silicates Ltd |Basic Materials|Specialty Chemicals
TCM1.DE|Siam Cement PLC |Basic Materials|Specialty Chemicals
SIQ.DE|Sigma-Aldrich Corp |Basic Materials|Specialty Chemicals
SIAL|Sigma-Aldrich Corporation |Basic Materials|Specialty Chemicals
SIK.DE|Sika AG |Basic Materials|Specialty Chemicals
0346.HK|Sino Union Energy |Basic Materials|Specialty Chemicals
SOLARIND.BO|Solar Industries India Ltd |Basic Materials|Specialty Chemicals
SOLARINDS.NS|Solar Industries India Ltd |Basic Materials|Specialty Chemicals
SZYM|Solazyme, Inc. |Basic Materials|Specialty Chemicals
SONALAD.BO|Sonal Adhesives Ltd |Basic Materials|Specialty Chemicals
ESSNSUP.BO|Square Four Projects India Ltd |Basic Materials|Specialty Chemicals
SLO.DE|Stella Chemifa Corp |Basic Materials|Specialty Chemicals
SUDARSCHE.NS|Sudarshan Chemical |Basic Materials|Specialty Chemicals
SUDRCHK-B.BO|Sudarshan Chemical |Basic Materials|Specialty Chemicals
SUNSHIEL.BO|Sunshield Chemicals Ltd |Basic Materials|Specialty Chemicals
OCTANT.BO|Swarnajyothi Agrotech |Basic Materials|Specialty Chemicals
SY1.DE|Symrise AG |Basic Materials|Specialty Chemicals
SYMX|Synthesis Energy Systems, Inc. |Basic Materials|Specialty Chemicals
YULC.L|Synthomer PLC |Basic Materials|Specialty Chemicals
TANFAC.BO|TANFAC Industries Ltd |Basic Materials|Specialty Chemicals
TANFACIND.NS|TANFAC Industries Ltd |Basic Materials|Specialty Chemicals
TIJ.DE|Teijin Ltd |Basic Materials|Specialty Chemicals
SHW|The Sherwin-Williams Company |Basic Materials|Specialty Chemicals
VAL|The Valspar Corporation |Basic Materials|Specialty Chemicals
THIRUMALAI.BO|Thirumalai Chemicals Ltd |Basic Materials|Specialty Chemicals
TIRUMALCH.NS|Thirumalai Chemicals Ltd |Basic Materials|Specialty Chemicals
7TO.DE|Tikkurila Oyj |Basic Materials|Specialty Chemicals
TINAOVER.BO|Tinna Rubber |Basic Materials|Specialty Chemicals
TBT.DE|Tokuyama Corporation |Basic Materials|Specialty Chemicals
TORM|TOR Minerals International Inc |Basic Materials|Specialty Chemicals
TO5.DE|Toyo Ink SC Holdings Co.Ltd. |Basic Materials|Specialty Chemicals
TO7.DE|Toyobo Co Ltd |Basic Materials|Specialty Chemicals
UNRG|United Energy Corp. |Basic Materials|Specialty Chemicals
UZU.DE|Uzin Utz AG |Basic Materials|Specialty Chemicals
VAP.DE|Valspar Corp |Basic Materials|Specialty Chemicals
VCT.L|Victrex PLC |Basic Materials|Specialty Chemicals
VIDHIDYE.BO|Vidhi Dyestuffs |Basic Materials|Specialty Chemicals
VIKASGLO.BO|Vikas GlobalOne Ltd. |Basic Materials|Specialty Chemicals
VINYL.BO|Vinyl Chemicals (India) Ltd |Basic Materials|Specialty Chemicals
VINYLINDI.NS|Vinyl Chemicals (India) Ltd |Basic Materials|Specialty Chemicals
VIPULDYE.BO|Vipul Dye-Chem Ltd |Basic Materials|Specialty Chemicals
VISHNU.BO|Vishnu Chemicals Ltd |Basic Materials|Specialty Chemicals
GRA.DE|W R Grace & Co |Basic Materials|Specialty Chemicals
GRA|W.R. Grace & Co. |Basic Materials|Specialty Chemicals
WDFC|WD-40 Company |Basic Materials|Specialty Chemicals
UEO.DE|Westlake Chemical Corp |Basic Materials|Specialty Chemicals
WLK|Westlake Chemical Corp. |Basic Materials|Specialty Chemicals
XPRO.BO|Xpro India Ltd |Basic Materials|Specialty Chemicals
XPROINDIA.NS|Xpro India Ltd |Basic Materials|Specialty Chemicals
ZTF.L|Zotefoams PLC |Basic Materials|Specialty Chemicals
533022.BO|20 Microns Ltd. |Basic Materials|Specialty Chemicals
0640.HK|Infinity Chemical |Basic Materials|Specialty Chemicals
