More Info|Industry: Asset Management |Financial|Asset Management
AIS.V|A I S Resources Ltd |Financial|Asset Management
AKCAPIT.BO|A K Capital Services Ltd |Financial|Asset Management
CCY.AX|A1 Investments |Financial|Asset Management
AYI.AX|A1 Investments & Resources Ltd |Financial|Asset Management
ABCA.PA|ABC arbitrage |Financial|Asset Management
0030.HK|ABC Communications holdings |Financial|Asset Management
AAIF.L|Aberdeen Asian Income Fund Ltd |Financial|Asset Management
AAS.L|Aberdeen Asian Smr Cos IT |Financial|Asset Management
324.DE|Aberdeen Asset Management PLC |Financial|Asset Management
ADN.L|Aberdeen Asset Management PLC |Financial|Asset Management
MYIB.L|Aberdeen Asset Management PLC |Financial|Asset Management
IAF|Aberdeen Australia Equity Fund |Financial|Asset Management
CH|Aberdeen Chile Fund, Inc. |Financial|Asset Management
ETF|Aberdeen Emerging Markets Smal |Financial|Asset Management
IF|Aberdeen Indonesia Fund, Inc. |Financial|Asset Management
A8H.DE|Aberdeen International Inc |Financial|Asset Management
AAB.TO|Aberdeen International Inc |Financial|Asset Management
ISL|Aberdeen Israel Fund Inc. |Financial|Asset Management
ABAA.L|Aberdeen Japan Investment |Financial|Asset Management
LAQ|Aberdeen Latin America Equity |Financial|Asset Management
LAQ.V|Aberdeen Latin America Equity |Financial|Asset Management
ALR.AX|Aberdeen Leaders Limited |Financial|Asset Management
ABD.L|Aberdeen New Dawn IT |Financial|Asset Management
ANW.L|Aberdeen New Thai IT |Financial|Asset Management
APEF.L|Aberdeen Pvt Equity Fund |Financial|Asset Management
SHD.L|Aberdeen Smr Cos High IT |Financial|Asset Management
EUK.L|Aberdeen UK Tracker Trust PLC |Financial|Asset Management
AGIT.L|Aberforth Geared |Financial|Asset Management
AGIZ.L|Aberforth Geared |Financial|Asset Management
ASL.L|Aberforth Smr Cos Trust |Financial|Asset Management
ABHICAP.BO|Abhinav Capital Services Ltd |Financial|Asset Management
ACKB.BR|Ackermans & Van Haaren NV |Financial|Asset Management
B3K.DE|Ackermans & Van Haaren NV |Financial|Asset Management
AIF.L|Acorn Income Fund Ltd |Financial|Asset Management
AEU-UN.TO|ACTIVEnergy Income Fund Unit |Financial|Asset Management
CPEH.L|Adamas Finance Asia Ltd |Financial|Asset Management
ADC.DE|AdCapital AG |Financial|Asset Management
ADMF.L|Advance Developing Market |Financial|Asset Management
AFMF.L|Advance Frontier Markets |Financial|Asset Management
AIOLC.AT|Aeolian Investment Fund SA |Financial|Asset Management
AFS.DE|Affiliated Managers Group Inc |Financial|Asset Management
AMG|Affiliated Managers Group Inc. |Financial|Asset Management
AFHP.L|AFH Financial Group PLC |Financial|Asset Management
AFRI.L|AfriAg PLC |Financial|Asset Management
AOF.L|Africa Opportunity Fund Ltd |Financial|Asset Management
AHA.AX|AG Financial Ltd |Financial|Asset Management
EXA.AX|AG Financial Ltd |Financial|Asset Management
AGF-B.TO|AGF Management Limited |Financial|Asset Management
AU2.DE|Agrarius AG |Financial|Asset Management
HPJN.DE|Airesis |Financial|Asset Management
AKER.OL|Aker ASA |Financial|Asset Management
AKERO.ST|Aker ASA |Financial|Asset Management
FKM.DE|Aker ASA |Financial|Asset Management
APE.MI|Alba Private Equity S.p.A. |Financial|Asset Management
AADV.L|Albion Development VCT PLC |Financial|Asset Management
AAEV.L|Albion Enterprise VCT PLC |Financial|Asset Management
AATG.L|Albion Tech & Gen VCT |Financial|Asset Management
AAVC.L|Albion Venture Capital |Financial|Asset Management
AAA.L|All Asia Asset Capital Ltd |Financial|Asset Management
ABK-A.TO|Allbanc Split Corp |Financial|Asset Management
ATST.L|Alliance Trust PLC |Financial|Asset Management
AB|AllianceBernstein Holding L.P. |Financial|Asset Management
W4M.DE|AllianceBernstein Holding L.P. |Financial|Asset Management
RTT.L|Allianz Technology Trust PLC |Financial|Asset Management
0373.HK|Allied Group Ltd. |Financial|Asset Management
ANDRO.AT|Alpha Investments |Financial|Asset Management
LTA.PA|ALTAMIR |Financial|Asset Management
AIA.L|ALTIN AG |Financial|Asset Management
AAMC|Altisource Asset Management Co |Financial|Asset Management
ATI.L|Amati VCT PLC |Financial|Asset Management
AMH.AX|AMCIL Limited |Financial|Asset Management
CRO.L|Amedeo Resources PLC |Financial|Asset Management
AEK.DE|American Capital Ltd |Financial|Asset Management
ACSF|American Capital Senior Floati |Financial|Asset Management
ACAS|American Capital, Ltd. |Financial|Asset Management
ARGB|American Retail Group, Inc. |Financial|Asset Management
A4S.DE|Ameriprise Financial Inc |Financial|Asset Management
AMP|Ameriprise Financial, Inc. |Financial|Asset Management
AMITSEC.BO|Amit Securities Ltd |Financial|Asset Management
AMULEAS.BO|Amulya Leasing & Finance Ltd |Financial|Asset Management
ANIM.MI|Anima Holding S.p.A. |Financial|Asset Management
ANKUSHFI.BO|Ankush Finstock Ltd |Financial|Asset Management
APD.AX|APN Property Group Ltd |Financial|Asset Management
APOLLOFI.BO|Apollo Finvest India Ltd |Financial|Asset Management
55O.DE|Apollo Investment Corp |Financial|Asset Management
AINV|Apollo Investment Corporation |Financial|Asset Management
AQU.AX|Aquaint Capital Holdings Ltd |Financial|Asset Management
KU7.SI|ARA Asset Management Ltd |Financial|Asset Management
A8A.DE|Aragon AG |Financial|Asset Management
ARCH.L|Arc Capital Holdings Ltd |Financial|Asset Management
9A2.DE|Ares Capital Corporation |Financial|Asset Management
ARES|Ares Management, L.P. |Financial|Asset Management
ARGO.L|Argo Group Ltd |Financial|Asset Management
ARG.AX|Argo Investments Ltd |Financial|Asset Management
ARA.AX|Ariadne Australia Ltd |Financial|Asset Management
ARIAC.BO|Arihant Avenues & Credit Ltd |Financial|Asset Management
IPNT.L|Armstrong Ventures PLC |Financial|Asset Management
AWN.AX|Arowana International Ltd |Financial|Asset Management
ARW.L|Arrow Global Group PLC |Financial|Asset Management
ATS.L|Artemis Alpha Trust PLC |Financial|Asset Management
AAM.L|Artemis VCT PLC |Financial|Asset Management
APAM|Artisan Partners Asset Managem |Financial|Asset Management
ASA|ASA Gold and Precious Metals L |Financial|Asset Management
ASBPA.NZ|ASB Capital Ltd |Financial|Asset Management
ASBPB.NZ|ASB Capital Ltd |Financial|Asset Management
ARP.L|Ashcourt Rowan PLC |Financial|Asset Management
SAM.L|Ashcourt Rowan PLC |Financial|Asset Management
AGOL.L|Ashmore Global Opps |Financial|Asset Management
AGOU.L|Ashmore Global Opps |Financial|Asset Management
A1B.DE|Ashmore Group PLC |Financial|Asset Management
ASHM.L|Ashmore Group PLC |Financial|Asset Management
0214.HK|Asia Orient Holdings Ltd. |Financial|Asset Management
HPI.L|Asian Total Return |Financial|Asset Management
5ET.SI|Asiasons Capital Ltd |Financial|Asset Management
AOG-UN.TO|Aston Hill Advantage Oil |Financial|Asset Management
AV-UN.TO|Aston Hill Advantage VIP |Financial|Asset Management
AHF.TO|Aston Hill Financial, Inc. |Financial|Asset Management
OGF-UN.TO|Aston Hill Oil & Gas |Financial|Asset Management
VIP-UN.TO|Aston Hill VIP Income Fund |Financial|Asset Management
ASX.AX|ASX Ltd |Financial|Asset Management
AUX.DE|ASX Ltd |Financial|Asset Management
CMBT.DE|Atevia AG |Financial|Asset Management
ATHARVENT.BO|Atharv Enterprises Limited |Financial|Asset Management
ATY.L|Athelney Trust PLC |Financial|Asset Management
KADVANI.BO|Atlanta Infrastructure |Financial|Asset Management
ATN.BO|ATN International Ltd |Financial|Asset Management
ATNINTER.NS|ATN International Ltd |Financial|Asset Management
AR4.DE|Aurelius AG |Financial|Asset Management
ABW.AX|Aurora Absolute Return Fund |Financial|Asset Management
AFV.AX|Aurora Funds Ltd |Financial|Asset Management
ARR.L|Aurora Investment Trust PLC |Financial|Asset Management
AURR.L|Aurora Russia Ltd |Financial|Asset Management
ACK.AX|Austock Group Ltd |Financial|Asset Management
AEF.AX|Australian Ethical Invest |Financial|Asset Management
AFI.AX|Australian Foundation |Financial|Asset Management
ALF.AX|Australian Leaders F |Financial|Asset Management
AUI.AX|Australian United |Financial|Asset Management
AIY.AX|Authorised Investment Fund Ltd |Financial|Asset Management
AVA.L|Avanti Capital PLC |Financial|Asset Management
AZM.MI|Azimut Holding SPA |Financial|Asset Management
HDB.DE|Azimut Holding SPA |Financial|Asset Management
RILY|B. Riley Financial, Inc. |Financial|Asset Management
BPM.L|B.P. Marsh & Partners PLC |Financial|Asset Management
BACT.L|BACIT Ltd |Financial|Asset Management
BTI.AX|Bailador Technology Inv |Financial|Asset Management
BGFD.L|Baillie Gifford Japan |Financial|Asset Management
BGS.L|Baillie Gifford Shin |Financial|Asset Management
BAJAJHLDN.NS|Bajaj Holdings |Financial|Asset Management
BAJAJHOIN.BO|Bajaj Holdings |Financial|Asset Management
BK.BA|Bank of New York Mellon Corp |Financial|Asset Management
BN9.DE|Bank of New York Mellon Corp |Financial|Asset Management
IIM.L|Bank of New York Mellon Corp |Financial|Asset Management
BIT.NZ|Bankers Investment Trust PLC |Financial|Asset Management
BNKR.L|Bankers Investment Trust PLC |Financial|Asset Management
BEE.L|Baring Emerging Europe PLC |Financial|Asset Management
BVT.L|Baronsmead VCT 2 PLC |Financial|Asset Management
BMD.L|Baronsmead VCT 3 PLC |Financial|Asset Management
BNS.L|Baronsmead VCT 4 PLC |Financial|Asset Management
BDV.L|Baronsmead VCT PLC |Financial|Asset Management
BST.AX|Barrack St Investments Ltd |Financial|Asset Management
BRM.NZ|Barramundi Ltd |Financial|Asset Management
B8A.DE|BAVARIA Industries Group AG |Financial|Asset Management
BBGI.L|BBGI SICAV SA |Financial|Asset Management
BFG.AX|Bell Financial Group Ltd |Financial|Asset Management
BELR.BR|Belreca |Financial|Asset Management
BELU.BR|Beluga |Financial|Asset Management
BEL.AX|Bentley Capital Ltd |Financial|Asset Management
BERVINL.BO|Bervin Investment |Financial|Asset Management
BFINVEST.NS|BF Investment Ltd |Financial|Asset Management
BHGG.L|BH Global Ltd |Financial|Asset Management
BHGU.L|BH Global Ltd |Financial|Asset Management
BHME.L|BH Macro Ltd |Financial|Asset Management
BHMG.L|BH Macro Ltd |Financial|Asset Management
BHMU.L|BH Macro Ltd |Financial|Asset Management
BBO.TO|Big Bank Big Oil Split Corp |Financial|Asset Management
BIOG.L|Biotech Growth Trust (The) PLC |Financial|Asset Management
BSN.AX|Bisan Ltd |Financial|Asset Management
BKI.AX|BKI Investment Co Ltd |Financial|Asset Management
BKSA.L|Black Sea Property Fund |Financial|Asset Management
BRCI.L|BlackRock Commodities |Financial|Asset Management
EST.L|BlackRock Emerging Europe PLC |Financial|Asset Management
BRGE.L|BlackRock Greater Europe |Financial|Asset Management
BPO.L|BlackRock I&G IT |Financial|Asset Management
BLQA.DE|BlackRock Inc |Financial|Asset Management
BKCC|BlackRock Kelso Capital Corpor |Financial|Asset Management
BRLA.L|BlackRock Latin American |Financial|Asset Management
BZM|BlackRock Maryland Municipal B |Financial|Asset Management
MHE|BlackRock Massachusetts Tax-Ex |Financial|Asset Management
BLE|BlackRock Municipal Income Tru |Financial|Asset Management
MVF|BlackRock MuniVest Fund, Inc. |Financial|Asset Management
MZA|BlackRock Muniyield Arizona Fu |Financial|Asset Management
BLJ|BlackRock New Jersey Municipal |Financial|Asset Management
BFY|BlackRock New York Municipal I |Financial|Asset Management
BRSC.L|BlackRock Smr Cos Trust |Financial|Asset Management
THRG.L|BlackRock Throgmorton |Financial|Asset Management
BHV|BlackRock Virginia Municipal B |Financial|Asset Management
BRWM.L|BlackRock World Mining |Financial|Asset Management
BLK|BlackRock, Inc. |Financial|Asset Management
BLCK.L|Blackstar Group PLC |Financial|Asset Management
BBN.DE|Blackstone Group LP |Financial|Asset Management
B7E.DE|Blue Cap AG |Financial|Asset Management
BLP.L|Blue Planet Investment |Financial|Asset Management
RBN-UN.TO|Blue Ribbon Income Fund |Financial|Asset Management
BLA.AX|Blue Sky Alternative |Financial|Asset Management
BLU.L|Blue Star Capital PLC |Financial|Asset Management
BLUCHIP.BO|Bluechip Stockspin Ltd |Financial|Asset Management
BABS.L|BlueCrest AllBlue Fund Ltd |Financial|Asset Management
BABU.L|BlueCrest AllBlue Fund Ltd |Financial|Asset Management
BAUH65.SA|BMF Bovespa Bolsa Valores |Financial|Asset Management
BTBA.DE|BMP Media Investors AG |Financial|Asset Management
BC51.DE|Bolsa Mexicana De Valores |Financial|Asset Management
BOLSAA.MX|Bolsa Mexicana De Valores |Financial|Asset Management
M6O.DE|Bolsas y Mercados Espanoles |Financial|Asset Management
CYG.AX|Boston Trust & Walden Funds |Financial|Asset Management
BGHL.L|Boussard & Gavaudan Hldgs |Financial|Asset Management
BGHS.L|Boussard & Gavaudan Hldgs |Financial|Asset Management
BAUH34.SA|Bradespar SA |Financial|Asset Management
BAZA31.SA|Bradespar SA |Financial|Asset Management
FXM.DE|Bradespar SA |Financial|Asset Management
BBM-P.V|Brandenburg Energy Corp |Financial|Asset Management
BRH.L|Braveheart Investment Gr |Financial|Asset Management
BREB.BR|Brederode |Financial|Asset Management
BRW.L|Brewin Dolphin Holdings PLC |Financial|Asset Management
BRIJLEAS.BO|Brijlaxmi Leasing |Financial|Asset Management
BAF.L|British & American Invst |Financial|Asset Management
B08.SI|British And Malayan |Financial|Asset Management
BSET.L|British Assets Trust PLC |Financial|Asset Management
BTEM.L|British Empire Secs & Gen |Financial|Asset Management
BSV.L|British Smaller Companies |Financial|Asset Management
BST.L|British Smaller Cos VCT 2 |Financial|Asset Management
SBC.TO|Brompton Split Banc Corp |Financial|Asset Management
BSE-UN.TO|Brookfield Soundvest |Financial|Asset Management
BRK.L|Brooks Macdonald Group PLC |Financial|Asset Management
BUT.L|Brunner Investment Trust |Financial|Asset Management
BTT.AX|BT Investment Management Ltd. |Financial|Asset Management
0108.HK|Buildmore International Ltd. |Financial|Asset Management
LJ1.SI|Bund Center Investment Ltd |Financial|Asset Management
ASQ1.L|Burford Capital Ltd |Financial|Asset Management
BKP.TO|C A Bancorp Inc |Financial|Asset Management
C8I.DE|C-QUADRAT Investment AG |Financial|Asset Management
CDM.AX|Cadence Capital Limited |Financial|Asset Management
CLMS|Calamos Asset Management Inc. |Financial|Asset Management
CLDN.L|Caledonia Investments PLC |Financial|Asset Management
CALT.MI|Caltagirone |Financial|Asset Management
CGI.L|Canadian General Inv |Financial|Asset Management
CGI.TO|Canadian General Inv |Financial|Asset Management
RTU-UN.TO|Canadian Resources |Financial|Asset Management
CDI.L|Candover Investments PLC |Financial|Asset Management
EIT-UN.TO|Canoe EIT Income Fund |Financial|Asset Management
CL.MI|Cape Live |Financial|Asset Management
FGF.V|Capital DGMC Inc |Financial|Asset Management
VTC-P.V|Capital DGMC Inc |Financial|Asset Management
CGT.L|Capital Gearing Trust PLC |Financial|Asset Management
CMIP.L|Capital Mgmt & Inv |Financial|Asset Management
CSWC|Capital Southwest Corporation |Financial|Asset Management
2324.HK|Capital VC Ltd. |Financial|Asset Management
MONEYMATF.BO|Capri Global Capital Ltd |Financial|Asset Management
CIFU.L|Carador Income Fund PLC |Financial|Asset Management
CIN.AX|Carlton Investments Ltd |Financial|Asset Management
CAT-A.ST|Catella AB |Financial|Asset Management
CAT-B.ST|Catella AB |Financial|Asset Management
2882.TW|Cathay Financial Holding |Financial|Asset Management
CFHS.L|Cathay Financial Holding |Financial|Asset Management
TCT.L|Cayenne Trust (The) PLC |Financial|Asset Management
CBC.AX|CBG Capital Ltd |Financial|Asset Management
C67.DE|CBOE Holdings Inc |Financial|Asset Management
CEB.L|CEB Resources PLC |Financial|Asset Management
BAUH413.SA|Cemepe Investimentos SA |Financial|Asset Management
BAUH414.SA|Cemepe Investimentos SA |Financial|Asset Management
CEF|Central Fund of Canada Limited |Financial|Asset Management
CEF-A.TO|Central Fund of Canada Limited |Financial|Asset Management
CET|Central Securities Corp. |Financial|Asset Management
CAF.AX|Centrepoint Alliance Ltd |Financial|Asset Management
OFG.AX|Centuria Capital Ltd |Financial|Asset Management
CYA.AX|Century Australia Investm |Financial|Asset Management
BAUH168.SA|CETIP SA Mercados Organizados |Financial|Asset Management
CGF.AX|Challenger Ltd |Financial|Asset Management
MONOSEC.BO|Champion Finsec Ltd |Financial|Asset Management
CHP.AX|Chapmans Ltd |Financial|Asset Management
CCAP.L|Charlemagne Capital Ltd |Financial|Asset Management
0112.HK|Chi Cheung Investment |Financial|Asset Management
0149.HK|China Agri-Products Ex |Financial|Asset Management
0170.HK|China Assets holdings |Financial|Asset Management
0217.HK|China Chengtong Develop |Financial|Asset Management
2883.TW|China Development |Financial|Asset Management
EVI.DE|China Everbright Ltd |Financial|Asset Management
2312.HK|China Financial Leasing |Financial|Asset Management
CGOP.L|China Growth Opportunities Ltd |Financial|Asset Management
1217.HK|China Innovation |Financial|Asset Management
0612.HK|China Investment Fund Co. |Financial|Asset Management
0133.HK|China Merchants China |Financial|Asset Management
0026.HK|China Motor Bus Co., Ltd. |Financial|Asset Management
0688.HK|China Overseas Land & Inv |Financial|Asset Management
0736.HK|China Properties |Financial|Asset Management
1838.HK|China Properties Group Ltd. |Financial|Asset Management
CHZ.DE|China Resources Land Ltd |Financial|Asset Management
CIX.TO|CI Financial Corp |Financial|Asset Management
0378.HK|CIAM Group Ltd. |Financial|Asset Management
LBON.PA|Cie Lebon SA |Financial|Asset Management
CIFC|CIFC Corp. |Financial|Asset Management
CIFC|CIFC Corp. |Financial|Asset Management
0111.HK|Cinda International |Financial|Asset Management
CYN.L|City Natural Resources |Financial|Asset Management
CIN.L|City of London Group PLC |Financial|Asset Management
CLIG.L|City of London Investment |Financial|Asset Management
CTY.L|City of London IT |Financial|Asset Management
CVG.TO|Clairvest Group Inc |Financial|Asset Management
CKI.TO|Clarke Inc |Financial|Asset Management
BSP.L|Clear Leisure PLC |Financial|Asset Management
CLEE.L|Cleeve Capital Ltd |Financial|Asset Management
CAM.AX|Clime Capital Ltd |Financial|Asset Management
CAMPA.AX|Clime Capital Ltd |Financial|Asset Management
CIW.AX|Clime Investment Manageme |Financial|Asset Management
CBG.L|Close Brothers Group PLC |Financial|Asset Management
CS3.DE|Close Brothers Group PLC |Financial|Asset Management
GLV|Clough Global Allocation Fund |Financial|Asset Management
GLQ|Clough Global Equity Fund |Financial|Asset Management
GLO|Clough Global Opportunities Fu |Financial|Asset Management
CMFN|CM Finance Inc. |Financial|Asset Management
MX4A.DE|CME Group Inc |Financial|Asset Management
1124.HK|Coastal Greenland Ltd. |Financial|Asset Management
FG9.DE|Cohen & Steers Inc |Financial|Asset Management
CNS|Cohen & Steers Inc. |Financial|Asset Management
CDR.MI|Compagnia Della Ruota |Financial|Asset Management
COMB.BR|Compagnie du Bois Sauvage |Financial|Asset Management
CMZ-UN.TO|Compass Income Fund |Financial|Asset Management
CTN.AX|Contango Microcap Limited |Financial|Asset Management
CONTILI.BO|Contil India Ltd |Financial|Asset Management
VTP.AX|Continuation Investments |Financial|Asset Management
CORR|CorEnergy Infrastructure Trust |Financial|Asset Management
CFP|Cornerstone Progressive Return |Financial|Asset Management
CLM|Cornerstone Strategic Value Fu |Financial|Asset Management
CRF|Cornerstone Total Return Fund, |Financial|Asset Management
CY1.DE|Corona Equity Partner AG |Financial|Asset Management
CSV.DE|Corporacion Financiera Alba SA |Financial|Asset Management
0120.HK|Cosmopolitan Intl Hldgs |Financial|Asset Management
CUP.AX|Countplus Ltd |Financial|Asset Management
AIM.L|Craven House Capital PLC |Financial|Asset Management
CIK|Credit Suisse Asset Management |Financial|Asset Management
DHY|Credit Suisse High Yield Bond |Financial|Asset Management
SHARRESLT.NS|Crest Ventures Ltd |Financial|Asset Management
SHARYANR.BO|Crest Ventures Ltd |Financial|Asset Management
8088.HK|Crosby Capital Ltd. |Financial|Asset Management
CRWN.L|Crown Place VCT PLC |Financial|Asset Management
CRS.L|Crystal Amber Fund Ltd |Financial|Asset Management
0497.HK|CSI Properties Ltd. |Financial|Asset Management
CVC.AX|CVC Ltd |Financial|Asset Management
T5O.DE|CytoTools AG |Financial|Asset Management
0271.HK|Dan Form Holdings Co., Ltd. |Financial|Asset Management
HYB-UN.TO|DDJ High Yield Fund |Financial|Asset Management
CWH.DE|Dea Capital |Financial|Asset Management
DEA.MI|Dea Capital |Financial|Asset Management
VCF|Delaware Investments Colorado |Financial|Asset Management
VMM|Delaware Investments Minnesota |Financial|Asset Management
VFL|Delaware Investments National |Financial|Asset Management
DELTAQ.CO|Deltaq A/S |Financial|Asset Management
63DA.DE|Deutsche Boerse AG |Financial|Asset Management
DB1.DE|Deutsche Boerse AG |Financial|Asset Management
EFF.DE|Deutsche Effecten- und |Financial|Asset Management
DAB.L|Dexion Absolute Ltd |Financial|Asset Management
DABE.L|Dexion Absolute Ltd |Financial|Asset Management
DABU.L|Dexion Absolute Ltd |Financial|Asset Management
RATIN.BO|Dhanleela Investments |Financial|Asset Management
DHIL|Diamond Hill Investment Group |Financial|Asset Management
DVA.AX|Diversa Ltd |Financial|Asset Management
XA6.DE|Diversa Ltd |Financial|Asset Management
DUI.AX|Diversified United I |Financial|Asset Management
DFN.TO|Dividend 15 Split Corp |Financial|Asset Management
DGS.TO|Dividend Growth Split Corp |Financial|Asset Management
DJW.AX|Djerriwarrh Investments Ltd. |Financial|Asset Management
DDV1.L|Downing ONE VCT PLC |Financial|Asset Management
DPV6.L|Downing Planned Exit VCT 6 PLC |Financial|Asset Management
DPV7.L|Downing Planned Exit VCT 7 PLC |Financial|Asset Management
DP3A.L|Downing THREE VCT PLC |Financial|Asset Management
DP3C.L|Downing THREE VCT PLC |Financial|Asset Management
DP3D.L|Downing THREE VCT PLC |Financial|Asset Management
DP3E.L|Downing THREE VCT PLC |Financial|Asset Management
DP2A.L|Downing TWO VCT PLC |Financial|Asset Management
DP2C.L|Downing TWO VCT PLC |Financial|Asset Management
DP2D.L|Downing TWO VCT PLC |Financial|Asset Management
DP2E.L|Downing TWO VCT PLC |Financial|Asset Management
DPA.L|DP Aircraft I Limited |Financial|Asset Management
DRG.L|Draganfly Investments Ltd |Financial|Asset Management
DMF|Dreyfus Municipal Income Inc. |Financial|Asset Management
DREF.L|Duet Real Estate Finance Ltd |Financial|Asset Management
DC-A.TO|Dundee Corp |Financial|Asset Management
DC-PB.TO|Dundee Corp |Financial|Asset Management
DW.TO|Dundee Wealth Management Inc. |Financial|Asset Management
DNE.L|Dunedin Enterprise IT |Financial|Asset Management
DIG.L|Dunedin Income Growth IT |Financial|Asset Management
DNDL.L|Dunedin Smaller Cos IT |Financial|Asset Management
EAL.AX|E & A Ltd |Financial|Asset Management
GRF|Eagle Capital Growth Fund, Inc |Financial|Asset Management
0339.HK|Earnest Invest |Financial|Asset Management
ECEX.ST|East Capital Explorer AB |Financial|Asset Management
EEP.L|Eastern Euro Prop Fund |Financial|Asset Management
EQF.AX|Easton Investments Ltd |Financial|Asset Management
CEV|Eaton Vance California Municip |Financial|Asset Management
EIA|Eaton Vance California Municip |Financial|Asset Management
EVM|Eaton Vance California Municip |Financial|Asset Management
EVCN.DE|Eaton Vance Corp |Financial|Asset Management
EV|Eaton Vance Corp. |Financial|Asset Management
EVV|Eaton Vance Limited Duration I |Financial|Asset Management
MAB|Eaton Vance Massachusetts Muni |Financial|Asset Management
MMV|Eaton Vance Massachusetts Muni |Financial|Asset Management
EMI|Eaton Vance Michigan Municipal |Financial|Asset Management
MIW|Eaton Vance Michigan Municipal |Financial|Asset Management
EIM|Eaton Vance Municipal Bond Fun |Financial|Asset Management
EIV|Eaton Vance Municipal Bond Fun |Financial|Asset Management
EMJ|Eaton Vance New Jersey Municip |Financial|Asset Management
EVJ|Eaton Vance New Jersey Municip |Financial|Asset Management
ENX|Eaton Vance New York Municipal |Financial|Asset Management
EVY|Eaton Vance New York Municipal |Financial|Asset Management
NYH|Eaton Vance New York Municipal |Financial|Asset Management
EIO|Eaton Vance Ohio Municipal Bon |Financial|Asset Management
EVO|Eaton Vance Ohio Municipal Inc |Financial|Asset Management
EIP|Eaton Vance Pennsylvania Munic |Financial|Asset Management
EVP|Eaton Vance Pennsylvania Munic |Financial|Asset Management
ECWO.L|Ecofin Water & Power Opps |Financial|Asset Management
ECWZ.L|Ecofin Water & Power Opps |Financial|Asset Management
EDGC.L|Edge Performance VCT PLC |Financial|Asset Management
EDGD.L|Edge Performance VCT PLC |Financial|Asset Management
EDGE.L|Edge Performance VCT PLC |Financial|Asset Management
EDGF.L|Edge Performance VCT PLC |Financial|Asset Management
EFM.L|Edinburgh Dragon Trust PLC |Financial|Asset Management
EDIN.L|Edinburgh Inv Trust |Financial|Asset Management
EWI.L|Edinburgh Worldwide IT |Financial|Asset Management
EIH.L|EIH PLC |Financial|Asset Management
ENN.AX|Elanor Investors Group |Financial|Asset Management
EDV.L|Elderstreet VCT PLC |Financial|Asset Management
ELTA.L|Electra Private Equity PLC |Financial|Asset Management
EEM.PA|Electricite et Eaux |Financial|Asset Management
ECF|Ellsworth Fund Ltd. |Financial|Asset Management
0163.HK|Emperor Int'l Holdings |Financial|Asset Management
ECPG|Encore Capital Group, Inc. |Financial|Asset Management
ENGI.L|Energiser Investments PLC |Financial|Asset Management
SPU-UN.TO|Energy Income Fund |Financial|Asset Management
4EN.DE|ENR Russia Invest SA |Financial|Asset Management
EPG.L|EP Global Opps Trust |Financial|Asset Management
ESO.L|EPE Special Opportunities PLC |Financial|Asset Management
EQT.AX|Equity Trustees Ltd |Financial|Asset Management
ESS.V|Esstra Industries Inc |Financial|Asset Management
ET.L|Establishment IT |Financial|Asset Management
0HZC.L|Eurazeo |Financial|Asset Management
EUQ.DE|Eurazeo |Financial|Asset Management
RF.PA|Eurazeo |Financial|Asset Management
ENX.PA|Euronext |Financial|Asset Management
EUT.L|European Investment Trust |Financial|Asset Management
EUT.NZ|European Investment Trust |Financial|Asset Management
EX.AT|Euroxx Securities SA |Financial|Asset Management
EZL.AX|Euroz Ltd |Financial|Asset Management
EUX.DE|EUWAX AG |Financial|Asset Management
EVR|Evercore Partners Inc. |Financial|Asset Management
0204.HK|Everest Int'l Invest |Financial|Asset Management
KWI.L|EW Group Ltd |Financial|Asset Management
EXO.MI|EXOR Spa |Financial|Asset Management
IFIC.DE|EXOR Spa |Financial|Asset Management
FCPT.L|F&C Asset Management PLC |Financial|Asset Management
FPEO.L|F&C Asset Management PLC |Financial|Asset Management
FSC.L|F&C Asset Management PLC |Financial|Asset Management
ICTA.L|F&C Asset Management PLC |Financial|Asset Management
ICTB.L|F&C Asset Management PLC |Financial|Asset Management
FCI.L|F&C Capital & Income IT |Financial|Asset Management
FCS.L|F&C Global Smaller |Financial|Asset Management
FGX.TO|Faircourt Gold Income Corp |Financial|Asset Management
3KC.DE|Federated Investors, Inc. |Financial|Asset Management
FII|Federated Investors, Inc. |Financial|Asset Management
FEE1.DE|Feedback AG |Financial|Asset Management
FFP.DE|FFP SA |Financial|Asset Management
FFP.PA|FFP SA |Financial|Asset Management
FAS.L|Fidelity Asian Values PLC |Financial|Asset Management
FCSS.L|Fidelity China Special |Financial|Asset Management
FEV.L|Fidelity European Values PLC |Financial|Asset Management
FJV.L|Fidelity Japanese Values PLC |Financial|Asset Management
FSV.L|Fidelity Special Values PLC |Financial|Asset Management
FDUS|Fidus Investment Corporation |Financial|Asset Management
FSZ.TO|Fiera Capital Corp |Financial|Asset Management
FSFR|Fifth Street Senior Floating R |Financial|Asset Management
FTN.TO|Financial 15 Split Corp |Financial|Asset Management
3FE.DE|Financial Engines Inc |Financial|Asset Management
FNGN|Financial Engines, Inc. |Financial|Asset Management
RTMK.DE|Finanzhaus Rothmann AG |Financial|Asset Management
FINAVENT.BO|Finaventure Capital Ltd |Financial|Asset Management
A7A.DE|FinLab AG |Financial|Asset Management
FGT.L|Finsbury G&I Trust |Financial|Asset Management
EWP-UN.TO|First Asset Active |Financial|Asset Management
RIT-UN.TO|First Asset Canadian REIT |Financial|Asset Management
FIRFIN.BO|First Financial Services Ltd |Financial|Asset Management
MCL.AX|First Growth Funds Ltd |Financial|Asset Management
FPC.DE|First Pacific Co Ltd |Financial|Asset Management
FPO.L|First Property Group PLC |Financial|Asset Management
FEN|First Trust Energy Income and |Financial|Asset Management
SVVC|Firsthand Technology Value Fun |Financial|Asset Management
FKE.L|Fiske PLC |Financial|Asset Management
FFI-UN.TO|Flaherty & Crumrine Inv |Financial|Asset Management
FSF.AX|Fonterra Shareholders Fund |Financial|Asset Management
FSF.NZ|Fonterra Shareholders Fund |Financial|Asset Management
FRCL.L|Foreign & Colonial IT |Financial|Asset Management
FTN.L|Foresight 2 VCT PLC |Financial|Asset Management
FTNP.L|Foresight 2 VCT PLC |Financial|Asset Management
FTD.L|Foresight 3 VCT PLC |Financial|Asset Management
FTF.L|Foresight 4 VCT PLC |Financial|Asset Management
FTV.L|Foresight VCT PLC |Financial|Asset Management
FTVP.L|Foresight VCT PLC |Financial|Asset Management
0QE2.L|Fortress Investment Group LLC |Financial|Asset Management
FIG|Fortress Investment Group LLC |Financial|Asset Management
XEK.DE|Fortress Investment Group LLC |Financial|Asset Management
FORTUNEF.BO|Fortune Financial |Financial|Asset Management
0352.HK|Fortune Sun Holdings |Financial|Asset Management
FRK.DE|Franklin Resources Inc |Financial|Asset Management
BEN|Franklin Resources Inc. |Financial|Asset Management
FTF|Franklin Templeton Limited Dur |Financial|Asset Management
0535.HK|Frasers Property (China) Ltd. |Financial|Asset Management
FEN.L|Frenkel Topping Group PLC |Financial|Asset Management
FRONTSEC.BO|Frontline Securities Ltd |Financial|Asset Management
0286.HK|G-Prop holdings |Financial|Asset Management
GAD.DE|GAM Holding AG |Financial|Asset Management
GBL|GAMCO Investors, Inc. |Financial|Asset Management
GBL.V|GAMCO Investors, Inc. |Financial|Asset Management
GARS|Garrison Capital Inc. |Financial|Asset Management
1226.HK|Garron International Ltd. |Financial|Asset Management
GCP.L|GCP Infrastructure Inv |Financial|Asset Management
GDS.TO|Gendis Inc |Financial|Asset Management
GSS.L|Genesis Emerging Markets |Financial|Asset Management
AUG.V|Gensource Capital Corp |Financial|Asset Management
GIMB.BR|GIMV NV |Financial|Asset Management
GLCH|Gleacher & Company, Inc |Financial|Asset Management
GLIF.L|GLI Finance Ltd |Financial|Asset Management
GII-UN.TO|Global Diversified |Financial|Asset Management
B73.SI|Global Investments Ltd |Financial|Asset Management
GFL.AX|Global Masters Fund Ltd |Financial|Asset Management
SNC.AX|Global Mining Investments Ltd |Financial|Asset Management
GRF.AX|Global Resource Masters F |Financial|Asset Management
GVHIB|Global Vision Holdings, Inc. |Financial|Asset Management
GS.TO|Gluskin Sheff & Associates Inc |Financial|Asset Management
0172.HK|Goldbond Group Holdings Ltd. |Financial|Asset Management
GOLECHA.BO|Golechha Global Finance Ltd |Financial|Asset Management
GBDC|Golub Capital BDC, Inc. |Financial|Asset Management
0109.HK|Good Fellow Resources |Financial|Asset Management
GMPPA.AX|Goodman Plus Trust |Financial|Asset Management
3VD.DE|Gottex Fund Management |Financial|Asset Management
GOW.AX|Gowing Brothers Ltd |Financial|Asset Management
BAUH302.SA|GP Investments Ltd |Financial|Asset Management
1160.HK|Grand Investment |Financial|Asset Management
GPE.L|Graphite Enterprise Trust PLC |Financial|Asset Management
GAE.V|Greenangel Energy Corp |Financial|Asset Management
GI1.MI|GreenItaly1 S.p.A. |Financial|Asset Management
PEB4.DE|Greenwich Beteiligungen AG |Financial|Asset Management
GLJ.DE|Grenkeleasing AG |Financial|Asset Management
GHE.L|Gresham House PLC |Financial|Asset Management
EAI.DE|Groupe Bruxelles Lambert |Financial|Asset Management
GBLB.BR|Groupe Bruxelles Lambert |Financial|Asset Management
GFINTERO.MX|Grupo Financiero |Financial|Asset Management
GPROFUT.MX|Grupo Profuturo SAB de CV |Financial|Asset Management
GSLSEC.BO|GSL Securities Ltd |Financial|Asset Management
GCG-A.TO|Guardian Capital Group Ltd |Financial|Asset Management
GCG.TO|Guardian Capital Group Ltd |Financial|Asset Management
GUJINV.BO|Gujarat Investa Ltd |Financial|Asset Management
GUSC.L|Guscio PLC |Financial|Asset Management
RM8A.DE|Guscio PLC |Financial|Asset Management
HP3.DE|H P I Holding AG |Financial|Asset Management
HAN.L|Hansa Trust PLC |Financial|Asset Management
HANA.L|Hansa Trust PLC |Financial|Asset Management
HVPE.L|Harbourvest Global Pvt |Financial|Asset Management
HHV.L|Hargreave Hale AIM VCT 1 PLC |Financial|Asset Management
HHVT.L|Hargreave Hale AIM VCT 2 PLC |Financial|Asset Management
HL.L|Hargreaves Lansdown PLC |Financial|Asset Management
HH2.DE|Harris & Harris Group, Inc. |Financial|Asset Management
HCAP|Harvest Capital Credit Corpora |Financial|Asset Management
HCAP|Harvest Capital Credit Corpora |Financial|Asset Management
HHY.AX|Hastings High Yield Fund |Financial|Asset Management
HAV.L|Haversham Holdings PLC |Financial|Asset Management
HXCI.DE|HCI Capital AG |Financial|Asset Management
IPO.DE|Heidelberger B. AG |Financial|Asset Management
HPBK.DE|Heliad Equity Partners Gm |Financial|Asset Management
EXAE.AT|Hellenic Exchanges |Financial|Asset Management
HDIV.L|Henderson Diversified |Financial|Asset Management
GEO.L|Henderson European Focus |Financial|Asset Management
HNE.L|Henderson EuroTrust PLC |Financial|Asset Management
HFEL.L|Henderson Far East Income Ltd |Financial|Asset Management
HFL.NZ|Henderson Far East Income Ltd |Financial|Asset Management
GGL.L|Henderson Global Trust PLC |Financial|Asset Management
HDJ.DE|Henderson Group PLC |Financial|Asset Management
HDJ0.DE|Henderson Group PLC |Financial|Asset Management
HGG.AX|Henderson Group PLC |Financial|Asset Management
HGG.L|Henderson Group PLC |Financial|Asset Management
HHI.L|Henderson High Income |Financial|Asset Management
HOT.L|Henderson Opportunities |Financial|Asset Management
HSL.L|Henderson Smaller |Financial|Asset Management
SVG.L|Henderson Value Trust PLC |Financial|Asset Management
0169.HK|Hengli Commercial |Financial|Asset Management
HNNA|Hennessy Advisors, Inc. |Financial|Asset Management
HRI.L|Herald Investment Trust PLC |Financial|Asset Management
IRGP.L|Hermes Pacific Investments PLC |Financial|Asset Management
HFA.AX|HFA Holdings Ltd |Financial|Asset Management
HGT.L|HgCapital Trust PLC |Financial|Asset Management
HICL.L|HICL Infrastructure Co Ltd |Financial|Asset Management
HCD.DE|Hitachi Capital Corp |Financial|Asset Management
0145.HK|HK Building and Loan Agen |Financial|Asset Management
0480.HK|HKR International Ltd. |Financial|Asset Management
0160.HK|Hon Kwok Land Investment |Financial|Asset Management
HK2C.DE|Hong Kong Exchanges |Financial|Asset Management
0733.HK|Hopefluent Group Holdings Ltd. |Financial|Asset Management
HRZN|Horizon Technology Finance Cor |Financial|Asset Management
H34.SI|Hotung Investment Holdings Ltd |Financial|Asset Management
HMB.V|Humboldt Capital Corp |Financial|Asset Management
HUME.L|Hume Capital Securities PLC |Financial|Asset Management
HHV.AX|Hunter Hall Global Value Ltd |Financial|Asset Management
HHL.AX|Hunter Hall International Ltd |Financial|Asset Management
0499.HK|HyComm Wireless Ltd. |Financial|Asset Management
HYG.L|Hygea VCT PLC |Financial|Asset Management
BAZA325.SA|Ideiasnet SA |Financial|Asset Management
IFP.L|IFG Group PLC |Financial|Asset Management
BAUH334.SA|IGB Eletronica SA |Financial|Asset Management
IGM.TO|IGM Financial Inc |Financial|Asset Management
IKF.MI|IKF SpA |Financial|Asset Management
ILFSVC.BO|IL&FS Investment Managers Ltd |Financial|Asset Management
IVC.NS|IL&FS Investment Managers Ltd |Financial|Asset Management
8009.HK|iMerchants Ltd. |Financial|Asset Management
IPX.L|Impax Asset Mgmt Group |Financial|Asset Management
IEM.L|Impax Environmental Mkts |Financial|Asset Management
IVO.L|Imperial Innovations Group PLC |Financial|Asset Management
BET.AX|Imperial Pacific Ltd |Financial|Asset Management
IPC.AX|Imperial Pacific Ltd |Financial|Asset Management
IGV.L|Income & Growth VCT (The) PLC |Financial|Asset Management
INC-UN.TO|Income Financial Trust |Financial|Asset Management
0356.HK|Incutech Investments Ltd. |Financial|Asset Management
INDBANK.NS|Indbank Merchant Banking |Financial|Asset Management
INDBNKME.BO|Indbank Merchant Banking |Financial|Asset Management
IIT.L|Independent IT |Financial|Asset Management
INDERGR.BO|Indergiri Finance Ltd |Financial|Asset Management
IDX-UN.TO|Indexplus Income Fund |Financial|Asset Management
IGC.L|India Capital Growth Fund Ltd |Financial|Asset Management
INDIACO.BO|Indiaco Ventures Ltd |Financial|Asset Management
INDPRUD.BO|Industrial & Prudential |Financial|Asset Management
ISI.MI|Industrial Stars of Italy |Financial|Asset Management
IDVA.DE|Industrivarden AB |Financial|Asset Management
IPE.AX|ING Private Equity Access Ltd |Financial|Asset Management
INNO|Innocap, Inc. |Financial|Asset Management
IDIP.PA|Institut de Developpement |Financial|Asset Management
DP.PA|Institut Régional |Financial|Asset Management
INTCAPM.BO|Integra Capital Management Ltd |Financial|Asset Management
IAM.TO|Integrated Asset Mgmt |Financial|Asset Management
ICOR|InterCore Energy, Inc. |Financial|Asset Management
INTERFAC.BO|Interface Financial Servi |Financial|Asset Management
I2X.DE|Intermediate Capital Group PLC |Financial|Asset Management
ICP.L|Intermediate Capital Group PLC |Financial|Asset Management
IBT.L|Intl Biotechnology Trust |Financial|Asset Management
INPP.L|Intl Public Partnerships |Financial|Asset Management
INVENTURE.NS|Inventure Growth |Financial|Asset Management
IAT.L|Invesco Asia Trust PLC |Financial|Asset Management
IVI.L|Invesco Income Growth |Financial|Asset Management
3IW.DE|Invesco Ltd |Financial|Asset Management
IVZ|Invesco Ltd. |Financial|Asset Management
IPU.L|Invesco Perp UK Smr Cos |Financial|Asset Management
ILH.L|Invesco Perpetual |Financial|Asset Management
INVP.L|Investec PLC |Financial|Asset Management
IVKA.DE|Investec PLC |Financial|Asset Management
IES.MI|Investimenti E Sviluppo |Financial|Asset Management
LATO-B.ST|Investment AB Latour |Financial|Asset Management
ORES.ST|Investment AB Oresund |Financial|Asset Management
INV.L|Investment Company (The) PLC |Financial|Asset Management
INVE-A.ST|Investor AB |Financial|Asset Management
INVE-B.ST|Investor AB |Financial|Asset Management
IVSA.DE|Investor AB |Financial|Asset Management
IVSB.DE|Investor AB |Financial|Asset Management
INQ.AX|InvestorFirst Ltd |Financial|Asset Management
NLC-P.V|Iona Energy Inc |Financial|Asset Management
IFL.AX|IOOF Holdings Ltd |Financial|Asset Management
IPO.L|IP Group PLC |Financial|Asset Management
IRF.L|IRF European Finance |Financial|Asset Management
IBC.AX|Ironbark Capital Limited |Financial|Asset Management
5EC.SI|ISR Capital Ltd |Financial|Asset Management
JAF.DE|JAFCO Co Ltd |Financial|Asset Management
SLS.DE|Janus Capital Group Inc |Financial|Asset Management
JNS|Janus Capital Group, Inc. |Financial|Asset Management
JAN.DE|Japan Asia Investment Co Ltd |Financial|Asset Management
JAM.L|JPMorgan American IT |Financial|Asset Management
JAI.L|JPMorgan Asian IT |Financial|Asset Management
JMC.L|JPMorgan Chinese IT |Financial|Asset Management
JCH.L|JPMorgan Claverhouse IT |Financial|Asset Management
JPE.L|JPMorgan Elect PLC |Financial|Asset Management
JPEC.L|JPMorgan Elect PLC |Financial|Asset Management
JPEI.L|JPMorgan Elect PLC |Financial|Asset Management
JMG.L|JPMorgan Emerging Mkts |Financial|Asset Management
JESC.L|JPMorgan Euro Smaller |Financial|Asset Management
JETG.L|JPMorgan European Inv |Financial|Asset Management
JETI.L|JPMorgan European Inv |Financial|Asset Management
JEMI.L|JPMorgan Glb Emerging Mkt |Financial|Asset Management
JPI.L|JPMorgan Income & Capital |Financial|Asset Management
JII.L|JPMorgan Indian IT |Financial|Asset Management
JPS.L|JPMorgan Japan Smr Trust |Financial|Asset Management
JFJ.L|JPMorgan Japanese IT |Financial|Asset Management
JFJ.NZ|JPMorgan Japanese IT |Financial|Asset Management
JMF.L|JPMorgan Mid Cap IT |Financial|Asset Management
JMO.L|JPMorgan Overseas IT |Financial|Asset Management
JPEL.L|JPMorgan Private Equity Ltd |Financial|Asset Management
JRS.L|JPMorgan Russian Secs |Financial|Asset Management
JMI.L|JPMorgan Smaller Cos IT |Financial|Asset Management
JUSC.L|JPMorgan US Smr Cos IT |Financial|Asset Management
JINDALSWH.NS|JSW Holdings Ltd |Financial|Asset Management
JSWHL.BO|JSW Holdings Ltd |Financial|Asset Management
JDT.L|Jupiter Div & Gwth Trust |Financial|Asset Management
JEO.L|Jupiter Euro Opps Trust |Financial|Asset Management
JUP.L|Jupiter Fund Management PLC |Financial|Asset Management
JGC.L|Jupiter Green Inv Trust |Financial|Asset Management
JPG.L|Jupiter Primadona Growth |Financial|Asset Management
JIL.L|Juridica Investments Ltd |Financial|Asset Management
JRG.L|Just Retirement Group PLC |Financial|Asset Management
JZCP.L|JZ Capital Partners Ltd. |Financial|Asset Management
K01.SI|k1 Ventures Ltd |Financial|Asset Management
KAM.AX|K2 Asset Management Holdi |Financial|Asset Management
OHL.AX|Kaili Resources Ltd |Financial|Asset Management
KRS.V|Kairos Capital Corp |Financial|Asset Management
KICL.NS|Kalyani investment Co Ltd |Financial|Asset Management
IUR.DE|KAP-Beteiligungs AG |Financial|Asset Management
KRD.DE|Kardan NV |Financial|Asset Management
KAT.AX|Katana Capital Ltd |Financial|Asset Management
KED|Kayne Anderson Energy Developm |Financial|Asset Management
KBCA.BR|KBC Ancora |Financial|Asset Management
KBSCAP.BO|KBS India Ltd |Financial|Asset Management
KENFIN.BO|Ken Financial Services Ltd |Financial|Asset Management
KENV.L|Kennedy Ventures PLC |Financial|Asset Management
MSS.L|Kennedy Ventures PLC |Financial|Asset Management
KBC.AX|Keybridge Capital Ltd |Financial|Asset Management
KIT.L|Keystone Investment Trust PLC |Financial|Asset Management
KFL.NZ|Kingfish Ltd |Financial|Asset Management
SVCT.L|Kings Arms Yard VCT PLC |Financial|Asset Management
KSP-UN.TO|Kingsway |Financial|Asset Management
IV6B.DE|Kinnevik Investment AB |Financial|Asset Management
KBIL.NS|Kirloskar Brothers |Financial|Asset Management
KIRLOIL.BO|Kirloskar Industries Ltd |Financial|Asset Management
KIRLOSIND.NS|Kirloskar Industries Ltd |Financial|Asset Management
KR5.DE|KKR & Co LP |Financial|Asset Management
IMTA.DE|Kobex Capital Corp |Financial|Asset Management
KKR|Kohlberg Kravis Roberts & Co. |Financial|Asset Management
0295.HK|Kong Sun Holdings Ltd. |Financial|Asset Management
KREONFIN.BO|Kreon Financial Services Ltd |Financial|Asset Management
LUND-B.ST|L E Lundbergforetagen AB |Financial|Asset Management
LKB.DE|L-KONZEPT Holding AG |Financial|Asset Management
0488.HK|Lai Sun Development Co., Ltd. |Financial|Asset Management
0191.HK|Lai Sun Garment Int'l |Financial|Asset Management
LAKSHMIFI.NS|Lakshmi Finance |Financial|Asset Management
LWDB.L|Law Debenture Corp (The) PLC |Financial|Asset Management
LAZ|Lazard Ltd. |Financial|Asset Management
LEAL.L|Lead All Investments Ltd |Financial|Asset Management
LEAF.L|Leaf Clean Energy Company |Financial|Asset Management
0068.HK|Lee Hing Development Ltd. |Financial|Asset Management
LEG.L|Legendary Investments PLC |Financial|Asset Management
LGG.DE|Legg Mason Inc |Financial|Asset Management
LM|Legg Mason Inc. |Financial|Asset Management
LIBORDIN.BO|Libord Finance Ltd |Financial|Asset Management
LBS.TO|Life & Banc Split Corp |Financial|Asset Management
LGT.L|Lighthouse Group PLC |Financial|Asset Management
LME.L|Limitless Earth PLC |Financial|Asset Management
LTI.L|Lindsell Train Investment |Financial|Asset Management
LIO.L|Liontrust Asset Management PLC |Financial|Asset Management
0156.HK|Lippo China Resources Ltd. |Financial|Asset Management
0226.HK|Lippo Ltd. |Financial|Asset Management
0194.HK|Liu Chong Hing Investment Ltd. |Financial|Asset Management
LIV.L|Livermore Investments |Financial|Asset Management
L1O.DE|Lloyd Fonds Aktiengesellschaft |Financial|Asset Management
L1OA.DE|Lloyd Fonds Aktiengesellschaft |Financial|Asset Management
LMS.L|LMS Capital PLC |Financial|Asset Management
LSLI.L|London and St Lawrence |Financial|Asset Management
LCE.AX|London City Equities Ltd |Financial|Asset Management
LFI.L|London Finance & Inv Grp |Financial|Asset Management
LS4C.DE|London Stock Exchange |Financial|Asset Management
LSE.L|London Stock Exchange |Financial|Asset Management
LPC.V|Lorne Park Capital |Financial|Asset Management
LWI.L|Lowland Investment Co PLC |Financial|Asset Management
LUXO-SDB.ST|Luxonen SA |Financial|Asset Management
LBS.MI|LVenture Group SpA |Financial|Asset Management
MGHC.L|M & G High Income IT |Financial|Asset Management
MGHI.L|M & G High Income IT |Financial|Asset Management
MEC.MI|M&C |Financial|Asset Management
MKZ-UN.TO|Mackenzie Master LP |Financial|Asset Management
M41.SI|Macquarie Int'l Infra Fund Ltd |Financial|Asset Management
MFG.AX|Magellan Financial Group Ltd |Financial|Asset Management
MFF.AX|Magellan Flagship Fund Ltd |Financial|Asset Management
0201.HK|Magnificent Estates Ltd. |Financial|Asset Management
MAHAINV.BO|Mahamaya Investments Ltd |Financial|Asset Management
MPR.DE|Maier + Partner AG |Financial|Asset Management
MAJE.L|Majedie Investments PLC |Financial|Asset Management
EMG.L|Man Group PLC |Financial|Asset Management
MGP.AX|Managed Accounts Holdings Ltd |Financial|Asset Management
MNL.L|Manchester & London Inv |Financial|Asset Management
MN|Manning & Napier, Inc. |Financial|Asset Management
MAC.L|Marechale Capital PLC |Financial|Asset Management
MCX.AX|Mariner Corp Ltd |Financial|Asset Management
MLN.NZ|Marlin Global Ltd |Financial|Asset Management
MNP.L|Martin Currie Global Pf |Financial|Asset Management
MCP.L|Martin Currie Pacific |Financial|Asset Management
MMP.L|Marwyn Management Partners PLC |Financial|Asset Management
MVI.L|Marwyn Value Investor's |Financial|Asset Management
MASA.L|Masawara PLC |Financial|Asset Management
MASTERTR.BO|Master Trust Ltd |Financial|Asset Management
0905.HK|Mastermind Capital Limited |Financial|Asset Management
MT4.DE|Matador Private Equity AG |Financial|Asset Management
MTW.L|Mattioli Woods PLC |Financial|Asset Management
MIG1.L|Maven I&G VCT |Financial|Asset Management
MIG2.L|Maven I&G VCT 2 |Financial|Asset Management
MIG3.L|Maven I&G VCT 3 |Financial|Asset Management
MAV4.L|Maven I&G VCT 4 |Financial|Asset Management
BHN.L|Maven I&G VCT 5 |Financial|Asset Management
TFV.L|Maven Income and Growth |Financial|Asset Management
MA1.DE|MAX21 AG |Financial|Asset Management
MBB.DE|MBB Industries AG |Financial|Asset Management
MCGC|MCG Capital Corporation |Financial|Asset Management
MPJ.DE|MCG Capital Corporation |Financial|Asset Management
MWS.AX|MDS Financial Group Ltd |Financial|Asset Management
MCAP.ST|MedCap AB |Financial|Asset Management
GQN.DE|Medwell Capital Corp |Financial|Asset Management
0158.HK|Melbourne Enterprises Ltd. |Financial|Asset Management
MELK.ST|Melker Schorling AB |Financial|Asset Management
VALO.BA|Mercado De Valores |Financial|Asset Management
INE.AX|Mercantile Investment |Financial|Asset Management
MRC.L|Mercantile IT |Financial|Asset Management
MRCH.L|Merchants Trust (The) PLC |Financial|Asset Management
ME.MI|Meridie |Financial|Asset Management
MERR|Merriman Holdings, Inc. |Financial|Asset Management
MERR|Merriman Holdings, Inc. |Financial|Asset Management
ALMTH.PA|Methorios Capital SpA |Financial|Asset Management
MTH.MI|Methorios Capital SpA |Financial|Asset Management
0022.HK|Mexan Ltd. |Financial|Asset Management
MXE|Mexico Equity & Income Fund In |Financial|Asset Management
CCA|MFS California Municipal Fund |Financial|Asset Management
M3B.DE|Mic AG |Financial|Asset Management
MICROSEC.NS|Microsec Financial |Financial|Asset Management
MIC.MI|Mid Industry Capital |Financial|Asset Management
MIDEASTP.BO|Mideast Portfolio Mgmt |Financial|Asset Management
SMCG|Millennium India Acquisition C |Financial|Asset Management
0222.HK|Min Xin Holdings Ltd. |Financial|Asset Management
VLR-H.V|MinCore Ltd |Financial|Asset Management
KAILASHF.BO|Mindvision Capital Ltd |Financial|Asset Management
MID-UN.TO|MINT Income Fund |Financial|Asset Management
SPZ.DE|MISTRAL Media AG |Financial|Asset Management
SPZI.DE|MISTRAL Media AG |Financial|Asset Management
MTH.L|Mithras Investment Trust PLC |Financial|Asset Management
MITH.L|Mithril Capital PLC |Financial|Asset Management
MMF.L|Miton Group PLC |Financial|Asset Management
MIT.MI|Mittel |Financial|Asset Management
MLP.DE|MLP AG |Financial|Asset Management
MIGC.L|Mobeus Income & Growth 2 |Financial|Asset Management
MIG4.L|Mobeus Income & Growth 4 |Financial|Asset Management
MIX.L|Mobeus Income & Growth VCT PLC |Financial|Asset Management
MC|Moelis & Company |Financial|Asset Management
MLALO.PA|Monfinancier |Financial|Asset Management
MNKS.L|Monks Investment Trust |Financial|Asset Management
MTE.L|Montanaro European |Financial|Asset Management
M.V|Mosaic Capital Corp |Financial|Asset Management
MOTILALFS.BO|Motilal Oswal Financial |Financial|Asset Management
MOTILALOF.NS|Motilal Oswal Financial |Financial|Asset Management
MPC.DE|MPC Muenchmeyer Petersen |Financial|Asset Management
MPCK.DE|MPC Muenchmeyer Petersen |Financial|Asset Management
MCX.NS|Multi Commodity Exchange |Financial|Asset Management
0898.HK|Multifield International |Financial|Asset Management
MXUPA.AX|Multiplex Sites Trust |Financial|Asset Management
MUT.L|Murray Income Trust PLC |Financial|Asset Management
MYI.L|Murray International Trust PLC |Financial|Asset Management
MUX.DE|mutares AG |Financial|Asset Management
MIL.L|Myanmar Investments |Financial|Asset Management
NAHARCAP.BO|Nahar Capital & Fin Servs |Financial|Asset Management
NAHARCAP.NS|Nahar Capital & Fin Servs |Financial|Asset Management
NALWA.BO|Nalwa Sons Investments Ltd |Financial|Asset Management
NSIL.NS|Nalwa Sons Investments Ltd |Financial|Asset Management
0680.HK|Nan Hai Corporation Ltd. |Financial|Asset Management
NNS.DE|Nanostart AG |Financial|Asset Management
NAC.AX|NAOS Absolute Opps |Financial|Asset Management
NCC.AX|NAOS Emerging Opportuniti |Financial|Asset Management
NAQ.DE|NASDAQ OMX Group, Inc. |Financial|Asset Management
NAXS.ST|NAXS Nordic Access Buyout |Financial|Asset Management
NEELKATEC.BO|Neelkanth Technologies Ltd |Financial|Asset Management
NEP.L|Neptune-Calculus |Financial|Asset Management
NBW|Neuberger Berman California In |Financial|Asset Management
NHS|Neuberger Berman High Yield St |Financial|Asset Management
NBH|Neuberger Berman Intermediate |Financial|Asset Management
NBO|Neuberger Berman New York Inte |Financial|Asset Management
NRO|Neuberger Berman Real Estate S |Financial|Asset Management
1062.HK|New Capital International |Financial|Asset Management
NCA2.L|New Century AIM VCT 2 PLC |Financial|Asset Management
NCA.L|New Century AIM VCT PLC |Financial|Asset Management
NCYF.L|New City High Yield Fund Ltd |Financial|Asset Management
0095.HK|New Heritage Holdings Ltd. |Financial|Asset Management
NII.L|New India Investment Trust PLC |Financial|Asset Management
NMFC|New Mountain Finance Corporati |Financial|Asset Management
NSI.L|New Star Investment Trust PLC |Financial|Asset Management
0166.HK|New Times Energy Corp Ltd |Financial|Asset Management
N7V.DE|New Value Ltd |Financial|Asset Management
NEWCAP.CO|Newcap Holding A/S |Financial|Asset Management
NEW-A.TO|Newgrowth Corp |Financial|Asset Management
NOAH|Noah Holdings Limited |Financial|Asset Management
EUS.L|North American Income |Financial|Asset Management
NAS.L|North Atlantic Smr Cos IT |Financial|Asset Management
0433.HK|North Mining Shares Co., Ltd. |Financial|Asset Management
NTV.L|Northern 2 VCT PLC |Financial|Asset Management
NTN.L|Northern 3 VCT PLC |Financial|Asset Management
NRI.L|Northern Investors Co PLC |Financial|Asset Management
NT4.DE|Northern Trust Corp |Financial|Asset Management
NTRS|Northern Trust Corporation |Financial|Asset Management
NVT.L|Northern Venture Trust PLC |Financial|Asset Management
NFD-A.V|Northfield Capital Corp |Financial|Asset Management
NWIG.L|Northwest Investment Group Ltd |Financial|Asset Management
NOVA.L|Nova Resources Ltd |Financial|Asset Management
NOB.DE|Novestra AB |Financial|Asset Management
NOVE.ST|Novestra AB |Financial|Asset Management
NUM.L|Numis Corp PLC |Financial|Asset Management
NAZ|Nuveen Arizona Premium Income |Financial|Asset Management
NKX|Nuveen California AMT-Free Mun |Financial|Asset Management
NVX|Nuveen California Dividend Adv |Financial|Asset Management
NZH|Nuveen California Dividend Adv |Financial|Asset Management
NCB|Nuveen California Municipal Va |Financial|Asset Management
NVG|Nuveen Dividend Advantage Muni |Financial|Asset Management
NXZ|Nuveen Dividend Advantage Muni |Financial|Asset Management
NZF|Nuveen Dividend Advantage Muni |Financial|Asset Management
NKG|Nuveen Georgia Dividend Advant |Financial|Asset Management
NUM|Nuveen Michigan Quality Income |Financial|Asset Management
NMZ|Nuveen Municipal High Income O |Financial|Asset Management
NXJ|Nuveen New Jersey Dividend Adv |Financial|Asset Management
NJV|Nuveen New Jersey Municipal Va |Financial|Asset Management
NYV|Nuveen New York Municipal Valu |Financial|Asset Management
NUO|Nuveen Ohio Quality Income Mun |Financial|Asset Management
JRS|Nuveen Real Estate Income Fund |Financial|Asset Management
NZX.NZ|NZX Ltd |Financial|Asset Management
OCL.L|Oakley Capital Investments Ltd |Financial|Asset Management
OAK|Oaktree Capital Group, LLC |Financial|Asset Management
OCP.AX|Oceania Capital Partners Ltd |Financial|Asset Management
OCQ.DE|Oceanica AG |Financial|Asset Management
OZM|Och-Ziff Capital Management Gr |Financial|Asset Management
35OA.DE|Och-Ziff Capital Mgmt |Financial|Asset Management
OCT.L|Octagonal PLC |Financial|Asset Management
OIAA.L|Octopus AIM VCT 2 PLC |Financial|Asset Management
OOA.L|Octopus AIM VCT PLC |Financial|Asset Management
OAP3.L|Octopus Apollo VCT PLC |Financial|Asset Management
OEC1.L|Octopus Eclipse VCT PLC |Financial|Asset Management
OFS|OFS Capital Corporation |Financial|Asset Management
OLY.TO|Olympia Financial Group Inc |Financial|Asset Management
OLY.TO|Olympia Financial Group Inc. |Financial|Asset Management
OVH.AX|OneVue Holdings Ltd |Financial|Asset Management
1140.HK|OP Financial Investments Ltd. |Financial|Asset Management
0810.HK|Opes Asia Development Ltd. |Financial|Asset Management
OPP.L|Origo Partners PLC |Financial|Asset Management
OPPP.L|Origo Partners PLC |Financial|Asset Management
OIG.L|Oryx Intl Growth Fund |Financial|Asset Management
OSWALAG.BO|Oswal Agro Mills Ltd |Financial|Asset Management
BINDALAGR.NS|Oswal Green Tech Ltd |Financial|Asset Management
OTM.L|Ottoman Fund (The) Ltd |Financial|Asset Management
OXH.L|Oxford Technology 2 VCT |Financial|Asset Management
OTT.L|Oxford Technology 3 VCT |Financial|Asset Management
OXF.L|Oxford Technology 4 VCT |Financial|Asset Management
OXT.L|Oxford Technology VCT |Financial|Asset Management
OZG.AX|Ozgrowth Ltd |Financial|Asset Management
P2P.L|P2P Global Investments PLC |Financial|Asset Management
P2PC.L|P2P Global Investments PLC |Financial|Asset Management
PHF|Pacholder High Yield Fund Inc. |Financial|Asset Management
PAX.L|Pacific Alliance Asia |Financial|Asset Management
PACL.L|Pacific Alliance China |Financial|Asset Management
PAC.L|Pacific Assets Trust PLC |Financial|Asset Management
0432.HK|Pacific Century Premium |Financial|Asset Management
P15.SI|Pacific Century Regional |Financial|Asset Management
PFQ.DE|Pacific Century Regional |Financial|Asset Management
PHI.L|Pacific Horizon IT |Financial|Asset Management
0617.HK|Paliburg Holdings Ltd. |Financial|Asset Management
PIN.L|Pantheon International |Financial|Asset Management
PINR.L|Pantheon International |Financial|Asset Management
PXUPA.AX|PaperlinX SPS Trust |Financial|Asset Management
ZPARICIN.BO|Parichay Investments Ltd |Financial|Asset Management
BAUH499.SA|Participacoes Alianca |Financial|Asset Management
BAUH500.SA|Participacoes Alianca |Financial|Asset Management
P2H.DE|Partners Group Holding |Financial|Asset Management
PEH.DE|PEH Wertpapier AG |Financial|Asset Management
PTF.V|Pender Growth Fund (VCC) Inc |Financial|Asset Management
PFLT|PennantPark Floating Rate Capi |Financial|Asset Management
PNNT|PennantPark Investment Corpora |Financial|Asset Management
GWC.V|People Corporation |Financial|Asset Management
PLI.L|Perpetual Income & Growth |Financial|Asset Management
PPT.AX|Perpetual Ltd |Financial|Asset Management
PNL.L|Personal Assets Trust PLC |Financial|Asset Management
PTF.L|Phaunos Timber Fund Ltd |Financial|Asset Management
IRET.L|Picton Property Income Ltd |Financial|Asset Management
PILANIINV.NS|Pilani Investment |Financial|Asset Management
PCD.AX|Pine Capital Ltd |Financial|Asset Management
HNW|Pioneer Diversified High Incom |Financial|Asset Management
0224.HK|Pioneer Global Group Ltd. |Financial|Asset Management
PJR.DE|Piper Jaffray Cos |Financial|Asset Management
OAH.L|Pires Investments PLC |Financial|Asset Management
PTM.AX|Platinum Asset Management Ltd |Financial|Asset Management
PMC.AX|Platinum Capital Ltd |Financial|Asset Management
PMEA.L|PME African Infr Opps |Financial|Asset Management
PNBGILTS.BO|PNB Gilts Ltd |Financial|Asset Management
PNBGILTS.NS|PNB Gilts Ltd |Financial|Asset Management
0225.HK|Pokfulam Development Co., Ltd. |Financial|Asset Management
POLR.L|Polar Capital Holdings PLC |Financial|Asset Management
PCT.L|Polar Capital Technology |Financial|Asset Management
MMP-UN.TO|Precious Metals |Financial|Asset Management
PREMCAP.BO|Premier Capital Services Ltd. |Financial|Asset Management
PEW.L|Premier Energy and Water |Financial|Asset Management
PREMCAPM.BO|Premium Capital Markets |Financial|Asset Management
PIC-A.TO|Premium Income Corp |Financial|Asset Management
PFG.AX|Prime Financial Group Ltd |Financial|Asset Management
PEY.L|Princess Private Equity |Financial|Asset Management
PEQ.L|Private Equity Investor PLC |Financial|Asset Management
PSEC|Prospect Capital Corporation |Financial|Asset Management
RK8.DE|Prospect Capital Corporation |Financial|Asset Management
PJF.L|Prospect Japan Fund (The) Ltd |Financial|Asset Management
PGOO.L|ProVen Growth & Income VCT PLC |Financial|Asset Management
LONG.L|Proxama PLC |Financial|Asset Management
PHA.AX|Public Holdings (Australi |Financial|Asset Management
PMH.L|Puma High Income VCT PLC |Financial|Asset Management
PGC.NZ|Pyne Gould Corp Ltd |Financial|Asset Management
PZN|Pzena Investment Management, I |Financial|Asset Management
QLTS|Q Lotus Holdings, Inc. |Financial|Asset Management
QLTS|Q Lotus Holdings, Inc. |Financial|Asset Management
EQEO.L|Qatar Investment Fund PLC |Financial|Asset Management
0952.HK|Quam Ltd. |Financial|Asset Management
EGC-H.V|Quantum International |Financial|Asset Management
QFG.BR|Quest for Growth |Financial|Asset Management
QSS.AX|Questus Ltd |Financial|Asset Management
QVE.AX|QV Equities Ltd |Financial|Asset Management
RRSECUR.BO|R R Securities Ltd |Financial|Asset Management
RSS.L|RAB Special Situations Co Ltd |Financial|Asset Management
