More Info|Industry: Real Estate Development |Financial|Real Estate Development
E7S.DE|Accentro Real Estate AG |Financial|Real Estate Development
ADQU.SI|Accordia Golf Trust |Financial|Real Estate Development
1442.TW|Advancetek Enterprise Co Ltd |Financial|Real Estate Development
AE.MI|Aedes |Financial|Real Estate Development
AFID.L|AFI Development PLC |Financial|Real Estate Development
AFRB.L|AFI Development PLC |Financial|Real Estate Development
A8P.DE|Agile Property Holdings Ltd |Financial|Real Estate Development
3383.HK|Agile Property Holdings Ltd. |Financial|Real Estate Development
AREALTY.BO|Alchemist Realty Ltd |Financial|Real Estate Development
ALEX|Alexander & Baldwin, Inc. |Financial|Real Estate Development
0056.HK|Allied Properties (HK) Ltd. |Financial|Real Estate Development
ANNAINFRA.BO|Anna Infrastructures Ltd |Financial|Real Estate Development
ANSALAPI.NS|Ansal Properties |Financial|Real Estate Development
ANSALINFR.BO|Ansal Properties |Financial|Real Estate Development
ANTG.BR|Antigoon Invest NV |Financial|Real Estate Development
ARG.NZ|Argosy Property Ltd |Financial|Real Estate Development
ARIHANT.NS|Arihant Foundations & Hou |Financial|Real Estate Development
ARIHFOU.BO|Arihant Foundations & Hou |Financial|Real Estate Development
ARIHSUPER.BO|Arihant Superstructures Ltd |Financial|Real Estate Development
A3E.DE|ARISTON Real Estate AG |Financial|Real Estate Development
ASHIHOU.BO|Ashiana Housing Ltd. |Financial|Real Estate Development
ASD1.DE|Asia Orient Holdings Ltd |Financial|Real Estate Development
0129.HK|Asia Standard |Financial|Real Estate Development
AXI.AX|Axiom Properties Ltd |Financial|Real Estate Development
BNANJEN.BO|B Nanji Enterprises Ltd |Financial|Real Estate Development
BANI.BR|Banimmo |Financial|Real Estate Development
BBI.DE|BBI Buergerliches Brauh |Financial|Real Estate Development
BEK-B.TO|Becker Milk Co Ltd |Financial|Real Estate Development
0588.HK|Beijing North Star |Financial|Real Estate Development
BJ3.DE|Beijing North Star Co Ltd |Financial|Real Estate Development
BAZA13.SA|BHG |Financial|Real Estate Development
BOR.OL|Borgestad ASA |Financial|Real Estate Development
BRI.MI|Brioschi |Financial|Real Estate Development
BAM-A.TO|Brookfield Asset |Financial|Real Estate Development
BAM-PG.TO|Brookfield Asset |Financial|Real Estate Development
BAM-PM.TO|Brookfield Asset |Financial|Real Estate Development
BAM-PR.TO|Brookfield Asset |Financial|Real Estate Development
BAM|Brookfield Asset Management In |Financial|Real Estate Development
BKAA.DE|Brookfield Asset Mgmt |Financial|Real Estate Development
BSD-UN.TO|Brookfield Asset Mgmt |Financial|Real Estate Development
BPY|Brookfield Property Partners L |Financial|Real Estate Development
BRP.TO|Brookfield Residential |Financial|Real Estate Development
BSELINFRA.BO|BSEL Infrastructure Realty Ltd |Financial|Real Estate Development
BSELINFRA.NS|BSEL Infrastructure Realty Ltd |Financial|Real Estate Development
B1W1.DE|Bukit Sembawang Estates Ltd |Financial|Real Estate Development
B61.SI|Bukit Sembawang Estates Ltd |Financial|Real Estate Development
C31.SI|CapitaLand Ltd |Financial|Real Estate Development
PLF.DE|CapitaLand Ltd |Financial|Real Estate Development
CARPD.PA|Carrefour Property Development |Financial|Real Estate Development
CAST.ST|Castellum AB |Financial|Real Estate Development
TEX.DE|Castellum AB |Financial|Real Estate Development
2501.TW|Cathay Real Estate |Financial|Real Estate Development
CDI.NZ|CDL Inv New Zealand |Financial|Real Estate Development
CWP.AX|Cedar Woods Properties Ltd |Financial|Real Estate Development
0832.HK|Central China Real Estate |Financial|Real Estate Development
0355.HK|Century City Int'l |Financial|Real Estate Development
2509.TW|Chainqui Development Co Ltd |Financial|Real Estate Development
3883.HK|China Aoyuan Property |Financial|Real Estate Development
47C.DE|China Aoyuan Property Gro |Financial|Real Estate Development
HGSH|China HGS Real Estate Inc. |Financial|Real Estate Development
4CL.DE|China Housing & Land |Financial|Real Estate Development
CHLN|China Housing and Land Develop |Financial|Real Estate Development
0600.HK|China Infrastructur Int'l |Financial|Real Estate Development
C37.SI|China International |Financial|Real Estate Development
C03.SI|China Merchants Property |Financial|Real Estate Development
4CWA.DE|China New Town Dev |Financial|Real Estate Development
D4N.SI|China New Town Dev |Financial|Real Estate Development
HRH.DE|China Oceanwide Holdings Ltd |Financial|Real Estate Development
CPP.DE|China Overseas Land |Financial|Real Estate Development
ZYW.DE|China Properties Group Ltd |Financial|Real Estate Development
1966.HK|China Property Holdings |Financial|Real Estate Development
1109.HK|China Resources Land Ltd. |Financial|Real Estate Development
B2X.SI|China Yuanbang Property |Financial|Real Estate Development
KOH.DE|China Yuanbang Property |Financial|Real Estate Development
CQ3.DE|Chinese Estates Holdings Ltd |Financial|Real Estate Development
0127.HK|Chinese Estates Holdings Ltd. |Financial|Real Estate Development
CUG.DE|Chuang's China Investments Ltd |Financial|Real Estate Development
0367.HK|Chuang's Consortium Int'l |Financial|Real Estate Development
PUWA.DE|Ciputra Development Tbk |Financial|Real Estate Development
39Z.DE|Ciputra Property Tbk |Financial|Real Estate Development
UKC.L|Coalfield Resources PLC |Financial|Real Estate Development
CGR.DE|Coastal Greenland Ltd |Financial|Real Estate Development
KBU.DE|Colonia Real Estate AG |Financial|Real Estate Development
CIA.MI|Compagnia Immobiliare |Financial|Real Estate Development
CXA-B.TO|Consolidated HCI Holdings Corp |Financial|Real Estate Development
CTO|Consolidated Tomoka Land Co. |Financial|Real Estate Development
JM6.DE|Cooper Minerals Inc. |Financial|Real Estate Development
COUNCODOS.BO|Country Condo's Ltd |Financial|Real Estate Development
NEOCURE.NS|Country Condo's Ltd |Financial|Real Estate Development
2007.HK|Country Garden Holdings |Financial|Real Estate Development
DZJ.DE|Country Garden Holdings Co Ltd |Financial|Real Estate Development
CRZ.DE|CR Capital Real Estate AG |Financial|Real Estate Development
BAZA149.SA|CR2 Empreendimentos |Financial|Real Estate Development
BAUH90.SA|Cyrela Commercial Propert |Financial|Real Estate Development
DSKULKAR.BO|D S Kulkarni Developers Ltd |Financial|Real Estate Development
DSKULKARN.NS|D S Kulkarni Developers Ltd |Financial|Real Estate Development
DWH.DE|Daiwa House Industry Co Ltd |Financial|Real Estate Development
K2M.SI|Debao Property Development Ltd |Financial|Real Estate Development
DWNI.DE|Deutsche Wohnen AG |Financial|Real Estate Development
DVN.AX|Devine Ltd |Financial|Real Estate Development
DHRUVES.BO|Dhruv Estates Ltd |Financial|Real Estate Development
DIC.DE|DIC Asset AG |Financial|Real Estate Development
BAUH192.SA|Direcional Engenharia SA |Financial|Real Estate Development
DLF.BO|DLF Ltd |Financial|Real Estate Development
DLF.NS|DLF Ltd |Financial|Real Estate Development
DRM.TO|DREAM Unlimited Corp |Financial|Real Estate Development
EM3A.DE|Emperor International |Financial|Real Estate Development
EPSOMPRO.BO|Epsom Properties Ltd |Financial|Real Estate Development
ETLN.L|Etalon Group Ltd |Financial|Real Estate Development
ALEUA.PA|Eurasia Groupe |Financial|Real Estate Development
BAZA242.SA|Even Construtora |Financial|Real Estate Development
3333.HK|Evergrande Real Estate |Financial|Real Estate Development
EV1.DE|Evergrande Real Estate Gr |Financial|Real Estate Development
BNT1.DE|EYEMAXX Real Estate AG |Financial|Real Estate Development
BAZA243.SA|EZ TEC Empreendimentos |Financial|Real Estate Development
FABG.ST|Fabege AB |Financial|Real Estate Development
WILB.DE|Fabege AB |Financial|Real Estate Development
FACTENT.BO|Fact Enterprise Ltd |Financial|Real Estate Development
1777.HK|Fantasia Holdings Group |Financial|Real Estate Development
FT7.DE|Fantasia Holdings Group Co Ltd |Financial|Real Estate Development
0035.HK|Far East Consortium |Financial|Real Estate Development
FET.DE|Far East Consortium Intl |Financial|Real Estate Development
5522.TW|Farglory Land Development |Financial|Real Estate Development
ORIA.PA|Fiducial Real Estate |Financial|Real Estate Development
FRI.AX|Finbar Group Ltd |Financial|Real Estate Development
FOR|Forestar Group Inc. |Financial|Real Estate Development
F31.SI|Fragrance Group Ltd |Financial|Real Estate Development
3F5.DE|Franshion Properties |Financial|Real Estate Development
0817.HK|Franshion Properties (Chi |Financial|Real Estate Development
F99.SI|Fraser and Neave Ltd |Financial|Real Estate Development
FNV2.DE|Fraser and Neave Ltd |Financial|Real Estate Development
GAB.MI|Gabetti Property Solutions SPA |Financial|Real Estate Development
GWK3.DE|Gag Immobilien |Financial|Real Estate Development
GANESHHOU.NS|Ganesh Housing Corp Ltd |Financial|Real Estate Development
GANESHSG.BO|Ganesh Housing Corp Ltd |Financial|Real Estate Development
GZT|Gazit-Globe, Ltd. |Financial|Real Estate Development
BAUH306.SA|General Shopping Brasil SA |Financial|Real Estate Development
GDC.TO|Genesis Land Development Corp |Financial|Real Estate Development
GIC.V|Genterra Capital Inc |Financial|Real Estate Development
GULCHEM.BO|Genus Prime Infra Ltd |Financial|Real Estate Development
0845.HK|Glorious Property |Financial|Real Estate Development
GODREJPRO.NS|Godrej Properties Ltd. |Financial|Real Estate Development
GODREJPRP.BO|Godrej Properties Ltd. |Financial|Real Estate Development
MF9A.DE|Goldin Properties Holdings Ltd |Financial|Real Estate Development
0041.HK|Great Eagle Holdings Ltd. |Financial|Real Estate Development
GRBK|Green Brick Partners, Inc. |Financial|Real Estate Development
3900.HK|Greentown China Holdings Ltd. |Financial|Real Estate Development
ALIMO.PA|Groupimo SA |Financial|Real Estate Development
2777.HK|Guangzhou R&F Properties |Financial|Real Estate Development
G5HA.DE|Guangzhou R&F Properties |Financial|Real Estate Development
GUJCRED.BO|Gujarat Credit Corp Ltd |Financial|Real Estate Development
G7B.DE|GWB Immobilien AG |Financial|Real Estate Development
H4I.DE|HAHN-Immobilien |Financial|Real Estate Development
HHC.V|Halmont Properties Corp |Financial|Real Estate Development
0010.HK|Hang Lung Group Ltd. |Financial|Real Estate Development
C101.HK|Hang Lung Properties Ltd. |Financial|Real Estate Development
HDIL.BO|HDIL |Financial|Real Estate Development
HDIL.NS|HDIL |Financial|Real Estate Development
0097.HK|Henderson Investment Ltd. |Financial|Real Estate Development
0012.HK|Henderson Land |Financial|Real Estate Development
0412.HK|Heritage International |Financial|Real Estate Development
0050.HK|Hong Kong Ferry holdings |Financial|Real Estate Development
0207.HK|Hong Kong Parkview Group Ltd. |Financial|Real Estate Development
HKC.DE|Hongkong Chinese Ltd |Financial|Real Estate Development
H78.SI|Hongkong Land Holdings Ltd |Financial|Real Estate Development
HKLB.L|Hongkong Land Holdings Ltd |Financial|Real Estate Development
HLH.DE|Hongkong Land Holdings Ltd |Financial|Real Estate Development
0054.HK|Hopewell Holdings Ltd. |Financial|Real Estate Development
0754.HK|Hopson Development |Financial|Real Estate Development
HVP.DE|Hopson Development Holdin |Financial|Real Estate Development
2548.TW|Huaku Development Co Ltd |Financial|Real Estate Development
ACKRUTI.BO|Hubtown Ltd |Financial|Real Estate Development
ACKRUTI.NS|Hubtown Ltd |Financial|Real Estate Development
HYN.DE|Hysan Development Co Ltd |Financial|Real Estate Development
0014.HK|Hysan Development Co., Ltd. |Financial|Real Estate Development
INDOGR.BO|IITL Projects Ltd |Financial|Real Estate Development
GARY.DE|IMW Immobilien SE |Financial|Real Estate Development
IOT|Income Opportunity Realty Inve |Financial|Real Estate Development
F3EU.SI|Indiabulls Properties |Financial|Real Estate Development
INDOASIAP.BO|Indo-Asian Foods |Financial|Real Estate Development
IIN.MI|Industria e Innovazione SpA |Financial|Real Estate Development
MLFIH.PA|Industrial Holding S.p.A. |Financial|Real Estate Development
INL.L|Inland Homes PLC |Financial|Real Estate Development
IRSA.BA|IRSA Inversiones |Financial|Real Estate Development
IRS|IRSA Investments and Represent |Financial|Real Estate Development
IWB.DE|ISARIA Wohnbau AG |Financial|Real Estate Development
0199.HK|ITC Properties Group Ltd. |Financial|Real Estate Development
BAUH375.SA|JHSF Participacoes SA |Financial|Real Estate Development
0173.HK|K Wah International |Financial|Real Estate Development
KW2.DE|K Wah International |Financial|Real Estate Development
1215.HK|Kai Yuan Holdings Ltd. |Financial|Real Estate Development
1638.HK|Kaisa Group Holdings Ltd. |Financial|Real Estate Development
KAMANWALA.BO|Kamanwala Housing |Financial|Real Estate Development
0184.HK|Keck Seng Investments |Financial|Real Estate Development
K17.SI|Keppel Land Ltd |Financial|Real Estate Development
KPE.DE|Keppel Land Ltd |Financial|Real Estate Development
KR3.DE|Kerry Properties Ltd |Financial|Real Estate Development
0683.HK|Kerry Properties Ltd. |Financial|Real Estate Development
KGF.V|King George Financial Corp |Financial|Real Estate Development
KOLTEPATI.BO|Kolte Patil Developers Ltd |Financial|Real Estate Development
KOLTEPATI.NS|Kolte Patil Developers Ltd |Financial|Real Estate Development
KOX.DE|Kowloon Development Co Ltd |Financial|Real Estate Development
0034.HK|Kowloon Development Co., Ltd. |Financial|Real Estate Development
ER0.SI|KSH Holdings Ltd |Financial|Real Estate Development
XEUA.DE|KSH Holdings Ltd |Financial|Real Estate Development
2505.TW|Kuo Yang Construction Co Ltd |Financial|Real Estate Development
KOU.DE|KWG Property Holding Ltd |Financial|Real Estate Development
1813.HK|KWG Property Holding Ltd. |Financial|Real Estate Development
L05.SI|Lafe Corp Ltd |Financial|Real Estate Development
LAE.DE|Lafe Corp Ltd |Financial|Real Estate Development
LAMDA.AT|Lamda Development SA |Financial|Real Estate Development
LANCORHOL.BO|Lancor Holdings Ltd |Financial|Real Estate Development
LANDMARK.BO|Landmark Property Dev Co |Financial|Real Estate Development
LPDC.NS|Landmark Property Dev Co |Financial|Real Estate Development
LES.V|Leis Industries Ltd |Financial|Real Estate Development
LGIH|LGI Homes, Inc. |Financial|Real Estate Development
LIC.AX|Lifestyle Communities Ltd |Financial|Real Estate Development
LOKHSG.BO|Lok Housing & Constructio |Financial|Real Estate Development
2514.TW|Long Bon Development Co Ltd |Financial|Real Estate Development
LXB.L|LXB Retail Properties PLC |Financial|Real Estate Development
MPO.L|Macau Property Opps Fund |Financial|Real Estate Development
0231.HK|Madex International holdings |Financial|Real Estate Development
MAHINLIFE.BO|Mahindra Lifespace |Financial|Real Estate Development
MAHLIFE.NS|Mahindra Lifespace |Financial|Real Estate Development
MANJEERA.BO|Manjeera Constructions Ltd |Financial|Real Estate Development
MANJEERA.NS|Manjeera Constructions Ltd |Financial|Real Estate Development
MANRAJH.BO|Manraj Housing Finance Ltd |Financial|Real Estate Development
MARATHON.BO|Marathon Nextgen Realty Ltd |Financial|Real Estate Development
MMI|Marcus & Millichap, Inc. |Financial|Real Estate Development
MARG.NS|Marg Ltd |Financial|Real Estate Development
MARGLTD.BO|Marg Ltd |Financial|Real Estate Development
MKT.L|Market Tech Holdings Ltd |Financial|Real Estate Development
MLP|Maui Land & Pineapple Company, |Financial|Real Estate Development
MRD.TO|Melcor Developments |Financial|Real Estate Development
MERC.L|Merchant Securities Group PLC |Financial|Real Estate Development
0846.HK|Mingfa Group Co. |Financial|Real Estate Development
0230.HK|Minmetals Land Ltd. |Financial|Real Estate Development
MES.DE|Mitsubishi Estate Co Ltd |Financial|Real Estate Development
MFU.DE|Mitsui Fudosan Co Ltd |Financial|Real Estate Development
MONETSUG.BO|Monnet Project Developers Ltd |Financial|Real Estate Development
BAZA458.SA|Multiplan Empreendimentos |Financial|Real Estate Development
MVL.BO|MVL Ltd |Financial|Real Estate Development
MVL.NS|MVL Ltd. |Financial|Real Estate Development
PITHMST.BO|Nardhana Infrastructure Ltd |Financial|Real Estate Development
NEN|New England Realty Associates |Financial|Real Estate Development
NWO.DE|New World China Land Ltd |Financial|Real Estate Development
0917.HK|New World China Land Ltd. |Financial|Real Estate Development
0017.HK|New World Development Co |Financial|Real Estate Development
NWD.DE|New World Development Co Ltd |Financial|Real Estate Development
NNP.V|NewNorth Projects Ltd |Financial|Real Estate Development
NILA.BO|Nila Infrastructures Ltd |Financial|Real Estate Development
NITESHEST.NS|Nitesh Estates Ltd |Financial|Real Estate Development
NRDC.CO|Nordicom A/S |Financial|Real Estate Development
NPRO.OL|Norwegian Property ASA |Financial|Real Estate Development
NPROO.ST|Norwegian Property ASA |Financial|Real Estate Development
NR.MI|Nova Re |Financial|Real Estate Development
NLL.V|NSI Strategic Investments Ltd |Financial|Real Estate Development
3LSA.DE|OJSC LSR Group |Financial|Real Estate Development
LSRG.L|OJSC LSR Group |Financial|Real Estate Development
OLT.OL|Olav Thon Eiendomsselskap ASA |Financial|Real Estate Development
OMAG|Omagine, Inc. |Financial|Real Estate Development
OMAXE.BO|Omaxe Ltd |Financial|Real Estate Development
OMAXE.NS|Omaxe Ltd |Financial|Real Estate Development
AKANKSHA.BO|Optiemus Infracom Ltd |Financial|Real Estate Development
ORBITCO.BO|Orbit Corp Ltd |Financial|Real Estate Development
ORBITCORP.NS|Orbit Corp Ltd |Financial|Real Estate Development
2506.TW|Pacific Construction Co Ltd |Financial|Real Estate Development
0495.HK|Paladin Ltd. |Financial|Real Estate Development
0642.HK|Paladin Ltd. |Financial|Real Estate Development
P36.SI|Pan Hong Property Group Ltd |Financial|Real Estate Development
PARHOUS.BO|Parshwanath Corp Ltd |Financial|Real Estate Development
PARSVNATH.BO|Parsvnath Developers Ltd |Financial|Real Estate Development
3FD.DE|Pasal Real Estate Dev |Financial|Real Estate Development
PASAL.AT|Pasal Real Estate Dev |Financial|Real Estate Development
P1Z.DE|PATRIZIA Immobilien AG |Financial|Real Estate Development
PBD.AX|PBD Developments Ltd |Financial|Real Estate Development
BAZA496.SA|PDG Realty |Financial|Real Estate Development
PPC.AX|Peet Ltd |Financial|Real Estate Development
PENINLAND.NS|Peninsula Land Ltd |Financial|Real Estate Development
PENINSULA.BO|Peninsula Land Ltd |Financial|Real Estate Development
40S.SI|Perennial Real Est Hldgs |Financial|Real Estate Development
PHOENIX.BO|Phoenix Mills Ltd |Financial|Real Estate Development
PHOENIXLT.NS|Phoenix Mills Ltd |Financial|Real Estate Development
WEAROLOGY.BO|Poddar Developers Ltd |Financial|Real Estate Development
CMJ.DE|Poly Property Group Co Ltd |Financial|Real Estate Development
POPULARES.BO|Popular Estate Management Ltd |Financial|Real Estate Development
PRSI|Portsmouth Square Inc. |Financial|Real Estate Development
1238.HK|Powerlong Real Estate |Financial|Real Estate Development
PSK.TO|PrairieSky Royalty Ltd |Financial|Real Estate Development
PRERINFRA.BO|Prerna Infrabuild Ltd |Financial|Real Estate Development
PRESTIGE.NS|Prestige Estates Projects Ltd |Financial|Real Estate Development
PMCM|Primco Management Inc. |Financial|Real Estate Development
PMCMD|Primco Management Inc. |Financial|Real Estate Development
PRIMOF.CO|Prime Office AS |Financial|Real Estate Development
PRIMEPRO.BO|Prime Property Dev |Financial|Real Estate Development
2511.TW|Prince Housing & Developm |Financial|Real Estate Development
PFI.NZ|Property For Industry Ltd |Financial|Real Estate Development
P7S.DE|PSP Swiss Property AG |Financial|Real Estate Development
DUI.DE|PT Duta Pertiwi Tbk |Financial|Real Estate Development
PURVA.BO|Puravankara Projects Ltd |Financial|Real Estate Development
PURVA.NS|Puravankara Projects Ltd |Financial|Real Estate Development
PVP.BO|PVP Ventures Ltd |Financial|Real Estate Development
PVP.NS|PVP Ventures Ltd |Financial|Real Estate Development
RAGHUTOB.BO|R T C L Ltd |Financial|Real Estate Development
RADHEDE.BO|Radhe Developers (India) Ltd. |Financial|Real Estate Development
RAGHUNAT.BO|Raghunath International Ltd |Financial|Real Estate Development
RAP.BO|Rap Media Ltd |Financial|Real Estate Development
RUS.L|Raven Russia Ltd |Financial|Real Estate Development
RCMN.DE|RCM Beteiligungs AG |Financial|Real Estate Development
REGALIAA.BO|Regaliaa Realty Ltd |Financial|Real Estate Development
RPP-P.V|Regent Pacific Properties Inc |Financial|Real Estate Development
1387.HK|Renhe Commercial |Financial|Real Estate Development
R9H.DE|Renhe Commercial Holdings |Financial|Real Estate Development
RN.MI|Risanamento |Financial|Real Estate Development
RN5.DE|Risanamento |Financial|Real Estate Development
RPIL.BO|Ritesh Properties |Financial|Real Estate Development
VISHA.BO|Rodium Realty Ltd |Financial|Real Estate Development
BAUH556.SA|Rodobens Negocios |Financial|Real Estate Development
ROII|ROI Land Investments Ltd. |Financial|Real Estate Development
E8Z.SI|Roxy-Pacific Holdings Ltd |Financial|Real Estate Development
2539.TW|Sakura Development Co Ltd |Financial|Real Estate Development
SATRAPROP.BO|Satra Properties India Ltd |Financial|Real Estate Development
0563.HK|Shanghai Industrial Urban |Financial|Real Estate Development
0106.HK|Shenzhen High-Tech |Financial|Real Estate Development
SHS.DE|Shenzhen Investment Ltd |Financial|Real Estate Development
0604.HK|Shenzhen Investment Ltd. |Financial|Real Estate Development
SHERVANI.BO|Shervani Industrial Syndi |Financial|Real Estate Development
QHI.DE|Shimao Property Holdings Ltd |Financial|Real Estate Development
0813.HK|Shimao Property Holdings Ltd. |Financial|Real Estate Development
SHREERAM.BO|Shree Ram Urban Infra |Financial|Real Estate Development
SHRIKRISH.BO|Shri Krishna Devcon Ltd |Financial|Real Estate Development
OL5.DE|Shui On Land Ltd |Financial|Real Estate Development
0272.HK|Shui On Land Ltd. |Financial|Real Estate Development
SIMPLXREA.BO|Simplex Realty Ltd |Financial|Real Estate Development
5IC.SI|SING Holdings Ltd |Financial|Real Estate Development
SNO.DE|Sino Land Co Ltd |Financial|Real Estate Development
0083.HK|Sino Land Co., Ltd. |Financial|Real Estate Development
3377.HK|Sino-Ocean Land |Financial|Real Estate Development
3SD.DE|Sino-Ocean Land Holdings Ltd |Financial|Real Estate Development
SOBHA.BO|Sobha Ltd |Financial|Real Estate Development
SOBHA.NS|Sobha Ltd |Financial|Real Estate Development
SFBS.PA|Sofibus Patrimoine |Financial|Real Estate Development
0410.HK|SOHO China Limited |Financial|Real Estate Development
45S.DE|SOHO China Ltd |Financial|Real Estate Development
ESK.DE|South East Group Ltd |Financial|Real Estate Development
0726.HK|South East Group Ltd. |Financial|Real Estate Development
SSPDL.BO|SSPDL Ltd |Financial|Real Estate Development
MLPRI.PA|Ste Nationale de |Financial|Real Estate Development
S20.SI|Straits Trading Co Ltd |Financial|Real Estate Development
STRS|Stratus Properties Inc. |Financial|Real Estate Development
INN|Summit Hotel Properties, Inc. |Financial|Real Estate Development
0086.HK|Sun Hung Kai & Co., Ltd. |Financial|Real Estate Development
SHG.DE|Sun Hung Kai Properties Ltd |Financial|Real Estate Development
0016.HK|Sun Hung Kai Properties, Ltd. |Financial|Real Estate Development
1918.HK|Sunac China Holdings Ltd. |Financial|Real Estate Development
SDG.AX|Sunland Group Ltd |Financial|Real Estate Development
SUNTECK.BO|Sunteck Realty Ltd |Financial|Real Estate Development
SUNTECK.NS|Sunteck Realty Ltd |Financial|Real Estate Development
NYVL.DE|Supalai PLC |Financial|Real Estate Development
SUPREHOL.BO|Supreme Holdings |Financial|Real Estate Development
SWI.DE|Swire Pacific Ltd |Financial|Real Estate Development
SU1N.DE|Swiss Prime Site AG |Financial|Real Estate Development
PA3.SI|TA Corp Ltd |Financial|Real Estate Development
TEG.DE|TAG Immobilien AG |Financial|Real Estate Development
2841.TW|Taiwan land Corp |Financial|Real Estate Development
TALR|Talon Real Estate Holding Corp |Financial|Real Estate Development
BAZA704.SA|Tecnisa SA |Financial|Real Estate Development
TII.V|Terra Firma Capital Corp |Financial|Real Estate Development
TPL|Texas Pacific Land Trust |Financial|Real Estate Development
THAKDEV.BO|Thakkars Developers Ltd |Financial|Real Estate Development
HHC|The Howard Hughes Corporation |Financial|Real Estate Development
JOE.DE|The St. Joe Co |Financial|Real Estate Development
JOE|The St. Joe Company |Financial|Real Estate Development
DPV.V|TitanStar Properties, Inc. |Financial|Real Estate Development
TSP.V|TitanStar Properties, Inc. |Financial|Real Estate Development
TKDV.CO|TK Development A/S |Financial|Real Estate Development
EZX.DE|Ultima United Ltd |Financial|Real Estate Development
UUL.AX|Ultima United Ltd |Financial|Real Estate Development
UNITECH.BO|Unitech International Ltd |Financial|Real Estate Development
UNITECH.NS|Unitech International Ltd |Financial|Real Estate Development
UNITINT.BO|Unitech International Ltd |Financial|Real Estate Development
U14.SI|UOL Group Ltd |Financial|Real Estate Development
U1O.DE|UOL Group Ltd |Financial|Real Estate Development
UANC.L|Urban&Civic PLC |Financial|Real Estate Development
VASINFRA.BO|Vas Infrastructure Ltd |Financial|Real Estate Development
VENUSVENT.BO|Venus Power Ventures |Financial|Real Estate Development
VIH.DE|VIB Vermoegen AG |Financial|Real Estate Development
VICTMILL.BO|Victoria Mills Ltd |Financial|Real Estate Development
VIJSHAN.BO|Vijay Shanthi Builders Ltd |Financial|Real Estate Development
VIJSHAN.NS|Vijay Shanthi Builders Ltd |Financial|Real Estate Development
VIPUL.BO|Vipul Ltd |Financial|Real Estate Development
VIPUL.NS|Vipul Ltd |Financial|Real Estate Development
WALL-B.ST|Wallenstam AB |Financial|Real Estate Development
1222.HK|Wang On Group Ltd. |Financial|Real Estate Development
2537.TW|WE & WIN Development Co Ltd |Financial|Real Estate Development
ON7.SI|Weiye Holdings Ltd |Financial|Real Estate Development
WEG1.DE|Westgrund AG |Financial|Real Estate Development
WHL.DE|Wheelock and Co Ltd |Financial|Real Estate Development
0020.HK|Wheelock and Co., Ltd. |Financial|Real Estate Development
0369.HK|Wing Tai Properties Limited |Financial|Real Estate Development
USH.DE|Wing Tai Properties Ltd |Financial|Real Estate Development
WOLE.BR|Woluwe Extension |Financial|Real Estate Development
WOLS.BR|Woluwe Extension |Financial|Real Estate Development
3XRA.DE|Xinyuan Real Estate Co Ltd |Financial|Real Estate Development
XIN|Xinyuan Real Estate Co., Ltd. |Financial|Real Estate Development
XSA.DE|Xiwang Property Holdings |Financial|Real Estate Development
YMO.DE|Ymos AG |Financial|Real Estate Development
G10.SI|Yuexiu Property Co Ltd |Financial|Real Estate Development
GUZ.DE|Yuexiu Property Co Ltd |Financial|Real Estate Development
0123.HK|Yuexiu Property Co., Ltd. |Financial|Real Estate Development
0613.HK|Yugang International Ltd. |Financial|Real Estate Development
1628.HK|Yuzhou Properties Co., Ltd. |Financial|Real Estate Development
ZANDUREAL.BO|Zandu Realty Ltd |Financial|Real Estate Development
ZANDUREAL.NS|Zandu Realty Ltd |Financial|Real Estate Development
0672.HK|Zhong An Real Estate Limited |Financial|Real Estate Development
35Z.DE|Zhong An Real Estate Ltd |Financial|Real Estate Development
3056.TW|ZongTai Real Estate Devel |Financial|Real Estate Development
