More Info|Industry: Regional - Pacific Banks |Financial|Regional - Pacific Banks
ACBC|Albina Community Bancorp |Financial|Regional - Pacific Banks
ABNK|AltaPacific Bancorp |Financial|Regional - Pacific Banks
AMBZ|American Business Bank |Financial|Regional - Pacific Banks
AMRB|American River Bankshares |Financial|Regional - Pacific Banks
ARBV|American Riviera Bank |Financial|Regional - Pacific Banks
AUNB|Americas United Bank |Financial|Regional - Pacific Banks
AVBH|Avidbank Holdings, Inc. |Financial|Regional - Pacific Banks
BBBK|Baker Boyer Bancorp |Financial|Regional - Pacific Banks
BANC|Banc of California, Inc. |Financial|Regional - Pacific Banks
BOH|Bank of Hawaii Corporation |Financial|Regional - Pacific Banks
BMRC|Bank of Marin Bancorp |Financial|Regional - Pacific Banks
BNNP|Bank of Napa NA |Financial|Regional - Pacific Banks
BSCA|Bank of Santa Clarita |Financial|Regional - Pacific Banks
FBBN|Bank of Southern California |Financial|Regional - Pacific Banks
BKRL|Bank Reale |Financial|Regional - Pacific Banks
BCML|Bay Commercial Bank |Financial|Regional - Pacific Banks
BEOB|BEO Bancorp |Financial|Regional - Pacific Banks
BBNK|Bridge Capital Holdings |Financial|Regional - Pacific Banks
CABC|California Bank Of Commerce |Financial|Regional - Pacific Banks
CABB|California Business Bank |Financial|Regional - Pacific Banks
CFNB|California First National Banc |Financial|Regional - Pacific Banks
CRPB|California Republic Bancorp. |Financial|Regional - Pacific Banks
CALW|CalWest Bancorp |Financial|Regional - Pacific Banks
CACB|Cascade Bancorp |Financial|Regional - Pacific Banks
CACB|Cascade Bancorp |Financial|Regional - Pacific Banks
CATY|Cathay General Bancorp |Financial|Regional - Pacific Banks
CENP|CenterPointe Community Bank |Financial|Regional - Pacific Banks
CPF|Central Pacific Financial Corp |Financial|Regional - Pacific Banks
CVCY|Central Valley Community Banco |Financial|Regional - Pacific Banks
CHMG|Chemung Financial Corporation |Financial|Regional - Pacific Banks
CCBC|Chino Commercial Bancorp |Financial|Regional - Pacific Banks
CZNB|Citizens Bancorp (Nevada City, |Financial|Regional - Pacific Banks
CIVB|Civista Bancshares, Inc. |Financial|Regional - Pacific Banks
CTBP|Coast Bancorp |Financial|Regional - Pacific Banks
CWBK|Commerce West Bank, N.A. |Financial|Regional - Pacific Banks
CWBB|Commonwealth Business Bank |Financial|Regional - Pacific Banks
CFBN|Community 1st Bank |Financial|Regional - Pacific Banks
CWBC|Community West Bancshares |Financial|Regional - Pacific Banks
CRSB|Cornerstone Community Bank (Re |Financial|Regional - Pacific Banks
CNYB|County Commerce Bank |Financial|Regional - Pacific Banks
CUNB|CU Bancorp |Financial|Regional - Pacific Banks
CVBF|CVB Financial Corp. |Financial|Regional - Pacific Banks
EBMT|Eagle Bancorp Montana, Inc. |Financial|Regional - Pacific Banks
EXSR|Exchange Bank (Santa Rosa, CA) |Financial|Regional - Pacific Banks
FMCB|Farmers & Merchants Bancorp |Financial|Regional - Pacific Banks
FMBL|Farmers & Merchants Bank of Lo |Financial|Regional - Pacific Banks
FCZA|First Citizens Banc Corp. |Financial|Regional - Pacific Banks
FFNW|First Financial Northwest, Inc |Financial|Regional - Pacific Banks
FIBK|First Interstate Bancsystem In |Financial|Regional - Pacific Banks
FMBP|First Mountain Bank (Big Bear |Financial|Regional - Pacific Banks
FBAK|First National Bank Alaska |Financial|Regional - Pacific Banks
FNBG|FNB Bancorp |Financial|Regional - Pacific Banks
FCSB|Focus Business Bank |Financial|Regional - Pacific Banks
FOLB|Folsom Lake Bank |Financial|Regional - Pacific Banks
FBCP|Founders Bancorp |Financial|Regional - Pacific Banks
FHLB|Friendly Hills Bank |Financial|Regional - Pacific Banks
FSBW|FS Bancorp, Inc. |Financial|Regional - Pacific Banks
GBCI|Glacier Bancorp, Inc. |Financial|Regional - Pacific Banks
HAFC|Hanmi Financial Corporation |Financial|Regional - Pacific Banks
HAFC|Hanmi Financial Corporation |Financial|Regional - Pacific Banks
HTBK|Heritage Commerce Corp. |Financial|Regional - Pacific Banks
HFWA|Heritage Financial Corp. |Financial|Regional - Pacific Banks
LGHT|Lighthouse Bank Santa Cruz Cal |Financial|Regional - Pacific Banks
MFBP|M&F Bancorp Inc. |Financial|Regional - Pacific Banks
MNHN|Manhattan Bancorp |Financial|Regional - Pacific Banks
MCHB|Mechanics Bank |Financial|Regional - Pacific Banks
MBNC|Merchants Bancorp. |Financial|Regional - Pacific Banks
MVLY|Mission Valley Bancorp |Financial|Regional - Pacific Banks
NCAL|NCAL Bancorp |Financial|Regional - Pacific Banks
NWBN|New Resource Bank |Financial|Regional - Pacific Banks
NRLB|Northern California Bancorp In |Financial|Regional - Pacific Banks
NRIM|Northrim Bancorp Inc. |Financial|Regional - Pacific Banks
NBCT|Northwest Bancorp., Inc. |Financial|Regional - Pacific Banks
OVLY|Oak Valley Bancorp |Financial|Regional - Pacific Banks
OJCB|Ojai Community Bank |Financial|Regional - Pacific Banks
OPBK|Open Bank (Los Angeles CA) |Financial|Regional - Pacific Banks
OCBB|Orange County Business Bank, N |Financial|Regional - Pacific Banks
ORBN|Oregon Bancorp, Inc. |Financial|Regional - Pacific Banks
PFCF|Pacific City Financial Corp. |Financial|Regional - Pacific Banks
PFCI|Pacific Commerce Bank (CA) |Financial|Regional - Pacific Banks
PCBK|Pacific Continental Corp. |Financial|Regional - Pacific Banks
PFLC|Pacific Financial Corp. |Financial|Regional - Pacific Banks
PMBC|Pacific Mercantile Bancorp |Financial|Regional - Pacific Banks
PPBI|Pacific Premier Bancorp Inc. |Financial|Regional - Pacific Banks
PVBK|Pacific Valley Bank |Financial|Regional - Pacific Banks
PWBO|Pacific West Bank |Financial|Regional - Pacific Banks
PACW|PacWest Bancorp |Financial|Regional - Pacific Banks
PPFC|Pan Pacific Bank |Financial|Regional - Pacific Banks
PBNK|Pinnacle Bank |Financial|Regional - Pacific Banks
PLZB|Plaza Bank |Financial|Regional - Pacific Banks
PZBW|Plaza Bank |Financial|Regional - Pacific Banks
PLBC|Plumas Bancorp |Financial|Regional - Pacific Banks
PFBC|Preferred Bank |Financial|Regional - Pacific Banks
PFBC|Preferred Bank |Financial|Regional - Pacific Banks
PVLY|Premier Valley Bank |Financial|Regional - Pacific Banks
PDOB|Presidio Bank |Financial|Regional - Pacific Banks
PMRA|PROAMÉRICA BANK |Financial|Regional - Pacific Banks
PUGB|Puget Sound Bank |Financial|Regional - Pacific Banks
RWCB|Redwood Capital Bancorp (CA) |Financial|Regional - Pacific Banks
SAGN|Saigon National Bank |Financial|Regional - Pacific Banks
SDPB|San Diego Private Bank |Financial|Regional - Pacific Banks
SNLS|San Luis Trust Bank FSB |Financial|Regional - Pacific Banks
SCZC|Santa Cruz County Bank |Financial|Regional - Pacific Banks
SCAF|Security California Bancorp |Financial|Regional - Pacific Banks
BSRR|Sierra Bancorp |Financial|Regional - Pacific Banks
SVBA|Sierra Vista Bank |Financial|Regional - Pacific Banks
SBAZ|State Bank Corp. |Financial|Regional - Pacific Banks
SSBI|Summit State Bank |Financial|Regional - Pacific Banks
SIVB|SVB Financial Group |Financial|Regional - Pacific Banks
SGBP|Syringa Bancorp. |Financial|Regional - Pacific Banks
TBNK|Territorial Bancorp Inc. |Financial|Regional - Pacific Banks
PBCA|The Private Bank of California |Financial|Regional - Pacific Banks
TRVB|Tri-Valley Bank |Financial|Regional - Pacific Banks
TCBK|TriCo Bancshares |Financial|Regional - Pacific Banks
UMPQ|Umpqua Holdings Corporation |Financial|Regional - Pacific Banks
UABK|United American Bank |Financial|Regional - Pacific Banks
UBFO|United Security Bancshares |Financial|Regional - Pacific Banks
UIFC|Uniti Financial Corp. |Financial|Regional - Pacific Banks
VCBP|Valley Commerce Bancorp |Financial|Regional - Pacific Banks
WABC|Westamerica Bancorp. |Financial|Regional - Pacific Banks
WAL|Western Alliance Bancorporatio |Financial|Regional - Pacific Banks
ZION|Zions Bancorporation |Financial|Regional - Pacific Banks
FISB|1st Capital Bank |Financial|Regional - Pacific Banks
FCTY|1st Century Bancshares, Inc. |Financial|Regional - Pacific Banks
